wikidata_id,theme_id,note,nom,departement,osm_id,horaires,tarif,site_web,lat,lon
Q16336149,musees,Villa Fogazzaro Roi,Villa Fogazzaro Roi,013,node/6423807641,We-Su 10:00-18:00; Dec 2- Mar 15 off,yes,https://www.fondoambiente.it/luoghi/villa-fogazzaro-roi,46.021400,9.033336
,musees,Torre Matilde Museo Multimediale della Città di Viareggio,Torre Matilde Museo Multimediale della Città di Viareggio,046,node/12294457401,"Tu-Th 08:30-13:30; Fr 08:30-13:30,14:30-19:30; Sa-Su 10:00-13:00,16:00-19:00; Mo off",no,https://www.viareggiocultura.it/torre-matilde/,43.866315,10.253753
Q55391992,musees,Tipoteca italiana Fondazione - Museo della Stampa e del Design Tipografico,Tipoteca italiana Fondazione - Museo della Stampa e del Design Tipografico,026,node/611720447,"Mo-Sa 09:00-13:00, 14:00-18:00; PH off",yes,http://www.tipoteca.it/,45.832549,12.031349
Q55351973,musees,Südtiroler Obstbaumuseum,Südtiroler Obstbaumuseum,021,way/165530529,Mo-Fr 09:00-14:00; Sa 12:00-17:00,yes,https://www.obstbaumuseum.it/,46.599629,11.161491
Q21552312,musees,Scuderie Aldobrandini,Scuderie Aldobrandini,058,way/177880175,"Mo off; Tu-Fr 10:00-18:00; Sa,Su,PH 10:00-19:00",yes,http://www.scuderiealdobrandini.com,41.805906,12.680992
Q55370188,musees,Sale d'Arte,Sale d'Arte,006,node/3652451542,Tu-Su 15:00-19:00,yes,http://www.asmcostruireinsieme.it/sale-darte/,44.911751,8.619951
Q73005746,musees,SMO,SMO,030,node/2722896773,"Mo-Su 10:00-13:00, Mo-Su 14:00-18:00",no,https://www.smo-center.eu/,46.127224,13.484964
Q3936546,plages,Riserva Naturale di Collemeluccio–Montedimezzo,Riserva Naturale di Collemeluccio–Montedimezzo,094,way/490050688,09:30-16:30,no,https://www.riservamabaltomolise.it/,41.717403,14.348816
Q3880406,plages,Riserva Naturale Regionale Bosco Casale,Riserva Naturale Regionale Bosco Casale,070,way/270809731,Tu-Su 10:00-15:00,yes,http://www.lipumolise.altervista.org/,41.722009,14.877421
Q67638436,musees,Reptiland,Reptiland,022,node/2487104590,Mo-Su 12:00-19:00,yes,http://www.reptiland.it/,45.884797,10.841359
Q54855050,musees,Quadreria Cesarini. Casa Museo,Quadreria Cesarini. Casa Museo,041,node/9111235578,"Mo 10:00-13:00; Tu-Fr 10:00-13:00,15:00-18:00; Sa 10:00-13:00,15:30-18:30; Su,PH 15:30-18:30",yes,https://www.comune.fossombrone.ps.it/fileadmin/grpmnt/5659/Turismo/Casa-Museo_Quadreria_Cesarini_2020.pdf,43.688936,12.802771
Q69319959,musees,Plessi Museum,Plessi Museum,021,node/3465052257,"Mo-Su,PH 06:00-22:00",no,https://www.autobrennero.it/de/die-a22/kommunikation/plessi-museum/,46.994970,11.501430
Q125393345,musees,Pinacoteca Massimo Rao,Pinacoteca Massimo Rao,062,node/7701742052,"Su [2,4] 10:30-13:00; Dec 25,Jan 01 off || Mo-Su ""su prenotazione""",no,https://www.massimorao.it/,41.236359,14.498807
Q18796164,musees,"Pinacoteca Civica ""Il Guercino""","Pinacoteca Civica ""Il Guercino""",038,node/4751214939,"Fr-Su,PH 10:00-13:00,15:00-19:00",yes,https://civicapinacotecailguercino.it,44.728172,11.288970
Q21552328,musees,"Pinacoteca ""Michele De Napoli""","Pinacoteca ""Michele De Napoli""",072,node/347426173,Tu 08:00-13:00; We-Su 10:00-13:00; Oct 01-Mar 31: Fr-Su 16:00-19:00; Apr 01-Sep 30: Fr-Su 17:00-20:00,no,https://pinacoteca.comune.terlizzi.ba.it,41.129013,16.542695
Q92063704,musees,Parco ittico Paradiso,Parco ittico Paradiso,098,way/572719424,"Mar-Sep Mo-Fr 09:00-17:30; Mar-Sep PH,Sa,Su 09:00-19:00",yes,https://www.parcoittico.it/,45.387773,9.445117
Q110461130,musees,Paper Mills Museum / Museo delle Cartiere,Paper Mills Museum / Museo delle Cartiere,024,node/11880478132,Mo-Fr off; Sa-Su 10:00-18:00,yes,https://www.museialtovicentino.it/museo/museo-delle-cartiere-di-oliero/,45.846136,11.667928
Q3893449,megalithes,Pantheon di Santa Maria in Stelle,Pantheon di Santa Maria in Stelle,023,way/138992381,"Sa 10:00-12:00,15:00-17:00 ""Su appuntamento"", Su 15:00-17:00 ""Su appuntamento""",donation,https://www.ipogeostelle.it/index.php,45.496889,11.038069
Q3867981,musees,Mutseu / Museo Sant'Eulalia,Mutseu / Museo Sant'Eulalia,118,node/1670392027,"Nov 01-Mar 21 09:30-16:00; Mar 22-Oct 31 10:00-13:00,16:00-19:00",yes,http://www.mutseu.org,39.214578,9.114628
Q3841681,musees,Musma,Musma,077,node/2229592221,Mo-Su 10:00-18:00,yes,https://www.musma.it/,40.666118,16.612251
Q21552292,musees,Museo navale,Museo navale,008,way/225512964,Tu-We 10:00-13:00; Sa-Su 15:00-22:00,yes,https://navale.imperiamusei.it/,43.879597,8.019373
Q55677776,musees,Museo il Mondo dei Treni in miniatura,Museo il Mondo dei Treni in miniatura,024,node/6520406767,"Fr 21:00-23:00; Su[1] 15:00-18:30; PH off; Aug,Nov off, Dec 26,Jan 06,easter +1 day 15:00-18:30",no,https://fermodellistialtovicentino.it/,45.718044,11.358190
Q3868311,musees,Museo diocesano d'Arte Sacra,Museo diocesano d'Arte Sacra,001,node/6433991663,"""by appointment""",no,https://www.centroculturalediocesano.it/museo-di-giaglione.html,45.141995,7.014906
Q2223812,musees,Museo diocesano Chiesa di Sant'Agostino,Museo diocesano Chiesa di Sant'Agostino,081,way/105519298,"Mo-Fr 10:00-13:00; Sa-Su 10:00-13:00, 16:00-19:00",yes,https://comune.trapani.it/turismo/chiesa-santagostino/,38.014862,12.509821
Q55360161,musees,Museo di Storia della Medicina,Museo di Storia della Medicina,058,node/6499298187,Mo-Fr 09:30-17:30,no,https://web.uniroma1.it/museostoriamedicina/,41.904863,12.514116
Q3868211,musees,Museo di Fisica,Museo di Fisica,063,node/11813405712,"Tu,We,Fr 09:00-13:30; Mo,Th 09:00-13:30, 14:15-16:30",yes,https://www.museiscienzenaturaliefisiche.it/it/musei/museo-di-fisica.html,40.846114,14.256597
Q55360153,musees,Museo di Fisica,Museo di Fisica,058,node/6500741290,"Tu 14:00-17:00, Fr 11:00-14:00 ""by appointment""",no,https://web.uniroma1.it/polomuseale/museo-fisica,41.901647,12.515752
Q55368995,musees,Museo dell’agricoltura e del mondo rurale,Museo dell’agricoltura e del mondo rurale,035,node/5586976255,"Mo-Fr 09:00-12:30; Sa 09:00-12:30; Su,PH 10:00-12:30,15:30-19:00",yes,https://museodellagricolturaedelmondorurale.com/,44.732810,10.784718
Q16336128,musees,Museo dello sbarco e Salerno Capitale,Museo dello sbarco e Salerno Capitale,065,node/2626774758,"Tu-Su 10:00-13:00,16:00-19:30; Mo off",yes,http://www.salerno1943-1944.com/,40.646960,14.817397
Q3868479,musees,Museo delle storie di Bergamo - Convento di San Francesco,Museo delle storie di Bergamo - Convento di San Francesco,016,node/12091685560,"Oct 01-May 31: Tu-Su 09:30-13:00,14:30-18:00; Jun 01-Sep 30 Tu-Fr 10:00-13:00,14:30-18:00; PH,Sa,Su 10:00-19:00; Jan 01,Dec 25 off",yes,https://www.museodellestorie.bergamo.it/luogo/convento-san-francesco/,45.705273,9.665188
Q67644601,musees,Museo delle guide,Museo delle guide,022,node/335605379,We-Mo 15:00-19:00+,no,https://www.campigliodolomiti.it/it/storia-cultura/musei-masi-corti-palazzi/museo-delle-guide-e-delle-genti-di-campiglio,46.228172,10.827842
Q3868157,musees,Museo delle Palafitte del Lago di Ledro,Museo delle Palafitte del Lago di Ledro,022,way/66764505,Mar-Jun Mo-Su 09:00-17:00; Jul-Aug Mo-Su 09:00-18:00; Sep-Nov Mo-Su 09:00-17:00; Dec 01-24 Mo-Su 09:00-17:00; Dec 25-30 Mo-Su 09:00-17:00,yes,https://www.palafitteledro.it/,45.873984,10.765412
Q3328414,musees,Museo delle Navi Romane,Museo delle Navi Romane,058,way/33548248,"Tu-Su 10:00-16:00; Mo off; Jan 1, May 1, Dec 25 off",no,http://www.itnw.roma.it/ostia/scavi/showquestion.php?faq=1&fldAuto=12,41.787056,12.254155
Q3868143,musees,Museo delle Genti d'Abruzzo,Museo delle Genti d'Abruzzo,068,node/7126401223,Mo-Fr 09:00-13:00; Sa-Su 16:00-20:00,yes,https://www.gentidabruzzo.com/,42.462034,14.213127
Q53709935,musees,Museo della maschera,Museo della maschera,006,node/12881529488,May-Oct Su [2] 15:00-19:00,no,http://www.museodellamaschera.it/Sito_Masch/Home.html,44.671283,8.647539
Q55674391,musees,Museo della civiltà contadina,Museo della civiltà contadina,050,node/1773373661,"Su 09:30-12:30,15:30-19:30",no,https://www.museociviltacontadinamontefoscoli.it/,43.577293,10.755197
Q30888469,musees,Museo della Zecca,Museo della Zecca,046,node/9132010191,Mo-Fr 09:30-12:30,yes,https://zeccadilucca.it,43.842860,10.495799
Q55379152,musees,Museo della Via Spluga e della Val San Giacomo,Museo della Via Spluga e della Val San Giacomo,014,node/1891901763,10:00 - 12:00,yes,https://www.museoviaspluga.it/,46.406132,9.352578
Q55674602,musees,Museo della Vecchia Officina - Miniere di Calamita,Museo della Vecchia Officina - Miniere di Calamita,049,node/5593931720,"Mo-Su,PH 10:00-15:00",yes,https://www.minieredicalamita.it/,42.716770,10.394936
Q3868115,musees,Museo della Tecnica Elettrica,Museo della Tecnica Elettrica,018,way/149246826,"Mo-Th 09:00-12:00, Fr ""by appointment"", Sa, Su 10:00-18:00",yes,http://museotecnica.unipv.eu,45.204953,9.134975
Q27992921,musees,Museo della Scrittura Meccanica,Museo della Scrittura Meccanica,004,node/8284219977,"""by appointment""",no,https://www.braservizi.com/educational/museo-della-scrittura-meccanica/,44.685084,7.839683
Q3868045,musees,Museo della Repubblica Romana e della memoria garibaldina,Museo della Repubblica Romana e della memoria garibaldina,058,node/6497896682,"Tu-Fr 10:00-14:00; Sa,Su,PH 10:00-18:00; Mo off; Jan 1 off; May 1 off; Dec 25 off",no,https://www.museodellarepubblicaromana.it/it/il_museo/editoriale,41.888395,12.461494
Q3963841,musees,Museo della Permanente,Museo della Permanente,015,node/9571069016,"Mo-Su 10:00-13:00, 14:30-18:30",yes,https://www.lapermanente.it/,45.476594,9.195513
Q28047517,musees,Museo della Fisica Giovanni Poleni,Museo della Fisica Giovanni Poleni,028,node/1495212302,Su 15:00-19:00,yes,https://www.musei.unipd.it/it/fisica,45.410414,11.885772
Q55373635,musees,Museo della Civiltà Contadina di Gaville,Museo della Civiltà Contadina di Gaville,048,node/5817463911,"Apr-Jun,Sep-Oct: Su 15:00-18:00",no,http://www.museogaville.it/,43.586651,11.428508
Q55673701,musees,Museo della Civiltà Contadina,Museo della Civiltà Contadina,080,way/972481631,Chiuso definitivamente,no,https://comune.scido.rc.it/vivere-il-comune/luoghi/museo-della-civilta-contadina/,38.245517,15.933415
Q55673402,musees,Museo della Certosa,Museo della Certosa,102,node/1945124996,"Mo-Su 10:00-13:00,15:00-17:00; Jan 01 off, easter off, Nov 02 off, Dec 25-26 off",yes,https://www.museocertosa.org/,38.566325,16.319692
Q27992927,musees,Museo della Bicicletta,Museo della Bicicletta,004,node/8284245931,"""by appointment""",no,https://www.braservizi.com/educational/museo-della-bicicletta/,44.684859,7.839474
Q55375606,musees,Museo dell'Ossidiana,Museo dell'Ossidiana,115,way/294225867,"Oct 01-Mar 31 We-Su 10:00-12:00,15:00-18:00; Apr 01-Sep 30 We-Su 10:00-12:00,16:00-19:00",yes,https://www.museossidiana.it/,39.792819,8.802992
,musees,"Museo dell'Orologio da Torre ""G.B. Bergallo""","Museo dell'Orologio da Torre ""G.B. Bergallo""",009,way/202331656,Oct-May: Fr-Su 15:00-18:00; Jun-Aug: Fr-Su 17:00-21:00; Sep Fr-Su 16:00-20:00,yes,https://www.museodellorologio.it,44.190078,8.260655
Q3329813,musees,Museo dell'Artigianato Valdostano di tradizione,Museo dell'Artigianato Valdostano di tradizione,007,way/151275029,"Apr 01-Jun 30: Tu-Su 10:00-12:30,13:30-17:00; Jul 01-Aug 31: Tu-Su 10:00-18:00; Sep 01-Oct 31: Tu-Su 10:00-12:30,13:30-17:00; Mo off; Jan 01 off; Dec 25 off",yes,https://www.lartisana.vda.it/,45.737761,7.487521
Q37870367,musees,Museo dell'Arte Vetraria,Museo dell'Arte Vetraria,009,node/972240047,"Tu-Su 15:00-19:00; Mo off; Jan 01 off; easter off, Dec 25-26 off",yes,https://www.museodelvetro.org/,44.336119,8.342077
Q3867987,musees,Museo del tessile e della tradizione industriale bustese,Museo del tessile e della tradizione industriale bustese,012,way/96255563,"Tu,We,Th 14:30-18:00; Fr 09:30-13:00, 14:30-18:00; Sa 14:30-18:30; Su 15:00-18:30",no,https://www.comune.bustoarsizio.va.it/index.php/visita-busto/museo-del-tessile,45.614837,8.846864
Q68660455,musees,Museo del territorio,Museo del territorio,030,node/2366129988,"Jun-Jul,Sep: Sa 14:00-18:00, Jun-Jul,Sep: Su 12:00-18:00, Aug: Tu-Fr 10:00-12:00, Aug: Tu-Fr 14:00-18:00, Aug: Sa,Su 12:00-18:00",no,https://www.comune.dogna.ud.it/it/vivere-il-comune-69050/luoghi-69051/il-museo-del-territorio-72900,46.447876,13.315625
Q27992824,musees,Museo del bijou,Museo del bijou,019,node/5549726279,"Tu-Sa 10:00-12:00,15:00-18:00; Su,PH 15:00-19:00",yes,https://www.museodelbijou.it/,44.985709,10.416290
Q30889387,musees,Museo del Tesoro del Duomo,Museo del Tesoro del Duomo,002,node/10681103393,"Apr-Oct: Tu-Fr 15:00-18:00; Sa 10:00-12:00,15:00-18:00; Su 15:00-18:00; Nov-Mar: We-Fr 15:00-18:00; Sa 09:00-12:00,14:00-18:00; Su off; PH, Mo, Aug 13-26 off",yes,http://www.tesorodelduomovc.it,45.329805,8.423447
Q55369104,musees,"Museo del Territorio ""Luigi Ghirotti""","Museo del Territorio ""Luigi Ghirotti""",099,node/4449205701,"Jul-Aug Tu 09:00-13:30,20:30-23:00; Jul-Aug We-Sa 09:00-13:30; Sep-Jun Mo-Fr 09:00-14:00; Sep-Jun Th 09:00-14:00,15:00-18:00; PH off",no,https://www.comune.riccione.rn.it/museodelterritorio,43.994397,12.652272
Q3867971,musees,Museo del Salame di Felino,Museo del Salame di Felino,034,way/179710646,"Mar 01-Dec 08: Sa, Su-PH 10:00-18:00",yes,https://salamedifelino.museidelcibo.it/,44.694903,10.243769
Q88541099,musees,Museo del Risparmio,Museo del Risparmio,001,node/6434268049,Mo-Su 10:00-19:00; Tu off,yes,https://www.museodelrisparmio.it/,45.071948,7.680148
,musees,Museo del Profumo,Museo del Profumo,015,node/9570889992,"Mo-Su 10:00, 15:00 ""by appointment""",yes,https://museodelprofumo.it/,45.488870,9.170695
Q55391741,musees,Museo del Piropo,Museo del Piropo,004,node/6419506314,Mar-Oct: Su 14:30-18:30,no,https://www.beniculturali.it/luogo/museo-del-piropo,44.626695,7.366884
Q3867957,musees,Museo del Mare,Museo del Mare,049,node/4096962706,Mo-Fr 09:30-13:30,no,http://www.biomare.it/,42.921429,10.526174
Q27992746,musees,Museo del Giocattolo,Museo del Giocattolo,004,node/4343768053,"Su 10:00-12:30,15:00-18:30; Mo-Fr ""by appointment""",yes,http://www.museodelgiocattolobra.it,44.695510,7.846673
Q20008341,musees,Museo del Fantastico e della Fantascienza,Museo del Fantastico e della Fantascienza,001,node/6422388352,Th-Su 15:30-19:00,yes,https://www.mufant.it,45.107143,7.691495
Q68298731,musees,Museo del Baco da Seta,Museo del Baco da Seta,003,node/1627079097,"""by appointment""",no,https://www.comune.cressa.no.it/it-it/vivere-il-comune/cosa-vedere/museo-del-baco-da-seta-30845-1-cde2049e601f0d4a9b604f1dbd21f2be,45.648580,8.508705
Q3867886,musees,Museo degli orologi da torre,Museo degli orologi da torre,062,way/327729643,"Tu-Su 09:00-13:00,15:00-18:00",yes,https://www.comune.sanmarcodeicavoti.bn.it/new/museo-degli-orologi/,41.308029,14.876660
Q107369545,musees,Museo d'arte Paolo Pini,Museo d'arte Paolo Pini,015,node/8064773204,"Mo-Fr 09:00-16:00, Sa-Su off",no,https://www.mapp-arca.it/,45.521561,9.163971
Q3867867,musees,Museo d'arte Moderna e contemporanea Antonio Ortiz Echagüe,Museo d'arte Moderna e contemporanea Antonio Ortiz Echagüe,114,way/296547906,"Jun-Aug Tu-Su 10:00-13:00,15:00-19:00; Sep-May Tu-Su 10:00-13:00,16:00-19:00",yes,http://web.tiscali.it/balero/,39.991549,9.075085
Q27992938,musees,Museo civico archeologico etnografico Carlo Giacomo Fanchini,Museo civico archeologico etnografico Carlo Giacomo Fanchini,003,node/6225334165,Mo-Fr 09:00-12:00; Sa 15:30-18:30; Su[-1] 15:30-18:30; Sa[-1] off,no,http://museo.comune.oleggio.no.it,45.596066,8.638566
Q3867795,musees,"Museo civico archeologico della Città romana di Suasa ""Alvaro Casagrande""","Museo civico archeologico della Città romana di Suasa ""Alvaro Casagrande""",042,node/3669921809,Fr-Su 16:00-20:00,yes,https://www.progettosuasa.it/,43.609043,12.977209
Q3867774,musees,Museo civico Duilio Cambellotti,Museo civico Duilio Cambellotti,059,node/5070171856,"Mo-Sa 10:00-13:30,15:00-19:00; Su off",yes,https://museocambellotti.cittadifondazione.it/,41.464999,12.903581
Q16336782,musees,Museo archeologico territoriale della penisola sorrentina Georges Vallet,Museo archeologico territoriale della penisola sorrentina Georges Vallet,063,node/3581704750,Tu-Sa 09:00-18:50; Mo off,yes,http://www.polomusealecampania.beniculturali.it/index.php/il-museo-gvallet,40.638032,14.402098
Q3868236,musees,Museo Universitario di Chieti,Museo Universitario di Chieti,069,node/3278566861,Tu-Fr 09:00-19:30; Sa-Su 15:00-20:00,yes,https://www.museo.unich.it/,42.346126,14.165183
Q55376741,musees,Museo Tazio Nuvolari,Museo Tazio Nuvolari,020,node/6448384445,"Tu-Fr 15:00-18:00; Sa-Su 11:00-18:00; Mo off; ""only appointment""",yes,https://www.tazionuvolari.it/it/,45.152652,10.790615
Q3867629,musees,Museo Tattile Statale Omero,Museo Tattile Statale Omero,042,node/469094013,"Sep-Jun Tu-Sa 16:00-19:00; Sep-Jun PH,Su 10:00-13:00,16:00-19:00; Jul-Aug Tu-Sa 17:00-20:00; Jul-Aug Fr,Su 10:00-13:00,17:00-20:00; Aug 15 10:00-13:00,17:00-20:00; Jan 01,Dec 24,25,31 off",no,https://www.museoomero.it/main?pp=pagina_iniziale,43.613977,13.503700
Q54854695,musees,Museo Storico Aeronautico,Museo Storico Aeronautico,042,node/11023063270,"Sa-Su 10:30-12:30,16:30-19:30",no,https://museostoricoaeronautico.it/,43.440345,13.607794
Q1251366,musees,Museo Scienze Naturali - Naturmuseum,Museo Scienze Naturali - Naturmuseum,021,node/4728979210,Tu-Su 10:00-18:00; Mo off,yes,https://www.natura.museum/,46.501118,11.357096
Q3868200,musees,Museo Santa Cecilia di Organi Meccanici Antichi,Museo Santa Cecilia di Organi Meccanici Antichi,053,node/3587647657,"Jun-Sep: 10:30-13:00,15:30-19:00; Oct-May: 10:30-12:30,15:00-18:00",yes,https://www.museodegliorgani.it/,43.051294,10.892442
Q53673070,musees,Museo Regionale Etnografico e della Stregoneria,Museo Regionale Etnografico e della Stregoneria,008,way/201495985,"Apr 01-Jun 30: Mo-Fr 15:00-18:30; Sa, Su, PH 10:30-12:00, 15:00-18:30; Jul 01-Sep 30: Mo-Su, PH 10:30-12:00, 15:00-18:30; Oct 01-Mar 31: Mo-Fr 14:30-18:00; Sa, Su, PH 10:30-12:00, 14:30-18:00",yes,https://www.museotriora.it/,43.992868,7.765461
Q3867631,musees,Museo Pietro Micca,Museo Pietro Micca,001,way/435784636,Tu-Su 10:00 -18:00; Mo off,yes,https://www.museopietromicca.it/,45.072057,7.668525
Q55677851,musees,Museo Nazionale della Preistoria della Valle Camonica,Museo Nazionale della Preistoria della Valle Camonica,017,node/6447660497,Tu 09:00-13:00; We-Su 14:00-18:00; Mo off,yes,https://www.mupre.capodiponte.beniculturali.it/index.php?it/1/home,46.030472,10.344166
Q21153574,musees,Museo Nazionale Atestino,Museo Nazionale Atestino,028,way/44167244,Mo-Su 08:30-19:30,yes,http://www.atestino.beniculturali.it/,45.229551,11.656426
Q48804666,musees,Museo Meina,Museo Meina,003,node/5046800533,Sa-Su 16:00-19:00,yes,https://www.museomeina.it,45.780943,8.541319
Q73488929,musees,Museo Leonardo da Vinci e Archimede,Museo Leonardo da Vinci e Archimede,089,node/5066377320,Mo-Su 10:30-19:00,yes,https://www.archimededisiracusa.it/,37.062941,15.294326
Q55376949,musees,Museo Internazionale del Design Ceramico - MIDeC,Museo Internazionale del Design Ceramico - MIDeC,012,node/11118253846,"Tu-Th 10:00-12:30; Oct 01-Jun 30 Fr 10:00-12:30,14:00-17:00; Jul 01-Sep 30 Fr-Sa 15:00-21:45; Oct 01-Jun 30 Sa-Su 10:00-13:00,14:00-17:00; Jul 01-Sep 30 Su 10:00-13:00,14:30-19:00; Mo closed; PH closed",yes,https://midec.org/,45.897963,8.596683
Q3867905,musees,Museo Internazionale dei Tarocchi,Museo Internazionale dei Tarocchi,037,node/10992275738,"Apr 01-Nov 30 ""by appointment""",yes,https://www.museodeitarocchi.com/,44.230444,11.063034
Q55376600,musees,Museo Interattivo del Cinema,Museo Interattivo del Cinema,015,node/2521648565,Fr-Su 15:00-20:30; Tu-Th 15:00-19:00; Mo off; PH off,yes,https://www.cinetecamilano.it/attivita/visita-il-mic,45.513567,9.204017
Q112174202,musees,Museo Hemingway e della Grande Guerra,Museo Hemingway e della Grande Guerra,024,node/6824884157,"We-Su 10:00-13:00,15:00-18:00; Jan 01,Dec 24,Dec 25 off",yes,https://www.museohemingway.it/ita/,45.777808,11.731568
Q27992861,musees,Museo Grotte di Catullo,Museo Grotte di Catullo,017,way/124113631,"Mo 08:30-14:00, Tu-Sa 08:30-19:30, Su 10:00-19:30; Jan 01 off; Dec 25 off",yes,https://museilombardia.cultura.gov.it/musei/grotte-di-catullo-e-museo-archeologico-di-sirmione/,45.500237,10.605926
Q55686005,musees,Museo Giacomo Manzù,Museo Giacomo Manzù,058,node/7172234527,"Tu-Su 09:00-19:00; Mo, Jan 1, Dec 25 off",no,https://www.polomusealelazio.beniculturali.it/index.php?it/247/museo-giacomo-manz,41.607996,12.541241
Q98951041,musees,Museo Ferroviario di Suno,Museo Ferroviario di Suno,003,node/7883529341,Sa[1],no,http://www.museoferroviariosuno.it,45.620497,8.519405
Q55375982,musees,Museo Etnografico e Naturalistico Val Sanagra,Museo Etnografico e Naturalistico Val Sanagra,013,node/1209741522,"Jan-Dec Su[-1] 10:00-12:30,14:30-17:30; May-Sep Su[2] 10:00-12:30,14:30-17:30",no,https://www.museovalsanagra.it,46.030884,9.207903
Q3868361,musees,"Museo Etnografico ""C'era una volta""","Museo Etnografico ""C'era una volta""",006,node/3456136069,"Mo,Tu,Th,Fr,Sa 09:00-12:00, 16:00-19:00; We 09:00-12:00; Su 16:00-19:00",yes,https://www.museogambarina.it,44.915698,8.618006
Q55375345,musees,Museo Etnografico,Museo Etnografico,119,node/956151760,"Mo-Su 10:00-13:00,15:00-20:00",yes,https://startuno.it/mulino/,39.435789,8.497469
Q55829263,musees,Museo Erbario,Museo Erbario,058,node/6500631681,"Mo-Fr 09:30-13:30; 14:00-18:00 ""by appointment""",no,https://web.uniroma1.it/erbario/,41.902766,12.516962
Q3868319,musees,Museo Diocesano d'Arte Sacra,Museo Diocesano d'Arte Sacra,001,way/291983703,"Jul-Aug Mo,Su 15:00-18:30; Jul-Aug Tu-Sa 09:30-12:00,15:00-18:30; Sep-Jun Mo-Fr off; Sep-Jun Sa,Su 14:30-18:00",yes,http://www.centroculturalediocesano.it/,45.136987,7.047674
Q53709929,musees,Museo Diocesano,Museo Diocesano,078,way/303735074,Mo-Sa 08:30-13:30,no,https://www.museodiocesanocosenza.it/,39.288436,16.261133
Q3868251,musees,"Museo Diffuso della Resistenza, della Deportazione, della Guerra, dei Diritti e della Libertà","Museo Diffuso della Resistenza, della Deportazione, della Guerra, dei Diritti e della Libertà",001,node/6433974757,"Tu,We,Fr-Su 10:00-18:00; Mo off",yes,https://www.museodiffusotorino.it/Home,45.075819,7.674200
Q27992733,musees,Museo Crespi Bonsai,Museo Crespi Bonsai,015,node/6432767564,"Mo 14:30-18:30; Tu-Sa 09:30-12:30,14:30-18:30",yes,https://www.crespibonsai.com/it/content/15-museo-crespi-bonsai,45.570741,8.957377
Q27992744,musees,Museo Civico di Storia Naturale Craveri,Museo Civico di Storia Naturale Craveri,004,way/368083379,"Mo-Th 15:00-18:00; Fr-Sa off; Su 10:00-12:30,15:00-18:00; Mo-Fr 08:30-12:30 ""educational activities""",yes,https://www.museidibra.it/museocraveri,44.700937,7.851820
Q30888845,musees,Museo Civico Floriano Bodini,Museo Civico Floriano Bodini,012,node/3816747721,"Sa-Su 10:30-12:30,15:00-18:00; Mo-Fr off; PH off",yes,https://www.museobodini.it/,45.880049,8.675312
Q3329420,musees,Museo Civico Archeologico delle Acque di Chianciano Terme,Museo Civico Archeologico delle Acque di Chianciano Terme,052,node/2575548693,"Nov-Mar: Sa,Su 10:00-13:00,15:00-18:00",yes,https://www.museoetrusco.it/,43.058332,11.825651
Q15939615,musees,Museo Civico Archeologico Giovanni Rambotti,Museo Civico Archeologico Giovanni Rambotti,017,node/6445946708,"Apr-Sep: Tu,Th 09:00-13:00; Fr,Sa,Su 09:30-12:30,14:30-19:00; Mo,We off; Jan 01,Jan 06,easter,Nov 01,Dec 08,Dec 25,Dec 26 off",yes,https://www.museorambotti.it/,45.468196,10.543802
Q55370155,musees,Museo Civico Archeologico - Castello dei Paleologi,Museo Civico Archeologico - Castello dei Paleologi,006,way/160645862,"May 01-Sep 30: We-Su 10:00-13:00,16:00-20:00; Oct 01-Apr 30: We-Sa 09:30-13:30,15:30-17:30; Su 11:00-13:30,15:30-17:30; Mo,Tu off",yes,https://www.acquimusei.it,44.673915,8.472533
Q54854704,musees,Museo Civico Archeologico,Museo Civico Archeologico,042,node/1962972167,"10:00-13:00,15:30-18:30",yes,https://www.sassoferratoturismo.it/museo-civico-archeologico/,43.435781,12.858371
Q55376900,musees,Museo Civico Archeologico,Museo Civico Archeologico,012,node/6441209608,"May 15-Sep 14: Th 10:00-13:00; Sa,Su 14:30-18:30; Sep 15-Dec 20, Feb 1-May 14: We,Th 10:00-13:00; Su 14:30-18:30; Dec 20-Jan 31: off",no,https://www.angera.it/it/esplora/luoghi/civico-museo-archeologico,45.773265,8.576565
Q3867796,musees,"Museo Civico ""Antonin Celeste Simonini""","Museo Civico ""Antonin Celeste Simonini""",036,node/4770998267,"Tu,Fr 09:00-12:30; Sa,Su 15:00-20:00",no,https://www.comune.castelfranco-emilia.mo.it/amministrazione/uffici/museo-civico-archeologico,44.594813,11.053589
Q18670440,musees,Museo Civico,Museo Civico,024,node/1421185933,We-Mo 10:00-19:00,yes,http://museibassano.it,45.766541,11.735252
Q55370591,musees,Museo Arti e Mestieri di un Tempo,Museo Arti e Mestieri di un Tempo,005,node/4774312039,Tu-Su 15:00-19:00,yes,https://museoartiemestieri.wordpress.com,44.826902,8.004917
Q1115335,musees,Museo Archeologico della Valle Sabbia,Museo Archeologico della Valle Sabbia,017,node/2470526928,"Mo-Fr 09:00-13:00; Th 14:00-17:00; Fr 20:30-21:30; Su 14:30-18:30; Sa, PH off",yes,http://museoarcheologicogavardo.it,45.584611,10.438712
Q55350141,musees,Museo Archeologico del Finale,Museo Archeologico del Finale,009,node/1686489622,"Jun 15-Sep 19: Tu-Su 10:00-13:00,16:00-19:00; Sep 20-Jun 14: Tu-Su 09:00-12:00,14:30-17:00",yes,http://www.museoarcheofinale.it/,44.175862,8.326335
Q3867688,musees,Museo Archeologico Storico Storia Naturale,Museo Archeologico Storico Storia Naturale,097,node/6455927608,"Tu 10:00-14:00; We-Su 10:00-18:00; Jan 01,easter,May 01,Dec 25-26 off",yes,http://www.museilecco.org/oraritariffe.htm,45.859581,9.397693
Q3867737,musees,Museo Archeologico Statale di Arcevia,Museo Archeologico Statale di Arcevia,042,node/3048889753,"Mo,Tu,Fr,Sa 08:30-13:00; We,Th 14:00-19:00; Su [1,2] 14:00-19:00, Su [3,4,5] 08:30-13:00",yes,https://musei.beniculturali.it/musei?mid=202&nome=museo-archeologico-statale-di-arcevia,43.500020,12.940895
Q3329493,musees,Museo Archeologico Regionale / Musée archéologique régional,Museo Archeologico Regionale / Musée archéologique régional,007,node/4548989643,"Apr-Sep: Mo-Su 09:00-19:00; Oct-Mar: Mo-Su 10:00-13:00, 14:00-18:00; Jan 1 off; Dec 25 off",yes,https://www.regione.vda.it/cultura/mostre_musei/musei/mar_aosta/default_i.aspx,45.738624,7.316098
Q55359472,musees,Museo Archeologico Nazionale di Verona,Museo Archeologico Nazionale di Verona,023,node/6632752551,Fr-Su 10:00-18:00; Mo-Th off,yes,https://www.beniculturali.it/luogo/museo-archeologico-nazionale-di-verona,45.441970,11.002668
Q3868430,musees,Museo Archeologico Nazionale di Locri Epizefiri,Museo Archeologico Nazionale di Locri Epizefiri,080,way/1072989607,Tu-Su 09:00-20:00; Mo off,yes,https://www.beniculturali.it/evento/locri-epizefiri-inaugurazione-del-nuovo-allestimento-del-museo-archeologico-nazionale,38.210159,16.240494
Q3867704,musees,Museo Archeologico Nazionale del Sannio Caudino,Museo Archeologico Nazionale del Sannio Caudino,062,node/2392684639,Tu-Su 09:00-19:00; Mo off,yes,http://www.polomusealecampania.beniculturali.it/index.php/il-museo-montesarchio,41.068653,14.643133
Q3867665,musees,Museo Archeologico Nazionale d'Abruzzo - La Civitella,Museo Archeologico Nazionale d'Abruzzo - La Civitella,069,way/137473583,"We,Fr,Sa,Su,PH 08:30-19:30; Mo,Tu,Th off",yes,https://www.musei.abruzzo.beniculturali.it/musei?mid=316&nome=museo-archeologico-nazionale-la-civitella,42.345168,14.162334
Q3329481,musees,Museo Archeologico Nazionale Gaio Cilnio Mecenate,Museo Archeologico Nazionale Gaio Cilnio Mecenate,051,node/2488595740,Mo-We 09:00-14:00; Th-Sa 09:00-19:30,yes,https://www.polomusealetoscana.beniculturali.it/index.php?it/196/arezzo-museo-archeologico-nazionale-gaio-cilnio-mecenate,43.460721,11.879572
Q3867696,musees,Museo Archeologico Nazionale G. Carettoni,Museo Archeologico Nazionale G. Carettoni,060,way/169339670,"Mo-Su 09:00-19:00; Jan 1, Dec 25 off",yes,https://www.polomusealelazio.beniculturali.it/index.php?it/561/museo-archeologico-nazionale-g-carettoni-e-area-archeologica-di-casinum,41.483365,13.823145
Q3867694,musees,Museo Archeologico Lametino,Museo Archeologico Lametino,079,node/2695349417,Tu-Su 09:00-19:00,no,https://musei.calabria.beniculturali.it/musei?mid=1362&nome=museo-archeologico-lametino,38.974600,16.319036
Q3867698,musees,Museo Archeologico Ibleo,Museo Archeologico Ibleo,088,node/2313283265,"Sa,Su 09:00-18:30",no,https://www.regione.sicilia.it/beniculturali/dirbenicult/database/page_musei/pagina_musei.asp?ID=28&IdSito=67&IdC=&IdS=&IdAS=,36.923931,14.727016
Q27992939,musees,Museo Archeologico Genna Maria,Museo Archeologico Genna Maria,117,node/3708371943,"Mo-Sa 09:30-13:00,15:30-18:30",yes,https://www.gennamaria.it/,39.632775,8.868382
Q69328386,musees,Museo Archeologico Faggiano,Museo Archeologico Faggiano,075,node/3874335810,Mo-Su 09:30-20:00,yes,http://www.museofaggiano.it,40.350109,18.172383
Q72709277,musees,Museo Archeologico / Etnografico Palazzo Atzori,Museo Archeologico / Etnografico Palazzo Atzori,115,node/1593356518,"Jun 22-Sep 22: Tu-Su 09:00-13:00,16:30-19:30; Sep 23-Mar 20: Tu-Su 09:00-13:00,15:00-17:30; Mar 23-Jun 21: Tu-Su 09:00-13:00,15:30-18:30",yes,http://museoatzori.altervista.org/,40.082927,8.763209
Q55360658,musees,Museo Archeoambientale,Museo Archeoambientale,037,node/361141712,"Su 10:00-12:00, 17:00-19:00; Jul-Aug off",yes,https://museoarcheologicoambientale.it/,44.640332,11.189107
Q56261148,musees,Museo Agusta,Museo Agusta,012,way/353459809,"Tu,We 14:00-18:00; Su 09:30-12:30,14:00-18:00",yes,https://www.museoagusta.it/,45.631845,8.747957
Q3329417,musees,MuVet,MuVet,053,way/722825426,"Apr 1-May 31 Tu-Su 10:00-18:00; Apr 1-May 31 Mo off; Jun 1-Sep 15 Tu-Su 10:00-14:00, 15:00-19:00; Jun 1-Sep 15 Mo off; Sep 16-Oct 31 Tu-Su 10:00-18:00; Sep 16-Oct 31 Mo off; Nov 1-Dec 31 Tu-Su 10:00-16:00; Nov 1-Dec 31 Mo off; Dec 25-26 off; PH off",yes,https://www.museoisidorofalchi.it/,42.859567,10.970796
Q3936653,plages,Montedimezzo Riserva Naturale MAB - Unesco,Montedimezzo Riserva Naturale MAB - Unesco,094,way/125212517,Mo-Fr 08:00-16:00;Sa-Su 08:00-17:00;PH 08:00-17:00,no,https://www.riservamabaltomolise.it/,41.757743,14.212870
Q55352675,musees,Messner Mountain Museum Ortles,Messner Mountain Museum Ortles,021,way/529002034,"Mo-Su 14:00-18:00; Tu,PH off",yes,https://www.messner-mountain-museum.it/ortles/museum/,46.530431,10.579253
Q55677397,musees,Maranatha Krippennmuseum - Maranatha museo dei presepi,Maranatha Krippennmuseum - Maranatha museo dei presepi,021,way/136900937,"Mo-Sa 09:00-12:00,14:00-18:00; Su 14:00-17:00; PH off",yes,https://www.krippenmuseum.com/,46.951594,11.918754
Q3867978,musees,MUST,MUST,108,node/3758964728,"We,Th 10:00-13:00; Fr-Su 10:00-13:00,15:00-19:00",yes,https://www.museomust.it/,45.612083,9.370605
Q125703946,musees,MUSA - Museo del sale,MUSA - Museo del sale,039,node/12809430118,"Jun 01-Sep 15 Mo-Su 20:30-00:00; Sep 16-May 31 Sa, Su, PH 14:30-19:00; Mo, Tu 14:30-19:00; Sa, Su 09:30-12:30 ""by appointment""",yes,https://musa.comunecervia.it/it/,44.262863,12.350072
Q16337988,musees,MURATS - Museo Unico Regionale Arte Tessile Sarda,MURATS - Museo Unico Regionale Arte Tessile Sarda,115,way/293638649,"Apr-Oct Tu 10:00-13:00,17:00-20:00; Apr-Oct We-Su 09:30-13:00,17:00-20:00; Nov-Mar Tu 10:00-13:00,16:00-19:00; Nov-Mar We-Su 09:30-13:00,16:00-19:00",yes,https://www.murats.it/,39.955126,8.946850
Q3868388,musees,MIC Museo internazionale della calzatura,MIC Museo internazionale della calzatura,018,node/2532943721,"Tu-Fr 14:00 -17:30; Sa-Su,PH 10:00-18:00; Mo off",no,https://www.museocalzaturavigevano.it/it/,45.316947,8.856982
Q16337090,musees,MAGMA,MAGMA,053,way/200978609,"Sep-May Tu-Su 15:30-19:00; Jun-Aug Tu,Th,Su 09:00-13:00,17:30-21:30; Jun-Aug We,Fr 17:30-21:30;  Mo,PH off",yes,https://www.magmafollonica.it/,42.922651,10.762111
Q3867994,musees,MAEC - Museo dell'Accademia Etrusca e della Città di Cortona,MAEC - Museo dell'Accademia Etrusca e della Città di Cortona,051,node/1601704906,Apr 01-Oct 31: Mo-Su 10:00-19:00; Nov 01-Mar 31: Tu-Su 10:00-17:00; Mo off; Dec 25 off,yes,https://www.cortonamaec.org/,43.275429,11.984827
Q64143684,musees,M9 Museo 900,M9 Museo 900,027,node/6118418587,Mo-Fr 09:00-20:00; Tu off; Sa 10:00-21:30; Su 10:00-21:00,yes,https://www.m9digital.it/,45.491740,12.240923
Q3840616,musees,LunEur Park,LunEur Park,058,relation/3545457,We-Fr 12:00-18:00; Sa 10:00-20:00; Su 10:00-18:00,yes,https://www.luneurpark.it/,41.836477,12.476147
Q27031421,musees,Le Gallerie,Le Gallerie,022,node/446773163,Tu-Su 10:00-18:00,yes,https://museostorico.it/location/le-gallerie/,46.071760,11.113531
Q107149279,musees,Lanserhaus,Lanserhaus,021,node/1885120329,"Tu-Fr 15:00-18:00; Sa, Su 10:00-12:00, 15:00-18:00",no,https://www.eppan.eu/de/Lanserhaus,46.456168,11.259206
Q30064559,musees,La limonaia del Castel,La limonaia del Castel,017,node/7709961185,Mar 22-May 31 10:00-18:00; Jun 01-Sep 30 10:00-22:00; Oct 01-31 10:00-18:00,yes,http://www.comune.limonesulgarda.bs.it/index.asp?lang=1&menu=96&art=62,45.816035,10.792260
Q3867590,musees,La Casina delle Civette,La Casina delle Civette,058,way/190389788,"Mo-Su,PH 09:00-19:00",yes,https://www.museivillatorlonia.it/casina_delle_civette,41.914309,12.512965
Q56258452,musees,Il Museo della Carta,Il Museo della Carta,017,way/207118534,Mo-Su 10:00-18:00,yes,https://www.valledellecartiere.it/it/,45.649507,10.604029
Q20009206,grottes,Grotta Remeron,Grotta Remeron,012,node/2246771704,24/7,no,https://www.gruppogrottegallarate.it/speleologia/grotte/grotta-remeron-grotta-remerazzo/,45.859934,8.746202
Q55376526,musees,Galleria d'Arte Sacra dei Contemporanei,Galleria d'Arte Sacra dei Contemporanei,015,node/6424853356,Th-Fr 14:30-17:30; Sa 14:30-18:30; Su-We off,yes,https://www.villaclerici.it/galleria-darte-sacra-dei-contemporanei/,45.517980,9.189422
Q69547768,musees,Galleria Civica,Galleria Civica,116,node/3983086257,"Apr-Sep: Tu-Su 09:00-13:00,15:30-19:30; Oct-Mar: Tu-Su 09:00-13:00,15:00-17:30",yes,https://museiseui.altervista.org/,39.839693,9.324120
Q55372756,musees,Forum,Forum,103,way/203857815,Tu-Su 15:00-18:00,yes,www.forumomegna.org,45.878429,8.412077
Q21235335,megalithes,Fornaci romane di Lonato del Garda,Fornaci romane di Lonato del Garda,017,way/361318908,Su 10:00-17:00,yes,http://www.fornaciromanedilonato.it/fornaci,45.415945,10.507302
Q3747250,musees,Fonderia Napoleonica Eugenia,Fonderia Napoleonica Eugenia,015,node/6060106486,Sa 11:00-19:00; Su 10:00-19:00; Mo-Fr off,no,https://www.fonderianapoleonica.it/,45.492958,9.187541
,musees,Fondazione Museo di Palazzo Moroni,Fondazione Museo di Palazzo Moroni,016,way/167434759,We-Su 10:00-18:00,yes,https://fondoambiente.it/luoghi/palazzo-moroni,45.703431,9.667889
Q55372284,musees,Ecomuseo del Freidano,Ecomuseo del Freidano,001,node/5389727891,Sa-Su 15:00-18:00,no,http://www.ecomuseodelfreidano.it/index.php,45.137060,7.780199
Q67183022,musees,Eck Museum of Art,Eck Museum of Art,021,node/2749650579,"Mo,We,Fr,Su off; Tu,Th 10:00-16:00; Sa 10:00-12:00",yes,http://www.stadtmuseum-bruneck.it/,46.796282,11.941034
Q5311241,musees,Ducati Museum,Ducati Museum,037,node/6586689111,Mo-Su 09:00-18:00,yes,https://www.ducati.com/it/it/borgo-panigale-experience,44.516158,11.268432
Q3713404,musees,Domus Romana del Varrone,Domus Romana del Varrone,005,node/4805803221,Tu-Su 10:00-18:00,yes,https://www.fondazioneastimusei.it/domus-romana/,44.899250,8.196221
Q61723551,musees,Collezione Xilografica Mario Delitala,Collezione Xilografica Mario Delitala,114,node/4396897421,"Mo-Sa 07:30-14:00; Tu 07:30-14:00,15:00-18:00",no,https://www.comune.orani.nu.it/,40.250128,9.177437
Q59633221,musees,Classis Ravenna,Classis Ravenna,039,node/6113376241,"PH,Mo-Su 10:00-18:30",yes,https://classisravenna.it/,44.379935,12.237877
Q56421730,musees,Civico museo Parisi Valle,Civico museo Parisi Valle,012,way/125095154,"Fr-Su 10:00-12:00,15:00-18:00",no,https://www.museoparisivalle.it/,46.039976,8.733864
Q112944253,musees,Civico Museo Insubrico di Storia Naturale,Civico Museo Insubrico di Storia Naturale,012,node/11298117279,"""reservation by phone""",no,https://comune.clivio.va.it/contenuti/53231/civico-museo-insubrico-storia-naturale-visitor,45.862509,8.928156
Q3678768,musees,Civico Aquario Marino,Civico Aquario Marino,032,way/705613860,10:00-19:00; We off,no,https://www.aquariomarinotrieste.it/,45.648133,13.762602
Q16335817,musees,"Civici Musei di Villa Mirabello, Archeologico e Risorgimentale","Civici Musei di Villa Mirabello, Archeologico e Risorgimentale",012,node/731323722,"Tu-Su 09:30-12:30,14:00-18:00; Mo off; Jan 01,06,easter,May 01,Nov 01,Dec 24,31 14:00-18:00, Dec 25 off",yes,https://cultura.gov.it/luogo/civico-museo-archeologico-di-villa-mirabello,45.815774,8.822802
Q3678766,musees,Civiche raccolte d'arte di palazzo Marliani-Cicogna,Civiche raccolte d'arte di palazzo Marliani-Cicogna,012,node/3083605084,"Tu,We,Th 14:30-18:00; Fr 09:30-13:00, 14:30-18:00; Sa 14:30-18:30; Su 15:00-18:30; Mo off",no,https://www.comune.bustoarsizio.va.it/index.php/visita-busto/museopalazzomarlianicicogna/il-museo-e-la-sua-storia-cicogna,45.613569,8.851713
Q54855128,musees,Civica Raccolta d'Arte,Civica Raccolta d'Arte,042,node/1962972166,"10:00-13:00,15:30-18:30",yes,https://www.sassoferratoturismo.it/,43.436104,12.859018
Q55678857,megalithes,Cisternone Romano,Cisternone Romano,059,node/10788552367,"Mo-Su 10:30-12:30,17:00-20:30",yes,https://www.comune.formia.lt.it/home/vivere/luoghi/Luogo-7.html,41.255695,13.601045
Q3661799,musees,Casino Nobile,Casino Nobile,058,way/1168238301,"Tu-Su 09:00-19:00; Dec 24,31 09:00-14:00; Mo off; Jan 01 off; May 01 off; Dec 25 off",yes,https://www.museivillatorlonia.it/it/casino_nobile/il_casino_nobile,41.914795,12.511321
Q3867591,musees,Casa d'Arte Futurista Depero,Casa d'Arte Futurista Depero,022,node/1992954489,Tu-Su 10:00-18:00,yes,https://www.mart.tn.it/visita/visita-la-casa-d-arte-futurista-depero-123036,45.886960,11.045170
Q30066260,musees,Casa Masaccio - Galleria Comunale d'Arte Contemporanea,Casa Masaccio - Galleria Comunale d'Arte Contemporanea,051,node/1279640468,"Tu-Fr 15:00-19:00; Sa,Su 10:00-13:00,15:00-19:00",no,https://www.casamasaccio.it/,43.564084,11.531042
Q54854928,musees,Casa Leopardi,Casa Leopardi,043,node/3724486808,09:00-18:00,yes,https://www.giacomoleopardi.it/,43.398171,13.551960
Q17623900,musees,Casa Andriollo,Casa Andriollo,022,way/139940396,"Mar-Jun,Oct: Sa,Su 14:30-18:00; Mar-Jun,Oct: Mo-Fr,PH off; Jul-Sep: Sa,Su 10:30-12:00,15:00-18:30; Jul-Sep: Mo-Fr,PH off",yes,http://www.valsuganacultura.it/museodiffuso/casaandriollo.html,46.040962,11.464168
Q70342020,musees,Camera - Centro Italiano per la fotografia,Camera - Centro Italiano per la fotografia,001,node/4397157196,"Mo-We, Fr-Su 11:00-19:00; Th 11:00-21:00",yes,https://camera.to/,45.064237,7.690755
Q22691332,musees,Bergwerk Villanders - Miniera Villandro,Bergwerk Villanders - Miniera Villandro,021,node/2363309438,"Open from Easter until the end of October; Tu,Th 10:00-10:29,14:00-14:29; Su 10:00-10:29",yes,https://www.bergwerk.it/,46.654077,11.543538
Q3671783,musees,Battistero di San Pietro,Battistero di San Pietro,005,way/127582542,"Nov-Mar: Tu-Sa 10:00-13:00,15:00-18:00; Apr-Oct: Su 10:00-13:00,16:00-19:00",yes,https://www.comune.asti.it/pagina796_san-pietro-in-consavia.html,44.902692,8.213303
Q84035459,megalithes,Area Archeologica del Turriglio,Area Archeologica del Turriglio,004,way/532537728,sunrise-sunset,no,http://www.archeo.piemonte.beniculturali.it/index.php/it/musei/aree-archeologiche/68-aree-arch-prov-di-cuneo/289-area-archeologica-del-turriglio,44.695160,7.912824
Q123888801,musees,Archivio Museo Cesare Mattei,Archivio Museo Cesare Mattei,037,way/1274374359,"Apr-Oct Sa-Su 10:00-13:00,15:30-18:30; Nov-Mar Sa-Su 10:00-13:00,14:00-17:00",yes,https://www.rocchettacesaremattei.it/,44.228220,11.056512
Q73488757,musees,Antiquarium Pyrgense,Antiquarium Pyrgense,058,node/1217520276,"Tu,Th,Sa 9:00-13:00",no,http://www.etruriameridionale.beniculturali.it/index.php?it/150/antiquarium-di-pyrgi,42.016833,11.959416
Q3618772,musees,Antiquarium Arborense,Antiquarium Arborense,115,way/321312230,"Mo-Fr 09:00-20:00; Sa-Su 09:00-14:00,15:00-20:00",yes,https://www.antiquariumarborense.it/,39.904468,8.592715
Q3867667,musees,mab - Museo Archeologico Ferruccio Barreca,mab - Museo Archeologico Ferruccio Barreca,119,way/278406532,Mo-Su 09:00-19:00,,https://mabsantantioco.it/,39.075778,8.451599
Q55351927,musees,Zeitreise Mensch - Museo Uomo nel Tempo,Zeitreise Mensch - Museo Uomo nel Tempo,021,node/560013174,"Mo-Su 08:00-20:00 ""by appointment""",,https://www.museumzeitreisemensch.it/it/,46.313749,11.224151
Q3312885,plages,ZSC Fiume Mignone (medio corso),ZSC Fiume Mignone (medio corso),058,way/400662383,24/7,,https://www.regione.lazio.it/binary/rl_ambiente/tbl_contenuti/cartografia/Roma/IT6030001.PDF,42.129483,12.050293
Q3312885,plages,ZPS Fiume Mignone (basso corso),ZPS Fiume Mignone (basso corso),056,way/830680339,24/7,,https://www.regione.lazio.it/binary/rl_ambiente/tbl_contenuti/cartografia/Roma/IT6030001.PDF,42.213089,11.840611
Q55351863,musees,Weinmuseum - Museo provinciale del vino,Weinmuseum - Museo provinciale del vino,021,node/3822370213,Tu-Sa 10:00-17:00,,https://www.museo-del-vino.it,46.412527,11.246536
Q4012807,megalithes,Villa romana di Desenzano del Garda,Villa romana di Desenzano del Garda,017,node/393013053,Tu-Su 08:30-19:30;Mo off,,https://musei.lombardia.beniculturali.it/musei/villa-romana/,45.472984,10.538261
Q16621620,chateaux,Villa del Colle del Cardinale,Villa del Colle del Cardinale,054,way/256190289,"Apr-Oct: Sa,Su,PH 10:00-19:00; Nov-Mar: Sa,Su,PH 11:00-15:00; Mo-Fr off",,https://musei.beniculturali.it/musei?mid=5416&nome=villa-del-colle-del-cardinale,43.179075,12.308020
Q113199697,chateaux,Villa Rezzola,Villa Rezzola,011,way/205909169,"closed ""closed for restauration until December 2024""",,https://fondoambiente.it/luoghi/villa-rezzola/,44.085997,9.909797
Q73484864,monuments,Villa Meleto,Villa Meleto,001,relation/16198090,"Tu-Su 10:00-12:30,15:00-19:00; We off",yes,,45.374079,7.781858
Q4011896,chateaux,Villa Cicogna Mozzoni,Villa Cicogna Mozzoni,012,way/107433540,"Su 09:30-12:00,14:30-19:00; Mo-Sa closed; PH closed",,https://www.villacicognamozzoni.it,45.875990,8.870296
Q66436113,musees,Via Francigena Entry Point - Museum La Casa del Boia,Via Francigena Entry Point - Museum La Casa del Boia,046,node/7319468526,"We,Fr 14:00-18:00; Th 10:00-13:00; Sa,Su 10:00-18:00",,https://viafrancigenaentrypoint.eu/,43.845788,10.514111
Q130910654,monuments,Trofa du Camperi,Trofa du Camperi,087,node/1506501981,24/7,,https://www.etnanatura.it/sentieri.php?nome=A_trofa_du_camperi,37.759856,15.068428
Q34501127,musees,Torre del Barbarossa,Torre del Barbarossa,097,way/109012649,"""by appointment""",yes,,45.916556,9.330975
Q113014564,chateaux,Torre Civica del Belvedere,Torre Civica del Belvedere,004,way/746426881,"Apr,May,Jun,Oct: Sa, Su, PH 15:00-18:00; Jul,Aug,Sep: Sa, Su, PH 16:00-19:00",,https://www.comune.mondovi.cn.it/vivere-la-citta/turismo/conoscere-mondovi/piazza/belvedere-torre-parco-del-tempo/,44.390371,7.829045
Q15812268,megalithes,Tomba di Giganti Moru,Tomba di Giganti Moru,113,node/4420767395,Mo-Su 09:00-sunset,,https://www.beniculturali.it/mibac/opencms/MiBAC/sito-MiBAC/Luogo/MibacUnif/Luoghi-della-Cultura/visualizza_asset.html?id=155999&pagename=57,41.069140,9.412071
Q112054994,megalithes,Teatro Romano,Teatro Romano,017,way/583750317,Tu-Su 09:00-12:00;,,http://www.parcoarcheologicocividate.valcamonicaromana.beniculturali.it/index.php?it/1/home,45.944179,10.280722
Q24942825,megalithes,Teatro,Teatro,094,way/243652408,Apr 1-Sep 30: Tu-Fr 10:00-19:30; Sa-Su 10:00-19:30; Oct 1-Mar 31: Tu-Fr 10:00-17:42; Sa-Su 10:00-19:30; Mo off,,https://www.musei.molise.beniculturali.it/musei?mid=6691&nome=santuario-italico,41.739789,14.387423
Q106873311,musees,TTram,TTram,022,node/6586924497,Mo-Fr 09:00-17:00; Sa 09:00-12:00,,https://www.ttram.it,46.101951,11.095267
Q16337292,musees,Subterraneo,Subterraneo,053,node/11663945036,"Apr-Jun Tu-Su 11:00-13:00,14:00-16:00; Apr-Jun Mo off; Sep Tu-Su 11:00-13:00,14:00-16:00; Sep Mo off; Oct Fr-Su 11:00-13:00,14:00-16:00; Oct Mo-Th off; Dec 22-Jan 7 Mo-Su 11:00-13:00,14:00-16:00; Dec 8 Mo-Su 11:00-13:00,14:00-16:00; Dec 9-Dec 21 off",yes,,43.048123,10.888662
,grottes,Su Coloru (ingresso alto) K0028,Su Coloru (ingresso alto) K0028,112,node/5599386676,24/7,no,,40.818009,8.809308
Q3968798,musees,Stazione dell'Arte,Stazione dell'Arte,116,way/298073458,"Tu-Su 09:30-13:30,14:30-18:30",,https://stazionedellarte.com,39.804040,9.512349
Q3966478,musees,Speleovivarium Ervin Pichl,Speleovivarium Ervin Pichl,032,node/2616620169,Su 10:00-13:00,,https://www.sastrieste.it/SitoSAS/Viva6.html,45.643336,13.756953
Q3957971,monuments,Serra Moresca,Serra Moresca,058,way/297155397,"Oct-Mar: Tu-Su 10:00-16:00; Apr-Jun, Sep: Tu-Su 10:00-19:00; Dec 24, 31: 10:00-14:00; Mo, Jan 1, May 1, Jul-Aug, Dec 25 off",yes,,41.913150,12.513959
Q17592733,musees,Schreibmaschinenmuseum,Schreibmaschinenmuseum,021,node/760263777,"Apr-Oct: Mo 14:00-18:00; Tu-Fr 10:00-12:00, 14:00-18:00; Sa 10:00-12:00; Su, PH off; Nov-Mar: Tu 10:00-12:00",,https://www.schreibmaschinenmuseum.com/museo-storia/,46.684545,11.073626
,megalithes,Santuario di Ercole Vincitore,Santuario di Ercole Vincitore,058,way/244567181,Jan 02-Feb 29 11:00-17:00; Mar 11:00-18:30; Mar Su[-1]-Sep 30 10:00-19:00; Oct 11:00-18:30; Oct Su[-1]-Dec 31 11:00-17:00; PH off,,http://www.villaadriana.beniculturali.it/index.php?it/206/santuario-di-ercole-vincitore,41.963648,12.792388
,megalithes,Santuario di Ercole Vincitore,Santuario di Ercole Vincitore,058,way/1338426062,Jan 02-Feb 29 11:00-17:00; Mar 11:00-18:30; Mar Su[-1]-Sep 30 10:00-19:00; Oct 11:00-18:30; Oct Su[-1]-Dec 31 11:00-17:00; PH off,,http://www.villaadriana.beniculturali.it/index.php?it/206/santuario-di-ercole-vincitore,41.964455,12.792388
Q112673815,monuments,Santuario della Madonna della Neve,Santuario della Madonna della Neve,013,way/86069389,Su 13:30-18:00,,www.triangololariano.it/it/santuario-madonna-della-neve-pusiano.aspx,45.819893,9.284588
Q55371590,musees,Sala Manzoniana,Sala Manzoniana,003,node/5518218379,"May-Sep: Th-Su 10:00-12:00, 16:00-18:30",,https://www.comune.lesa.no.it/vivere-il-comune/luoghi/museo-manzoniano/#orariopubblico,45.830813,8.564426
Q3944143,grottes,Sa Ucca De Su Tintirriolu K177 L1500 T+60-20,Sa Ucca De Su Tintirriolu K177 L1500 T+60-20,112,node/4588955610,24/7,no,,40.452642,8.654505
Q18288934,monuments,Quercia delle Checche,Quercia delle Checche,052,node/4778349536,24/7,,https://web.archive.org/web/20180316122939/http://laquerciadellechecche.blogspot.it/,43.023576,11.721448
Q112960674,musees,Quadreria Crivelli,Quadreria Crivelli,015,node/9428872151,"Mo-Fr,Su closed; Sa 14:45-16:45; PH closed",yes,,45.610879,9.519147
Q55685721,musees,Pinacoteca Olivero,Pinacoteca Olivero,004,node/6419165172,"Mar 01-Oct 31: Sa 10:00-13:00,14:00-18:00; Su,PH 10:00-13:00,14:00-19:00; Nov 01-Jan 06: Su,PH 10:00-13:00,14:00-18:00; Jan 01,07-Feb 28,Dec 25 off",,https://saluzzoturistica.it/monumenti_scheda.php?id=599,44.643285,7.488243
Q55360722,musees,"Pinacoteca Comunale ""Silvestro Lega""","Pinacoteca Comunale ""Silvestro Lega""",040,node/4774382283,Jun-Oct Su 15:00-18:00,yes,,44.155370,11.795215
Q32814481,musees,Pinacoteca Antonio Atza,Pinacoteca Antonio Atza,115,node/4982564245,"Tu-Su 10:00-13:00,16:00-20:00",yes,,40.295789,8.501552
Q3895574,musees,Parco di Pinocchio,Parco di Pinocchio,047,way/197778365,"Mo-Su,PH 10:00-17:00",,https://www.pinocchio.it/parco-di-pinocchio/,43.899051,10.652795
Q3895699,megalithes,Parco Nazionale delle Incisioni Rupestri di Naquane,Parco Nazionale delle Incisioni Rupestri di Naquane,017,way/717855889,"Apr-Sep Tu-Su 08:30-18:30; Oct-Mar Tu-Su 09:00-12:00,13:00-17:00",,www.parcoincisioni.capodiponte.beniculturali.it,46.025880,10.350400
Q55673263,megalithes,Parco Archeologico Nazionale dei Massi di Cemmo,Parco Archeologico Nazionale dei Massi di Cemmo,017,way/379544016,"Tu-Sa 08:30-19:00;Su,PH 08:30-19:00;Mo off",,http://www.parcoarcheologico.massidicemmo.beniculturali.it/index.php?it/1/home,46.030885,10.338693
Q55372940,musees,Palazzo dei Musei,Palazzo dei Musei,002,way/223301683,"Tu-Su 10:30-12:30,14:30-18:00; Mo off",,https://www.pinacotecadivarallo.it,45.816667,8.253037
Q3890895,chateaux,Palazzo Sforza-Cesarini,Palazzo Sforza-Cesarini,058,way/337962936,"Sa-Su 10:00-13:00,15:00-19:00",,https://www.comune.genzanodiroma.roma.it/home/esplorare/turismo/cosa-vedere/palazzo-e-parco-sforza-cesarini/,41.707514,12.692538
Q3890846,musees,Palazzo Sarcinelli,Palazzo Sarcinelli,026,way/98237652,"We-Fr 10:00-13:00, 14:00-19:00; Sa-Su 10:00-19:00",,https://www.visitconegliano.it/,45.887391,12.298809
Q3890790,musees,Palazzo Roverella,Palazzo Roverella,029,way/23761477,Mo-Fr 09:00-19:00; Sa-Su 09:00-20:00,,https://palazzoroverella.com/,45.070539,11.789899
Q16586138,musees,Palazzo Doria-Pamphilj,Palazzo Doria-Pamphilj,058,way/117743130,"Tu-Fr 09:00-13:00; Sa,Su 09:30-13:00,16:00-20:00",no,,41.776306,12.918580
Q60848223,monuments,Palazzo Di Lorenzo Castelluccio,Palazzo Di Lorenzo Castelluccio,089,way/1064658061,Mo-Su 11:00-19:00,,https://palazzocastelluccio.it,36.893106,15.067825
Q3895374,musees,PAV Parco Arte Vivente,PAV Parco Arte Vivente,001,relation/1681502,"We-Fr 13:00-18:00; Sa,Su 12:00-19:00; Mo off; Jan 1, May 1, Dec 25 off",,http://www.parcoartevivente.it,45.043310,7.664488
Q66713950,musees,PALP Palazzo Pretorio Pontedera,PALP Palazzo Pretorio Pontedera,050,node/5186127047,Tu-Su 10:00-19:00,yes,,43.663906,10.636765
Q30159213,musees,Opera Bosco Museo di Arte nella Natura,Opera Bosco Museo di Arte nella Natura,056,relation/7357602,"Mo-Fr ""by appointment"", Sa-Su 10:00-17:00; Jan 10-Apr 01 off",,https://www.operabosco.eu/,42.227283,12.420326
Q16337402,musees,Officina Rancilio 1926,Officina Rancilio 1926,015,node/5731931927,Mo-Fr 09:00-13:00,,https://www.officinarancilio1926.com/,45.558992,8.945679
Q3936613,plages,Oasi WWF Lagune di Orbetello,Oasi WWF Lagune di Orbetello,053,way/241701303,"Sa,Su",,https://www.wwf.it/oasi/toscana/laguna_di_orbetello/,42.485650,11.205128
Q130217792,megalithes,Necropoli di Caiolo,Necropoli di Caiolo,056,relation/19309273,24/7,,https://www.parchilazio.it/schede-194-necropoli_di_s_giuliano,42.263233,12.077690
Q105085144,musees,Museum Ladin Ursus ladinicus,Museum Ladin Ursus ladinicus,021,node/2453992857,Tu-Su 10:00-18:00,yes,,46.570741,11.932273
Q55359562,musees,Museo storico dello sbarco in Sicilia 1943,Museo storico dello sbarco in Sicilia 1943,087,node/11503679583,Tu-Su 09:00-16:00,yes,,37.508758,15.102577
Q24938029,musees,Museo storico della Cavalleria,Museo storico della Cavalleria,001,node/2427018633,"Tu,Th 09:00-11:30,14:00-16:00; Su 10:00-12:00,15:00-18:00; Jan 01,06,easter, easter +1 day, Apr 25,May 01,Jun 02,Aug 15,Nov 01,Dec 08,25,26,31 off",,https://www.museocavalleria.it/,44.886017,7.335232
Q55376156,musees,Museo storico,Museo storico,097,node/8890447501,"Fr 10:00-13:00; Sa,Su 10:00-18:00",no,,45.859510,9.397597
Q3868444,musees,Museo permanente del Presepio,Museo permanente del Presepio,016,node/11238681155,"Mo-Sa 14:30-18:00, Su, PH 14:30-19:00",,https://www.museodelpresepio.com/ita/default.asp?page_id=1,45.652402,9.585882
Q3328417,musees,Museo per la Memoria di Ustica,Museo per la Memoria di Ustica,037,way/149048911,"Th,Fr 09:30-13:30; Sa,Su 10:00-18:30",no,,44.513380,11.350339
Q55370383,musees,"Museo paleontologico ""Giulio Maini""","Museo paleontologico ""Giulio Maini""",006,node/1634289245,"Jun 1-Sep 30: Sa 15:00-18:00; Su 10:00-12:00; Oct 1-May 31: Sa 15:00-18:00; Su 10:00-12:00, 15:00-18:00",,https://www.museopaleontologicomaini.it/,44.637039,8.647465
Q89867410,chateaux,Museo nazionale di Castello Pandone,Museo nazionale di Castello Pandone,094,relation/4037638,Tu-Su 08:00-19:00; Mo off,,https://www.musei.molise.beniculturali.it/musei?mid=214&nome=museo-nazionale-di-castello-pandone,41.487649,14.044602
Q55677890,musees,Museo nazionale Memoriale Giuseppe Garibaldi,Museo nazionale Memoriale Giuseppe Garibaldi,113,way/191100182,Mo-We 13:45-19:15; Th-Sa 08:30-13:45; Su off,,http://musei.beniculturali.it/musei?mid=5371&nome=museo-nazionale-memoriale-giuseppe-garibaldi,41.229468,9.470842
Q55685680,musees,Museo nazionale Collezione Salce,Museo nazionale Collezione Salce,026,way/138762436,Th-Su 10:00-18:00,yes,,45.665774,12.250437
Q3669073,musees,"Museo laboratorio della civiltà contadina ""Masseria Luce""","Museo laboratorio della civiltà contadina ""Masseria Luce""",063,node/7494999517,"Tu-Sa 10:00-13:00,17:00-sunset; PH,Su 10:00-13:00",,http://www.museomasserialuce.com,40.893661,14.290465
Q17494412,musees,Museo etnografico dell'Alta Brianza - sede staccata,Museo etnografico dell'Alta Brianza - sede staccata,097,node/1975852590,"""Visita su appuntamento""",,http://meab.parcobarro.it/,45.825686,9.378514
Q17494412,musees,Museo etnografico dell'Alta Brianza,Museo etnografico dell'Alta Brianza,097,node/1740776770,"Tu-We 09:00-12:30, Fr 09:00-12:30, Sa-Su 09:00-12:30,14:00-18:00; Dec 25 off, Jan 01 off, easter off",,http://meab.parcobarro.it/,45.825622,9.368395
Q17636844,musees,Museo etnografico comunale di Premana,Museo etnografico comunale di Premana,097,way/316840544,"Sa-Su 09:00-12:00,15:00-18:00; Mo-Fr closed; PH closed",,http://www.museo.premana.lc.it,46.053694,9.419302
Q55359630,musees,Museo eoliano dell'emigrazione,Museo eoliano dell'emigrazione,083,way/1328536759,Mo-Su 09:00-13:00,no,,38.575013,14.835359
Q3868350,musees,Museo ebraico Yeshivà Marini,Museo ebraico Yeshivà Marini,049,node/2484023248,Sep-Jun Su[1] 15:00-17:00,,https://www.comune.livorno.it/arte-cultura/musei/museo-marini,43.548068,10.320407
Q55678739,musees,Museo e Parco Archeologico di Medma,Museo e Parco Archeologico di Medma,080,node/6509337127,"Mo-Fr 09:00-17:00; Su,PH 14:00-20:00; Sa off",,https://www.beniculturali.it/mibac/opencms/MiBAC/sito-MiBAC/Luogo/MibacUnif/Luoghi-della-Cultura/visualizza_asset.html?id=158783&pagename=57,38.486944,15.982731
Q113014551,musees,Museo d’Arte Contemporanea Internazionale Senza Tendenze,Museo d’Arte Contemporanea Internazionale Senza Tendenze,096,node/6443682398,Sa-Su 15:00-19:30,,https://www.macist.it/,45.571110,8.054988
Q55671640,musees,Museo diocesano,Museo diocesano,061,node/3782296771,"Mo-Fr 10:00-12:00; Tu off; Th off; Sa 10:00-12:00,16:30-18:00",,https://www.diocesiaversa.it/diocesi/uffici/museo-diocesano-di-aversa/,40.976667,14.203682
Q18288681,musees,"Museo di zoologia marina ""Giuseppe Olivi""","Museo di zoologia marina ""Giuseppe Olivi""",027,node/9161399773,"Sa 15:00-18:45; Tu-Fr,Su 09:00-12:45; Mo closed; PH closed",yes,,45.222446,12.281014
Q16268566,musees,Museo di storia della psichiatria,Museo di storia della psichiatria,035,way/167927164,"Sep-May Sa,Su 15:00-18:00; May-Aug Sa,Su 16:00-20:00",no,,44.690085,10.661146
Q3868232,musees,Museo di Scienze Naturali Mellerio Rosmini,Museo di Scienze Naturali Mellerio Rosmini,103,node/8305864370,"""by appointment""",,http://www.amossola.it/musei_ossola/it/museo/museo-di-scienze-naturali-“mellerio-rosmini”,46.113031,8.289343
Q55375855,musees,Museo di Scienze Naturali,Museo di Scienze Naturali,017,way/128185566,"Mo-Fr 09:00-12:45,14:00-17:00",no,,45.552822,10.226872
,musees,Museo di Piana delle Orme,Museo di Piana delle Orme,059,way/199520820,Mo-Fr 09:00-16:00; Sa-Su 09:00-18:00,,https://www.pianadelleorme.com/,41.442596,12.985912
Q55378988,musees,Museo di Mineralogia,Museo di Mineralogia,018,node/1736686683,Mo-Th 14:00-16:30; Fr 09:00-12:00,,http://musei.unipv.it/Mineralogia,45.203056,9.138143
Q3868167,musees,Museo di Casal de' Pazzi,Museo di Casal de' Pazzi,058,way/516249478,Tu-Fr 09:00-14:00; Sa-Su 10:00-14:00; Mo off; Jan 1 off; May 1 off; Dec 25 off,,https://www.museocasaldepazzi.it/,41.928343,12.563820
Q65966527,musees,Museo di Arte e Storia Ebraica,Museo di Arte e Storia Ebraica,006,node/3413056214,"Su 09:00-12:00,15:00-17:00",,https://www.casalebraica.org/,45.135433,8.449693
Q55379139,musees,Museo di Archeologia e Paleontologia Carlo Conti,Museo di Archeologia e Paleontologia Carlo Conti,002,node/5068204198,"Sa 15:00-18:00, Tu-We ""by appointment""; Mo,Th,Fr,Su off",,https://www.museocarloconti.it/,45.716355,8.277968
Q3868163,musees,"Museo demologico dell'economia, del lavoro e della storia sociale silana","Museo demologico dell'economia, del lavoro e della storia sociale silana",078,node/3607825749,Mo-Su 09-19,,http://www.iresudcalabria.it/museo.asp?id=38,39.252607,16.701324
Q3868162,musees,Museo dello Strumento Musicale,Museo dello Strumento Musicale,080,way/443919066,Mo-Su 09:00-13:00,,http://www.mustrumu.it,38.117644,15.649274
Q16336758,musees,Museo delle reali ferriere borboniche,Museo delle reali ferriere borboniche,102,way/166704023,sconosciuti,,https://it.wikipedia.org/wiki/Fabbrica_d%27armi_di_Mongiana,38.513075,16.320467
,musees,Museo delle navi romane di Nemi,Museo delle navi romane di Nemi,058,way/161997972,Mo-Su 09:00-19:00; Jan 1 off; Dec 25 off,,https://direzioneregionalemuseilazio.cultura.gov.it/luoghi/museo-delle-navi-romane/,41.722127,12.701978
Q16336147,musees,Museo delle arti di Catanzaro,Museo delle arti di Catanzaro,079,way/198371631,"Jun 01-Oct 20 Mo-Su 09:30-13:00,16:30-21:00; Oct 21-May 31 Mo-Su 09:30-13:00,15:30-20:00; Jan 01 off; May 01 off; Jul 16 off, Dec 25 off",,https://www.museomarca.info/,38.910433,16.585816
Q27435051,musees,Museo delle Terre Nuove,Museo delle Terre Nuove,051,node/7319294281,"Tu-Fr 15:00-19:00; Sa,Su 10:00-13:00,15:00-19:00",yes,,43.564729,11.530180
Q32815631,musees,Museo delle Conce,Museo delle Conce,115,node/7765157759,"Mo-Su 10:00-13:00,15:00-20:00",yes,,40.294435,8.500248
Q55376066,musees,Museo della stampa,Museo della stampa,019,node/12719004239,"Tu-Fr 10:00-12:00; Sa,Su 10:00-13:00,15:00-18:00",,http://www.museostampasoncino.it/,45.400704,9.874185
Q108177396,musees,Museo della pesca,Museo della pesca,002,node/8931264416,Mo-Sa 09:00-12:00,,http://www.valsesiapesca.it/museo,45.816166,8.249809
Q21552091,musees,Museo della fisarmonica,Museo della fisarmonica,018,node/5600627596,"Sa,Su 09:00-12:00,15:00-18:00; Mo 15:00-18:00; Tu-Th 09:00-12:00; Fr 15:00-18:00",,http://www.comune.stradella.pv.it/flex/cm/pages/ServeBLOB.php/L/IT/IDPagina/465,45.074913,9.295955
Q55371846,musees,Museo della cultura e della lavorazione della Canapa,Museo della cultura e della lavorazione della Canapa,001,node/4029548526,"Apr-Oct: Sa-Su 15:00-18:00; Su[2] 10:00-12:00,15:00-18:00; Jul-Aug off",,https://www.comune.carmagnola.to.it/it-it/vivere-il-comune/cosa-vedere/ecomuseo-della-cultura-della-lavorazione-della-canapa-18181-1-204015c4e0afdc06123f26648ee76f5a,44.842172,7.700808
Q3868083,musees,Museo della città e del territorio,Museo della città e del territorio,056,way/414096561,"Sa 16:30-19:00; Su 10:30-13:00,16:00-19:00",,http://www.ghaleb.it/Museo.htm,42.322630,12.050646
Q54869375,musees,Museo della città,Museo della città,049,node/5926529784,Tu-Su 10:00-19:00;PH off,,https://www.museodellacittalivorno.it/,43.554956,10.306309
Q55371323,musees,Museo della Stampa,Museo della Stampa,004,node/5763284235,"Apr,May,Jun,Oct,Nov 01: Fr,Sa,Su,PH 15:00-18:00; Jul,Aug,Sep: Sa,Su,PH 16:00-19:00",,https://www.comune.mondovi.cn.it/vivere-la-citta/turismo/conoscere-mondovi/piazza/museo-civico-della-stampa/,44.386406,7.831600
Q55359431,musees,Museo della Speleologia e del Carsismo “Alberto Parolini” di Oliero,Museo della Speleologia e del Carsismo “Alberto Parolini” di Oliero,024,way/183151054,Mo-Fr off; Sa-Su 10:00-18:00,yes,,45.846077,11.667901
Q55376114,musees,Museo della Seta Abegg,Museo della Seta Abegg,097,relation/3933144,"Oct 01-May 31 Sa 14:00-17:30; Su 09:30-12:30,14:00-17:30; Jun 01-Sep 30 Su 09:30-12:30,14:30-18:30; Jan 01,easter,May 01,Jun 02,Aug 15,Dec 25-26 off",,http://www.museosetagarlate.it,45.806489,9.403932
Q3868248,musees,Museo della Seta,Museo della Seta,013,node/1305753485,Tu-Su 10:00-18:00,,https://www.museosetacomo.com/,45.802867,9.094660
Q57315753,musees,Museo della Pipa,Museo della Pipa,012,way/584426089,Mo-Fr 09:00-17:30; Sa-Su closed; PH closed,,https://www.brebbiapipe.it/it/museo,45.834172,8.649458
Q72177603,musees,Museo della Macchina da Scrivere,Museo della Macchina da Scrivere,015,node/2915890116,"Tu, Fr, Sa 15:00-19:00",,https://www.museodellamacchinadascrivere.org/,45.494603,9.187262
Q3868094,musees,Museo della Liquirizia,Museo della Liquirizia,078,way/457418023,Mo-Su 09:30-16:30,,https://www.museodellaliquirizia.it/,39.611046,16.632904
Q30894932,musees,Museo della Latteria,Museo della Latteria,025,node/967061093,Jul-Aug Tu-Su 17:00-19:00,no,,46.485797,12.441202
Q112944217,musees,Museo della Fine della Guerra,Museo della Fine della Guerra,013,node/5014495221,"Tu-Su 10:00-13:00, 15:00-18:00",,http://www.museofineguerradongo.it,46.123085,9.279599
Q72685957,musees,Museo della Cultura Rurale Prealpina,Museo della Cultura Rurale Prealpina,012,node/317248781,Mo-Fr closed; Sa-Su 09:00-18:00; PH closed,,http://www.museo.brinzio.va.it,45.889428,8.791472
Q55378065,musees,Museo della Contrada della Chiocciola,Museo della Contrada della Chiocciola,052,node/7319009994,Su 10:00-13:00+,no,,43.313246,11.328093
Q19721692,musees,Museo della Collegiata di Chianciano,Museo della Collegiata di Chianciano,052,node/7319010039,"Jun-Sep: Mo-Sa 10:30-12:30,17:00-20:00",yes,,43.058997,11.831970
Q61450471,musees,Museo della Collegiata,Museo della Collegiata,012,node/4271193714,"Tu-Su 10:00-13:00,15:00-18:00",,https://www.museocollegiata.it/,45.757949,8.864669
Q21552175,musees,Museo della Città,Museo della Città,058,way/206928819,Mo-Su 00:00-24:00 off,,https://www.comune.monteporziocatone.rm.it/,41.815910,12.713722
Q25400346,musees,"Museo della Ceramica ""Lodovico Coccapani""","Museo della Ceramica ""Lodovico Coccapani""",050,way/423453046,"Sa, Su 15:00-19:00, Mo-Fr off",,https://www.comune.calcinaia.pi.it/cultura/museo-della-ceramica/2920,43.684473,10.613942
Q55390554,musees,Museo della Ceramica,Museo della Ceramica,004,node/6468581048,"Oct-Jun: Fr,Sa,PH 15:00-18:00; Su 10:00-18:00; Jul,Aug,Sep: Fr,Sa,PH 16:00-19:00; Su 10:00-19:00",,https://museoceramicamondovi.it/,44.388925,7.829926
Q21196203,musees,Museo della Ceramica,Museo della Ceramica,024,node/1421185934,"Tu-Sa 09:00-13:00,15:00-18:00; Su 10:30-13:00,15:00-18:00; PH 10:30-13:00,15:00-18:00; Jan 01 off; easter off; Dec 25 off",,https://cultura.gov.it/luogo/museo-della-ceramica-di-bassano-del-grappa,45.766289,11.731498
Q30890701,musees,Museo della Centuriazione Romana,Museo della Centuriazione Romana,028,node/2761628204,"Mo closed; Tu 09:00-12:30; We 09:00-12:30,15:00-18:00; Th 09:00-12:30; Fr 09:00-12:30,15:00-18:00; Sa 09:00-12:30,15:00-18:30; Su 10:00-12:00,15:00-18:30",,https://www.museodellacenturiazione.it/,45.534333,11.969601
Q3868063,musees,"Museo della Cartolina ""Salvatore Nuvoli""","Museo della Cartolina ""Salvatore Nuvoli""",022,node/2534708276,"Mo-Fr 09:00-12:00, 14:30-17:30",,http://www.museodellacartolina.it/,45.885353,11.008192
Q3868057,musees,Museo della Battaglia di Ortona,Museo della Battaglia di Ortona,069,node/4260135990,"Tu,Fr 09:00-13:00, 16:00-19:00; We 09:00-13:00; Th 16:00-19:00; Sa 17:00-19:00; Su 10:00-12:00",,https://www.beniculturali.it/mibac/opencms/MiBAC/sito-MiBAC/Luogo/MibacUnif/Luoghi-della-Cultura/visualizza_asset.html?id=151594&pagename=57,42.353112,14.403659
Q16580588,musees,Museo della Battaglia,Museo della Battaglia,015,node/1734247949,"""by appointment""",,https://comune.magenta.mi.it/museo-della-battaglia/,45.467622,8.882228
Q3868055,musees,Museo della Basilica di Santa Maria delle Grazie,Museo della Basilica di Santa Maria delle Grazie,051,node/3373936577,"Th-Su 10:00-13:00,15:30-19:00",yes,,43.564302,11.529699
Q140798497,musees,Museo dell'Uomo della Val Rosna MUVAR,Museo dell'Uomo della Val Rosna MUVAR,025,node/14066561814,"Tu-Su 10:00-13:00, 15:00-19:00",,https://www.museomuvar.it,46.055736,11.776447
Q68662313,musees,Museo dell'Osservatorio Astronomico,Museo dell'Osservatorio Astronomico,063,node/4174698322,closed,,https://www.beniculturali.inaf.it/eng/museums/napoli/#presentation,40.863654,14.255503
Q72680633,musees,Museo dell'Olio d'oliva e della civiltà contadina,Museo dell'Olio d'oliva e della civiltà contadina,079,node/2330514684,Mar 16-Nov 15: Tu-Su 09:30-18:00; Mo off,,http://www.ecomuseodizagarise.it,39.000161,16.661429
Q55372682,musees,Museo dell'Arte del Cappello,Museo dell'Arte del Cappello,103,node/1674436854,"Apr-Jun,Sep,Oct Sa,Su 15:30-18:30; Jul-Aug Tu,Th,Sa,Su 15:30-18:30",,https://museodellartedelcappello.com/,45.962099,8.621963
Q55360886,musees,Museo dell'Aceto Balsamico Tradizionale,Museo dell'Aceto Balsamico Tradizionale,036,way/145144869,Mo off,,https://museodelbalsamicotradizionale.org,44.533364,11.022532
Q84030844,musees,Museo del viaggio Fabrizio De André,Museo del viaggio Fabrizio De André,015,node/7171859575,Th 15:00-19:00,,http://museodelviaggiorom.blogspot.com,45.428759,9.250043
Q3867968,musees,Museo del prosciutto e dei salumi di Parma,Museo del prosciutto e dei salumi di Parma,034,way/180199869,"Mar 01-Dec 08: Sa, Su-PH 10:00-18:00",,https://prosciuttodiparma.museidelcibo.it/,44.611959,10.268752
Q55375602,musees,Museo del gioiello e del costume sardo,Museo del gioiello e del costume sardo,115,node/4692633546,"""reservation by phone""",no,,40.048711,8.636605
Q54855369,musees,Museo del fiume Bacchiglione,Museo del fiume Bacchiglione,028,way/59563595,Sa 10:00-14:00; Su 10:00-18:00,,https://www.comune.cervarese.pd.it/Luoghi?ID=618,45.414342,11.710812
Q55375383,musees,Museo del Territorio Trataliese,Museo del Territorio Trataliese,119,way/271124219,"Mar-Apr: Tu-Su 09:00-13:00,15:00-17:00",,https://www.comune.tratalias.ca.it/,39.097412,8.571997
Q55370968,musees,Museo del Tempo e delle Meridiane,Museo del Tempo e delle Meridiane,004,node/5000518533,Mo-Sa 08:00-18:00; Sa-Su 15:00-19:00,,https://www.comune.bellino.cn.it/archivio/pagine/Museo_del_Tempo.asp,44.580007,7.007819
Q30899161,musees,Museo del Setificio Piemontese,Museo del Setificio Piemontese,004,node/2213713810,"Th,Fr,Sa 14:30-19:00; Su 10:00-19:00",,https://www.filatoiocaraglio.it/,44.424979,7.427489
Q70351963,monuments,Museo del San Michele,Museo del San Michele,031,node/271727676,"Apr-Oct We,Sa-Su 10:00-18:00; Nov-Mar We,Sa-Su 10:00-16:00",,https://www.museodelmontesanmichele.it/,45.885584,13.541393
Q55371672,musees,Museo del Rubinetto e della sua Tecnologia,Museo del Rubinetto e della sua Tecnologia,003,way/685612164,"Apr 1-Nov 30: Fr,Sa,Su 15:00-18:00",,http://www.museodelrubinetto.it,45.776504,8.389315
Q24938027,musees,Museo del Risorgimento e sacrario di Oberdan,Museo del Risorgimento e sacrario di Oberdan,032,way/36434073,"Tu ""Visitabile solo il martedì su prenotazione telefonando allo 040 675 4699""",,https://museodelrisorgimentotrieste.it/,45.654923,13.776279
Q55678700,musees,Museo del Risorgimento,Museo del Risorgimento,079,node/6509200879,Mo-Fr 08:30-16:30; Sa off; Su off,,https://www.beniculturali.it/mibac/opencms/MiBAC/sito-MiBAC/Luogo/MibacUnif/Luoghi-della-Cultura/visualizza_asset.html?id=158589&pagename=57,38.914823,16.589817
Q135103601,musees,Museo del Risorgimento,Museo del Risorgimento,039,node/12956403086,Tu-Su 10:00-18:00; Mo off,,https://www.palazzoguiccioli.it/museobyron/,44.418919,12.197016
Q55360428,musees,Museo del Reale Osservatorio Vesuviano,Museo del Reale Osservatorio Vesuviano,063,node/13920834742,"""by appointment only""",,https://www.ov.ingv.it/index.php/il-real-museo,40.827973,14.397476
Q55673386,musees,Museo del Presente,Museo del Presente,078,node/6520427463,"Tu-Sa 09:00-13:00, 16:00-20:00; Su-Mo off",,https://www.facebook.com/museo.delpresente/,39.327943,16.240314
Q68315448,musees,Museo del Paracarro,Museo del Paracarro,022,node/456820499,24/7,no,,46.078855,11.278741
Q55379256,musees,Museo del Paesaggio Sonoro,Museo del Paesaggio Sonoro,001,node/6216455863,Mar-Oct: Su 15:00-19:00,,http://www.museopaesaggiosonoro.org/,44.986227,7.869220
Q3867963,musees,Museo del Paesaggio,Museo del Paesaggio,103,relation/6526947,Fr-Su 10:00-18:00; Mo-Th off,,https://www.museodelpaesaggio.it/,45.922830,8.551541
Q55372095,musees,Museo del Mutuo Soccorso,Museo del Mutuo Soccorso,001,node/6433557653,Su 15:00-18:30,,http://www.museodelmutuosoccorso.it,44.886615,7.329896
Q55673102,musees,Museo del Merletto,Museo del Merletto,054,way/58422799,"09:30-13:15,14:15-17:30",yes,,43.177045,12.090258
Q73774682,musees,Museo del Mare e della Navigazione Antica,Museo del Mare e della Navigazione Antica,058,node/1217844876,"Tu-Su 09:00-13:00,15:00-17:00",,https://www.museosantasevera.org/,42.016561,11.958389
Q69556137,musees,Museo del Giocattolo e del Bambino,Museo del Giocattolo e del Bambino,015,node/1558406762,"Sa-Su, PH 14:30-18:00; Mo-Fr ""su prenotazione""",,https://www.museodelgiocattolo.it/mi/home_mi.html,45.546532,9.172408
Q52905823,musees,Museo del Giocattolo,Museo del Giocattolo,058,node/1637984178,"Sep 15-Jun 15: Tu-Fr 09:00-13:00; Sa,Su 09:00-13:00,15:00-19:00; Jun 20-Sep 20: Tu-Fr 09:00-13:00; Sa,Su 09:00-13:00,16:00-20:00; Mo off",,https://www.museogiocattolo.it/,41.838295,12.831382
Q2002401,musees,Museo del Carretto Siciliano,Museo del Carretto Siciliano,088,node/4561716110,09:00-12:00,,https://www.museodelcarrettovirgadavola.it/,36.941911,14.530810
Q3867938,musees,Museo del Carbone,Museo del Carbone,119,node/1325429081,"Jun 21-Sep 20 Mo-Su,PH 10:00-19:00; Sep 21-Jun 20 Tu-Su,PH 10:00-18:00; Dec 24,Dec 31 10:00-13:00; Dec 25 off; Jan 01 off",,https://www.museodelcarbone.it/,39.163226,8.509576
Q3867898,musees,Museo dei campionissimi,Museo dei campionissimi,006,node/5070232967,"Oct 01-Apr 30: Fr 15:00-19:00; Oct 01-Apr 30: Sa, Su, PH 10:00-13:00, 15:00-19:00; May 01-Sep 30: Fr 15:00-19:00; May 01-Sep 30 Sa, Su, PH 10:00-13:00, 15:00-19:00",,https://www.museodeicampionissimi.it/,44.763700,8.778771
Q72684616,musees,Museo dei Colli Euganei,Museo dei Colli Euganei,028,node/1331163137,"Mo,Su 09:30-12:30,15:30-18:00",,http://www.museodeicollieuganei.it/,45.308140,11.727234
Q3867894,musees,Museo dei Brettii e degli Enotri,Museo dei Brettii e degli Enotri,078,relation/19255873,"Jun 1-Sep 30 Tu-Fr 09:00-13:00, 16:30-19:30; Sa-Su 10:00-13:00, 16:30-19:30; Oct 1-May 31 Tu-Fr 09:00-13:00, 15:30-19:30; Sa-Su 10:00-13:00, 15:30-19:30; Mo off",,https://www.museodeibrettiiedeglienotri.it/,39.289525,16.264164
Q3867882,musees,Museo degli affreschi,Museo degli affreschi,023,way/138815325,"Mo 13:30-19:30, Tu-Su 8:30-19:30;Dec 25 off, Jan 1 off",yes,,45.433662,10.997743
Q55375987,musees,Museo d'arte sacra di Scaria,Museo d'arte sacra di Scaria,013,node/11508860067,"May-Sep: Sa 15:00-18:00; May-Sep: Su 10:30-12:00,15:00-18:00",yes,,45.986159,9.045941
Q3868181,musees,Museo d'arte sacra di San Francesco,Museo d'arte sacra di San Francesco,048,node/1088111695,"Apr-Oct: Tu,Th,Fr,Sa,Su 10:00-13:00,15:30-19:30; Mo,We off; easter,Aug 15 off; Nov-Mar: Sa,Su 10:00-13:00,15:00-18:00",,https://www.chiantivaldarno.it/museo-di-san-francesco-greve-in-chianti/,43.583230,11.315423
Q3868203,musees,Museo d'Arte sacra di Tavarnelle in Val di Pesa,Museo d'Arte sacra di Tavarnelle in Val di Pesa,048,node/601362111,"Mo-Sa 09:00-12:30, 16:00-19:00; Su 09:00-12:30",,https://www.tavarnelle.com/museo.htm,43.567811,11.184708
Q3868200,musees,Museo d'Arte Sacra e Centro per l'Arte Contemporanea,Museo d'Arte Sacra e Centro per l'Arte Contemporanea,053,node/7251695949,"Apr-Sep: 10:00-13:00, 16:00-19:00; Oct-Mar: 11:00-13:00, 15:00-17:00",yes,,43.051198,10.893042
Q55359649,musees,Museo d'Arte Sacra,Museo d'Arte Sacra,083,node/5848596515,"Tu-Su 09:00-13:00,15:00-18:00; Mo 15:00-18:00",,https://www.comune.naso.me.it/index.php?option=com_content&view=article&id=52&Itemid=89,38.121507,14.790780
Q29904728,musees,Museo civico navale,Museo civico navale,001,node/4029705026,"Apr-Oct: Sa-Su 15:00-18:00; Su[2] 10:00-12:00,15:00-18:00; Jul-Aug off",,https://www.comune.carmagnola.to.it/ComSchedaTem.asp?Id=21492,44.847115,7.720286
Q3867827,musees,Museo civico di storia naturale,Museo civico di storia naturale,001,node/4029549590,"Tu-We 09:00-12:30; Th 09:00-12:30,15:00-18:00; Sa-Su 15:00-18:00; Mo-Fr off; Aug off",,https://www.comune.carmagnola.to.it/Musei,44.846082,7.708672
Q55372056,musees,Museo civico di Archeologia e Antropologia,Museo civico di Archeologia e Antropologia,001,node/4969818597,"Su 10:30-12:00, 15:30-18:00",,https://www.comune.pinerolo.to.it/web/index.php/servizi/aree-tematiche/arte-e-cultura/33-musei/84-museo-civico-di-archeologia-e-antropologia,44.885780,7.334657
Q3768551,musees,Museo civico Olmo,Museo civico Olmo,004,node/6469959648,"Sa 15:00-18:30; Su 10:00-13:00, 15:00-18:30; Aug off",,https://www.comune.savigliano.cn.it/servizi/menu/dinamica.aspx?idArea=16540&idCat=16662&ID=16662,44.646274,7.660917
Q3867820,musees,Museo civico Ernesto e Teresa Della Torre,Museo civico Ernesto e Teresa Della Torre,016,node/4460989033,off,,http://www.comune.treviglio.bg.it/?q=content/citta_il-museo-e-il-centro-civico,45.522515,9.594877
Q48803518,musees,Museo archeologico nazionale di Castiglioncello,Museo archeologico nazionale di Castiglioncello,049,node/6634733690,"Apr 21-Jun 30: Sa 16:30-18:30; Su,PH 10:30-12:30; Jul 02-Sep 08: Tu-Su 17:30-20:00",,https://www.polomusealetoscana.beniculturali.it/index.php?it/210/rosignano-marittimo-li-museo-archeologico-nazionale-di-castiglioncello,43.402449,10.408527
Q3867708,musees,Museo archeologico nazionale della Valle del Sarno,Museo archeologico nazionale della Valle del Sarno,065,node/6718393565,Tu-Su 09:00-19:00; Mo off,,http://www.polomusealecampania.beniculturali.it/index.php/il-museo-sarno,40.812595,14.622278
Q3867707,musees,Museo archeologico nazionale della Siritide,Museo archeologico nazionale della Siritide,077,relation/14614956,"Mo, We-Su 09:00-20:00; Tu 14:00-20:00",,http://musei.beniculturali.it/musei?mid=71&nome=museo-archeologico-nazionale-della-siritide,40.217520,16.669649
Q3868421,musees,Museo archeologico nazionale dell'Alta Val d'Agri,Museo archeologico nazionale dell'Alta Val d'Agri,076,node/7176791650,Mo 14:00-20:00; Tu-Su 09:00-20:00,,https://musei.basilicata.beniculturali.it/musei/?mid=72&nome=museo-archeologico-nazionale-dellalta-val-dagri,40.280305,15.902635
Q55385915,musees,"Museo archeologico navale ""Nino Lamboglia""","Museo archeologico navale ""Nino Lamboglia""",113,way/277776982,closed,,http://www.sardegnacultura.it/j/v/253?s=22529&v=2&c=2487&c1=2130&visb=&t=1,41.228898,9.422039
Q20008551,musees,Museo archeologico di Venafro,Museo archeologico di Venafro,094,node/1937030474,Tu-Su 08:00-19:00; Mo off,,https://www.musei.molise.beniculturali.it/musei?mid=213&nome=museo-archeologico-di-venafro,41.485321,14.042382
Q48804678,musees,Museo archeologico dell'Agro Atellano,Museo archeologico dell'Agro Atellano,061,node/3782259178,Tu-Su 09:00-19:00; Mo off,,http://www.polomusealecampania.beniculturali.it/index.php/il-museo-succivo,40.965761,14.254176
Q3868431,musees,Museo archeologico Santa Maria delle Monache,Museo archeologico Santa Maria delle Monache,094,relation/4462553,Tu-Su 08:15-13:45; Mo off,,https://musei.beniculturali.it/musei?mid=6027&nome=museo-archeologico-santa-maria-delle-monache,41.586148,14.225139
Q3867656,musees,Museo all'Aperto Bilotti,Museo all'Aperto Bilotti,078,node/6458985088,24/7,no,,39.297969,16.254038
Q3867655,musees,Museo africano,Museo africano,023,node/3240842624,"Mo-Fr 09:00-12:30,14:00-17:00; Sa 09:00-12:30",,https://www.museoafricano.org/,45.446274,11.005968
Q3868488,musees,Museo Veneto del Giocattolo,Museo Veneto del Giocattolo,028,node/3194795259,"09:30-12:00,14:30-18:00",,https://museovenetogiocattolo.oiconlus.it/chi-siamo/il-museo/,45.370140,11.830205
Q55386628,musees,Museo Tipografico Rondani,Museo Tipografico Rondani,001,node/6432876415,Apr-Oct: Sa-Su 15:00-18:00; Jul-Aug off,,https://museotipograficorondani.it,44.846639,7.720545
Q3868475,musees,Museo Storico dell'Arma dei Carabinieri,Museo Storico dell'Arma dei Carabinieri,058,way/234150474,"Tu-Su,PH 09:00-13:00",no,,41.906263,12.459130
Q3868467,musees,Museo Storico Etnografico Bassa Valsesia,Museo Storico Etnografico Bassa Valsesia,003,node/2622376538,"Sa 16:00-18:30; Su 10:00-12:00, 16:30-19:00; Mo-Fr ""by appointment""",,https://www.museostoricoromagnano.it,45.636694,8.379794
Q37282696,musees,Museo San Giacomo,Museo San Giacomo,006,way/954591373,Sa 14:30-18:00; Su 10:00-12:30,,http://www.museosangiacomo.it/,45.002871,8.486522
Q27992941,musees,Museo Sa Corona Arrubia,Museo Sa Corona Arrubia,117,relation/3913513,"Mo-Fr 09:00-13:00,15:00-19:00; Sa-Su 09:00-19:00",,http://www.museosacoronarrubia.it/,39.656532,8.865184
Q29917950,musees,Museo Renato Brozzi,Museo Renato Brozzi,034,way/652989135,"Tu-Fr 09:00-12:00,16:00-18:00; Sa 10:00-12:30,15:30-18:00; Su 15:30-18:00 ""da martedì a venerdì rivolgendosi alla Biblioteca comunale""",,http://www.museorenatobrozzi.it/,44.638853,10.382052
Q3867632,musees,Museo Pio IX,Museo Pio IX,042,node/11964302532,Mo-Sa 08:30-13:30; Su off,no,,43.714681,13.217426
Q55375743,musees,Museo Ornitologico della Sardegna,Museo Ornitologico della Sardegna,117,node/1996998154,"10:00-13:00, 16:00-19:00; Mo off",,https://www.museoparcosiddi.it,39.671568,8.888050
Q16580532,musees,Museo Orientale Umberto Scerrato,Museo Orientale Umberto Scerrato,063,node/13813622751,Mo-Su closed; PH closed,,http://museorientale.unior.it/,40.831205,14.244340
Q24941869,musees,Museo Nazionale di Archeologia del Mare,Museo Nazionale di Archeologia del Mare,027,way/763506768,"Jul 01-Sep 15: Fr,Sa,Su 15:00-23:00; Sep 16-Oct 31 Fr,Sa,Su 09:00-17:00",,https://polomusealeveneto.beniculturali.it/musei/museo-nazionale-di-archeologia-del-mare,45.606476,12.876822
Q3868416,musees,Museo Nazionale d'arte medievale e moderna della Basilicata,Museo Nazionale d'arte medievale e moderna della Basilicata,077,way/242358949,Mo-Su 09:00-20:00; We 11:00-20:00,yes,,40.662856,16.610508
Q3329475,musees,Museo Nazionale Etrusco Rocca Albornoz,Museo Nazionale Etrusco Rocca Albornoz,056,node/5310107551,Tu-Su 08:30-19:30; Mo off; Jan 1 off; Dec 25 off,,https://www.polomusealelazio.beniculturali.it/index.php?it/174/museo-nazionale-etrusco-rocca-albornoz,42.421826,12.104503
Q23926876,musees,Museo Nazionale Concordiese,Museo Nazionale Concordiese,027,way/197218125,Mo-Su 08:30-19:30; Jan 1 off; Dec 25 off,,https://polomusealeveneto.beniculturali.it/musei/museo-archeologico-nazionale-concordiense,45.775350,12.835506
Q3867621,musees,Museo Morandi,Museo Morandi,037,node/1704566220,"Jul-Oct Sa,Su 16:00-20:00; Nov-Jun Sa 14:00-17:00; Nov-Jun Su 10:00-13:00,14:00-17:00",no,,44.489250,11.355126
Q112944230,musees,Museo Mondo Milan,Museo Mondo Milan,015,node/6483455293,Sa-Su 10:00-18:00,,https://www.acmilan.com/it/biglietteria/museo-mondo-milan,45.485591,9.148421
,musees,Museo Miniera Rosas,Museo Miniera Rosas,119,way/294626143,We-Su 09:00-15:00,,https://museorosasnarcao.it/,39.202877,8.719277
Q55371875,musees,Museo Martini,Museo Martini,001,node/6427206452,"Mo-Fr 09:00-18:00; Sa-Su 10:00-18:00; Jan 1, Aug week 32-34, Dec 25-26 off",,https://www.martini.com/it/it/casa-martini/,44.965601,7.840947
Q25387400,musees,Museo Luigi Mallé,Museo Luigi Mallé,004,node/6469904962,"Sa,Su, PH 15:00 - 19:00; Jan 1, Dec 25 off",,http://www.museomalle.org,44.467645,7.358278
Q89403319,musees,Museo Lechi,Museo Lechi,017,node/6446045049,"We-Sa 10:00-13:00,14:00-18:00; Su 15:00-19:00; Jan 01,easter,May 01,Aug 15,Dec 25 off",,https://www.montichiarimusei.it/pieghevole_musei.pdf,45.412640,10.390392
Q55372550,musees,Museo Laboratorio della Preistoria,Museo Laboratorio della Preistoria,001,node/6433756035,"Feb 01-Nov 30: 14:30-16:30, Su,PH 10:00-12:00,14:30-16:30; easter off",,https://www.museopreistoriavaie.it/it/home,45.102175,7.286661
Q3867565,musees,Museo Laboratorio della Civiltà Contadina,Museo Laboratorio della Civiltà Contadina,077,way/244637689,"09:00-13:00,16:00-19:00",,https://museolaboratorio.it,40.667584,16.609845
Q93317327,musees,Museo Italiano dell'Immaginario Folklorico,Museo Italiano dell'Immaginario Folklorico,046,node/8545238347,Tu 09:00-13:00; We-Su 15:00-19:00,,https://museoimmaginario.net,44.184724,10.289478
Q55375985,musees,Museo Intelvese dei Fossili,Museo Intelvese dei Fossili,013,node/11799405754,Jul-Aug: Su 10:30-12:00,no,,45.986104,9.045786
Q55376927,musees,Museo Innocente Salvini,Museo Innocente Salvini,012,node/369931341,Mo-Fr closed; Sa-Su 15:00-18:00; PH closed,,https://www.mulinomuseosalvini.it,45.875262,8.678523
Q3867756,musees,Museo II Legione Partica,Museo II Legione Partica,058,node/1604801957,"Mo-Sa 09:00-13:00; Th-We 16:00-18:30; Su[2,4] 09:00-13:00",,http://www.museicivicialbano.it/,41.728141,12.658016
Q21552047,musees,Museo Hermann Nitsch,Museo Hermann Nitsch,063,node/2601104325,"Mo-Fr 10:00-19:00, Sa-Su 10:00-16:00",,https://www.museonitsch.org/it/,40.850268,14.248118
,musees,Museo Giuseppe Whitaker,Museo Giuseppe Whitaker,081,way/114695799,"PH,Mo-Su 10:00-14:00,15:00-19:00",yes,,37.866336,12.470088
Q55375803,musees,Museo Giovan Battista Rubini,Museo Giovan Battista Rubini,016,node/12169926448,Su 10:00-12:00,,https://cultura.gov.it/luogo/museo-giovan-battista-rubini,45.521276,9.754499
Q67145784,musees,Museo Giardino della Rosa Antica,Museo Giardino della Rosa Antica,036,node/761240731,"Apr 15-Jun 30 Mo-Su 09:00-18:00; || ""by appointment""",,https://www.museoroseantiche.it,44.480374,10.839765
Q21552276,musees,"Museo Geopaleontologico ""Ardito Desio""","Museo Geopaleontologico ""Ardito Desio""",058,way/499067758,"Sa-Su 10:00-13:00,16:00-19:00",,http://host.uniroma3.it/musei/arditodesio/,41.847169,12.945874
Q3868214,musees,Museo Geofisica,Museo Geofisica,058,way/172438865,"Tu-Fr 09:30-12:30; Sa-Su 09:30-12:30,16:00-19:00; Jul, Aug Sa 21:00-22:30",,http://museoroccadipapa.ingv.it/,41.760346,12.710296
Q55376765,musees,Museo Galleria del Premio Suzzara,Museo Galleria del Premio Suzzara,020,node/6475652784,"Oct 01-May 31: Tu-Fr 09:00-13:00; Sa 09:30-12:30,15:00-18:00; Su 15:00-18:00; Jun 01-Sep 30; Tu-Fr 09:00-13:00; Sa 09:30-12:30,16:00-19:00; Su 16:00-19:00; Mo off",,https://www.premiosuzzara.it/,44.993117,10.751632
Q55371527,musees,Museo Fondazione Calderara,Museo Fondazione Calderara,003,node/3147614053,"May 15-Oct 15: Tu-Fr 15:00-19:00; Sa,Su 10:00-12:00, 15:00-19:00; Mo off",,https://www.fondazionecalderara.it/,45.786142,8.429336
Q3868122,musees,Museo Ferroviario Sardo,Museo Ferroviario Sardo,118,way/221999272,Sa 09:30-12:30,no,,39.215418,9.108289
Q3868375,musees,Museo Ferroviario Piemontese,Museo Ferroviario Piemontese,004,way/130386500,"Mar Su[-1]-Oct Sa [-1]: Th 15:00-18:30; Sa-Su 10:00-12:30,15:00-18:30; Mo-Fr off; Oct Su[-1]-Mar Sa[-1]: Sa 10:00-12:30,14:30-17:30; Su 14:30-17:30; Mo-Fr off",,http://www.museoferroviariopiemontese.it,44.641825,7.663693
Q55372352,musees,Museo Faà Di Bruno,Museo Faà Di Bruno,001,node/6433764792,"Mo,We,Fr 09:00-12:00",,https://www.museofaadibruno.it/,45.079966,7.665013
Q70357801,musees,Museo Ettore Fico,Museo Ettore Fico,001,node/4732591999,We-Fr 14:00-19:00; Sa-Su 11:00-19:00,,https://www.museofico.it/,45.092025,7.685595
Q3868353,musees,Museo Etnografico di Bomba,Museo Etnografico di Bomba,069,way/1426473377,Tu-Su 10:00-18:00,,https://www.museoetnograficobomba.it/,42.033068,14.366943
Q55390576,musees,Museo Etnografico dell’Attrezzo Agricolo ‘L Çivel,Museo Etnografico dell’Attrezzo Agricolo ‘L Çivel,003,node/3734648576,"Apr,May,Jun,Sep,Oct,Nov: Su 15:00-18:00",,http://www.casalbeltrameonline.it/museo/,45.437334,8.468748
Q55377717,musees,Museo Etnografico del Ponente ligure,Museo Etnografico del Ponente ligure,008,node/4442358022,"Jun-Sep Tu-Su 09:00-13:00,16:00-20:00; Oct-May Tu-Su 10:00-13:00,15:00-17:00",yes,,43.927113,8.115114
Q55375378,musees,Museo Etnografico Su Magasinu De Su Binu,Museo Etnografico Su Magasinu De Su Binu,119,node/6441408938,"Apr 01-Sep 30 09:00-19:00; Oct 01-15 09:00-13:00,15:30-20:00; Oct 16-Mar 31 09:00-13:00,15:00-18:00",,https://mabsantantioco.it/,39.070957,8.449749
Q55672092,musees,Museo Diocesano Sezione dell’Alta Valle Arroscia,Museo Diocesano Sezione dell’Alta Valle Arroscia,008,node/4442358035,"Sa, Su 09:30-13:00, 14:30-18:30; Mo-Fr off",,https://www.formaelucis.com/museo-diocesano/onde-barocche-biglietti-orari-albenga-pieve-di-tec,44.046239,7.915203
Q3868305,musees,Museo Diocesano San Sebastiano,Museo Diocesano San Sebastiano,004,node/1925933965,"Fr 15:00-18:00; Sa,Su 10:00-19:00; Jan 01,easter,Apr 25,May 01,Aug,Dec 25 off",,http://www.museodiocesanocuneo.it/index.php?id=museodiocesanocuneo,44.392287,7.552801
Q112142129,musees,"Museo Diocesano ""Francesco Gonzaga""","Museo Diocesano ""Francesco Gonzaga""",020,relation/3247368,"We-Su 09:30-12:00,15:00-17:30; Jan 01,easter,Dec 25 off",,http://www.museofrancescogonzaga.it,45.161004,10.794553
Q3868273,musees,Museo Diocesano,Museo Diocesano,081,way/41384588,"Tu,Th 10:00-12:30; Sep 15-Jun 14 We,Fr,Sa 10:00-12:30,16:00-18:00; Sep 15-Jun 14 Su[1,-1] 16:00-18:00; Jun 15-Sep 14 We,Fr,Sa 10:00-12:30,16:30-18:30; Jun 15-Sep 14 Su[1,-1] 16:30-18:30; Mo off; Jan 01,06 off; Aug 15 off; Nov 01 off; Dec 08,24-26 off",,http://www.museodiocesanomazara.it/,37.651258,12.589367
Q55360046,musees,Museo Diffuso del Vino,Museo Diffuso del Vino,058,way/206928820,"Fr-Su 09:00-13:00, 15:00-19:00",,https://www.comune.monteporziocatone.rm.it/polo_museale.php,41.816671,12.714546
Q3868052,musees,Museo Della Sindone,Museo Della Sindone,001,node/4908362221,"Mo-Su 09:00-12:00, 15:00-19:00; Su[-1] 09:00-19:00",,https://www.sindone.it/,45.076140,7.676579
Q3867759,musees,Museo Civico e Gipsoteca Bistolfi,Museo Civico e Gipsoteca Bistolfi,006,node/945101758,"Th 08:30-12:30,14:30-16:30; Fr,Sa,Su,PH 10:30-13:00,15:00-18:30; Mo,Th,We off; Jan 01,Dec 25 off",,https://www.comune.casale-monferrato.al.it/museo,45.134939,8.451568
Q21552052,musees,Museo Civico di Taverna,Museo Civico di Taverna,079,node/2048418170,Tu-Sa 09:30-12:30; 16-18,,https://www.museocivicotaverna.it/,39.019747,16.582344
Q3868241,musees,Museo Civico di Storia Naturale,Museo Civico di Storia Naturale,038,way/1455237213,Tu-Su 09:00-18:00; Mo off,no,,44.838058,11.622468
Q55673706,musees,Museo Civico di Paleontologia e Scienze Naturali dell’Aspromonte,Museo Civico di Paleontologia e Scienze Naturali dell’Aspromonte,080,node/6514811156,Mo-Fr 08:00-14:00; Mo off,,https://www.beniculturali.it/mibac/opencms/MiBAC/sito-MiBAC/Luogo/MibacUnif/Luoghi-della-Cultura/visualizza_asset.html?id=150841&pagename=57,37.994625,15.930440
Q3867808,musees,Museo Civico della Laguna Sud,Museo Civico della Laguna Sud,027,way/185839801,"Sa-Su 10:00-13:00,14:30-18:30; Tu-Fr 09:00-13:00; Mo closed; PH closed",,https://museo.chioggia.org,45.215277,12.277664
Q55360210,musees,"Museo Civico Etrusco-Romano Prof. ""Gregorio Bianchini""","Museo Civico Etrusco-Romano Prof. ""Gregorio Bianchini""",058,node/4258263917,"Tu-Su 09:00-13:00,16:00-19:00",no,,42.156188,12.246263
Q55376872,musees,Museo Civico Di Bormio,Museo Civico Di Bormio,014,node/13009520464,"Dec 27-Apr 15: Mo-Sa 15:30-18:30; Apr 16-Jun 14, Sep 16-Nov 30: Tu,Th,Sa 15:30-18:30; Jun 15-Sep 15: Mo-Su 10:00-12:30, 15:00-19:00; Dec 1-Dec 23: Tu-Sa 15:30-18:30",,https://www.museocivicobormio.it/,46.469399,10.376167
Q55376051,musees,Museo Civico Archeologico Platina,Museo Civico Archeologico Platina,019,node/2087390261,"Oct-May: Mo-Fr 09:00-13:00; Su 15:30-18:30; Jun-Sep: Tu-Fr 09:00-13:00; Su 15:30-18:30; Sa,PH, Aug off",,https://www.museopiadena.it/,45.130423,10.368340
Q3867780,musees,"Museo Civico ""Umberto Mastroianni""","Museo Civico ""Umberto Mastroianni""",058,node/5745712143,"Fr-Su 10:00-13:00, 16:00-19:00",,provincia.roma.it,41.768422,12.661659
Q3867769,musees,Museo Civico,Museo Civico,022,way/63657949,Tu-Su 10:00-18:00,yes,,45.890027,11.038686
Q123348232,musees,Museo Checco Costa,Museo Checco Costa,037,node/5119786071,"Mo,We-Fr 10:00-13:00,14:00-18:00; Sa,PH 10:00-18:00",,https://www.motorvalley.it/partner/musei/museo-multimediale-autodromo-di-imola-checco-costa/,44.344624,11.714830
Q55369197,musees,Museo Casa Pezzolla,Museo Casa Pezzolla,072,node/2407325269,"Mo-Su 10:00-13:00, 15:30-19:00",yes,,40.784079,17.239099
Q32814927,musees,Museo Casa Deriu,Museo Casa Deriu,115,node/4982564246,Tu-Su 10:00-18:00,yes,,40.295917,8.501613
Q125127062,musees,Museo Casa Andrich,Museo Casa Andrich,027,way/176655267,Mo-Su 10:30-17:30,,https://www.museoandrich.com/,45.498398,12.411625
Q135103595,musees,Museo Byron,Museo Byron,039,node/12956403085,Tu-Su 10:00-18:00; Mo off,,https://www.palazzoguiccioli.it/museobyron/,44.418958,12.196951
Q3868117,musees,Museo Bernardini-Fatti della vetrata antica,Museo Bernardini-Fatti della vetrata antica,051,node/5016773430,"Mar-Jan: We-Su,PH 10:00-13:00; Mar-Jan: Mo,Tu off",no,,43.568611,12.141774
Q112015455,musees,Museo Beniamino Gigli,Museo Beniamino Gigli,043,node/8284325030,"Tu-Su 10:00-13:00,15:00-18:00; Mo off",,https://www.infinitorecanati.it/il-circuito/museo-beniamino-gigli/,43.402692,13.549336
Q3867575,musees,Museo Baroffio,Museo Baroffio,012,way/1507815145,"Mar-Nov We-Fr 14:00-18:00; Mar-Nov Sa,Su 10:00-18:00; Dec 08-Jan 08 open",,http://www.museobaroffio.it/,45.860333,8.792532
Q55385389,musees,Museo Arcos,Museo Arcos,062,node/2345310325,"Mo off; Tu-Fr 09:00-18:00; Sa-Su 09:00-13:00,15:00-18:00",yes,,41.129821,14.781287
Q55685766,musees,Museo Archeologico di Capo Colonna,Museo Archeologico di Capo Colonna,101,way/150519096,"Tu-Su 9:00-13:00, 15:00-19:00",,https://www.beniculturali.it/mibac/opencms/MiBAC/sito-MiBAC/Luogo/MibacUnif/Luoghi-della-Cultura/visualizza_asset.html?id=151762&pagename=157031,39.024386,17.200039
Q55686092,musees,Museo Archeologico di Calatia,Museo Archeologico di Calatia,061,node/6717821899,We-Mo 09:00-19:30; Tu off,,http://museoarcheologicocalatia.beniculturali.it,41.034065,14.389846
Q55386428,musees,Museo Archeologico di Albano,Museo Archeologico di Albano,058,node/10311896352,Mo-Sa 09:00-13:00; Th-We 16:00-18:30; Su[1-2] 09:00-13:00,,http://www.museicivicialbano.it/,41.726838,12.661466
Q3867680,musees,Museo Archeologico della Media Valle del Sele,Museo Archeologico della Media Valle del Sele,065,node/1246664053,"Mo-Fr 08:30-16:00; May, Jun, Jul Su [1] 08:30-16:00; Sa, Su off",,http://www.polomusealecampania.beniculturali.it/index.php/il-museo-eboli,40.618640,15.056620
Q3867676,musees,Museo Archeologico dell'Alto Mantovano,Museo Archeologico dell'Alto Mantovano,020,node/1297851113,"Tu-Fr 09:00-12:00; Sa,Su,PH 09:00-12:00,15:00-18:00; Mo, Dec 15-Jan 31,easter off",,https://www.museocavriana.it/it/index/,45.351561,10.599668
Q3867671,musees,Museo Archeologico del Canavese,Museo Archeologico del Canavese,001,node/5499072166,"Mo-Fr 09:00-17:00; PH,Sa-Su ""by appointment""",,http://cesmaonline.org/museo-archeologico-del-canavese/,45.392717,7.653374
Q16336132,musees,Museo Archeologico Virtuale di Ercolano,Museo Archeologico Virtuale di Ercolano,063,way/309268120,Tu-Su 09:00-16:00,,https://www.museomav.it/,40.807249,14.350386
Q3867739,musees,"Museo Archeologico Statale ""Vincenzo Laviola""","Museo Archeologico Statale ""Vincenzo Laviola""",078,way/1370837430,Tu-Su 09:00-13:00,,http://parcosibari.it/,39.952247,16.580391
Q55671504,musees,Museo Archeologico San Lorenzo,Museo Archeologico San Lorenzo,019,node/2369435398,"Tu-Fr 09:00-13:00; Sa,Su,PH, easter +1 day 10:00-17:00; Mo off; Jan 01,Dec 25-26 off",,https://www.musei.comune.cremona.it/PostCE-display-ceid-9.phtml,45.134997,10.029435
Q3867730,musees,Museo Archeologico Nazionale di Volcei,Museo Archeologico Nazionale di Volcei,065,relation/4540981,"Tu-Su 09:00-13:00, 15:00-19:00; Mo off",,http://www.volcei.net/index.html,40.632710,15.370057
Q3329479,musees,Museo Archeologico Nazionale di Tuscania,Museo Archeologico Nazionale di Tuscania,056,relation/7235724,Tu-Su 08:30-19:30; Jan 1 off; Dec 25 off,,https://www.polomusealelazio.beniculturali.it/index.php?it/558/museo-archeologico-nazionale-di-tuscania,42.421713,11.873058
Q3867712,musees,Museo Archeologico Nazionale di Egnazia,Museo Archeologico Nazionale di Egnazia,074,relation/6201836,Mo-Sa 08:30-19:30; Su 08:30-13:30,,https://museipuglia.cultura.gov.it/musei/museo-archeologico-nazionale-e-parco-archeologico-di-egnazia/,40.885975,17.387080
Q20009250,musees,Museo Archeologico Nazionale di Canosa di Puglia,Museo Archeologico Nazionale di Canosa di Puglia,110,way/397503650,"Tu, We, Fr, Sa 09:00-13:45; Th, Su 09:00-13:45; Mo off",,https://musei.puglia.beniculturali.it/musei/palazzo-sinesi-canosa-di-puglia/,41.221315,16.066575
Q3867710,musees,Museo Archeologico Nazionale di Adria,Museo Archeologico Nazionale di Adria,029,node/1414876317,Mo-Su 08:30-19:30; Su[4] 14:30-19:30; Jan 1 off; Dec 25 off,,https://polomusealeveneto.beniculturali.it/musei/museo-archeologico-nazionale-di-adria,45.049000,12.055459
Q3867705,musees,Museo Archeologico Nazionale della Sibaritide,Museo Archeologico Nazionale della Sibaritide,078,node/4500576994,"24/7 closed ""Chiuso temporaneamente per lavori in corso""; Tu-Su 09:30-19:30 open ""Ultimo ingresso 30 minuti prima della chiusura.""; Mo off """"",,http://www.parcosibari.it/,39.726244,16.494764
Q3867699,musees,Museo Archeologico Nazionale Domenico Ridola,Museo Archeologico Nazionale Domenico Ridola,077,way/243609821,Mo 14:00-20:00; Tu-Su 09:00-20:00,,https://musei.beniculturali.it/musei?mid=69&nome=museo-archeologico-nazionale-domenico-ridola,40.663868,16.609224
Q24941109,musees,Museo Archeologico Nazionale,Museo Archeologico Nazionale,058,way/384208978,Tu-Su 08:30-19:30; Mo off; Jan 1 off; Dec 25 off,,https://www.polomusealelazio.beniculturali.it/index.php?it/227/museo-archeologico-nazionale-civitavecchia,42.090994,11.792576
Q93450160,musees,Museo Archeologico Etnografico Athena,Museo Archeologico Etnografico Athena,046,node/7319468544,"Tu,Th 09:00-13:00; Fr 13:00-19:00; Sa 10:00-13:00,16:00-19:00",,https://www.museoathena.it/,43.835872,10.568820
Q54087644,musees,Museo Archeologico,Museo Archeologico,003,node/5552177149,Tu 10:00-12:00; Sa-Su 15:30-18:30,,http://www.archeomuseo.it/,45.760730,8.560622
Q3867569,musees,Museo Adriano Bernareggi,Museo Adriano Bernareggi,016,node/4464650192,"Tu-Fr 15:00-18:00; Sa-Su ""by appointment""; Mo off",,https://www.fondazionebernareggi.it/it/museo/il-palazzo,45.700654,9.673991
Q768259,musees,"Musei in San Domenico, Pinacoteca","Musei in San Domenico, Pinacoteca",040,node/298994213,"Mo-Fr 09:30-19:00; PH,Sa,Su 09:30-20:00",yes,,44.221362,12.035942
Q3867541,musees,Musei della Canonica del Duomo di Novara,Musei della Canonica del Duomo di Novara,003,node/6584206780,"We-Sa 09:00-14:00; Su 13:00-18:00; Mo,Tu off",yes,,45.445631,8.620676
Q30888186,musees,MuCa - Museo della Cantieristica,MuCa - Museo della Cantieristica,031,node/5764027843,"Mo,Fr-Su 10:00-18:00; Tu-Th off",,https://www.mucamonfalcone.it/,45.794958,13.536896
Q30090778,musees,Mu.Sa.,Mu.Sa.,017,way/88449365,"Apr-May,Oct-Dec: Mo-Su 10:00-19:00; Jun-Sep: Mo-Su 10:00-20:00",,https://www.museodisalo.it,45.607599,10.526130
Q3860224,monuments,Molinetto della Croda,Molinetto della Croda,026,node/520544050,"Fr, Sa 15:30-18:00; Su 10:30-12:00, 15:00-18:00",,www.molinettodellacroda.it/,45.937922,12.191718
Q3859477,megalithes,Mitreo di Marino,Mitreo di Marino,058,node/8418686111,"Sa [2,3,4] 16:30+; Su [2,3,4] 11:00+; Mo-Fr off",,https://www.comune.marino.rm.it/vivere-marino/mitreo,41.769376,12.655199
Q3854838,monuments,Mercato Coperto Albinelli,Mercato Coperto Albinelli,036,way/167305595,Mo-Sa 06:30-14:30,,https://www.mercatoalbinelli.it/,44.644833,10.925549
Q3846801,musees,Marengo Museum,Marengo Museum,006,node/3604598682,Sa-Su 15:00-19:00,,http://www.marengomuseum.it,44.895137,8.669354
Q3784231,musees,Maison des anciens remèdes,Maison des anciens remèdes,007,node/2900583662,"Sa-Su 15:00-19:00; Mo-Fr ""by appointment""",,https://www.anciensremedesjovencan.it/,45.713798,7.275081
Q55354259,musees,Maison de Cogne Gérard Dayné,Maison de Cogne Gérard Dayné,007,node/7664050089,"Tu-Su 10:00-12:30,14:00-18:00",yes,,45.607009,7.358643
Q77844120,musees,MAXXI L'Aquila,MAXXI L'Aquila,066,node/7123401873,"Th 16:00-20:00, Fr-Su 11:00-19:00; Mo-We off",,https://maxxilaquila.art,42.352967,13.399795
Q16580620,musees,MACK - Museo d'Arte Contemporanea Krotone,MACK - Museo d'Arte Contemporanea Krotone,101,node/5641479389,Chiuso definitivamente,,https://www.beniculturali.it/luogo/mack-museo-arte-contemporanea-crotone,39.082176,17.130556
Q3868076,musees,MACA - Mantova Collezioni Antiche,MACA - Mantova Collezioni Antiche,020,way/168240070,Mo 13:00-18:00; Tu-Su 09:00-18:30; Dec 25 off,,https://maca.museimantova.it/collezioni-antiche/,45.150371,10.786790
Q55674364,megalithes,Le grotte gialle,Le grotte gialle,049,node/1979275087,24/7,,https://comune.bibbona.li.it/vivere-il-comune/luoghi/grotte-gialle,43.289118,10.581340
Q55677314,musees,Kleines Museum in Lana - Piccolo Museo a Lana,Kleines Museum in Lana - Piccolo Museo a Lana,021,node/4409756812,"""Das Museum ist ganzjährig auf Anfrage geöffnet""",no,,46.608477,11.168288
Q1106485,musees,Italia in Miniatura,Italia in Miniatura,099,way/424278187,Mo-Su 09:30-18:30,,https://www.italiainminiatura.com/,44.091408,12.516063
Q115695,musees,Infini TO - Planetario e Museo dell'Astronomia e dello Spazio,Infini TO - Planetario e Museo dell'Astronomia e dello Spazio,001,way/189366133,"Tu-Fr 09:30-15:30; Sa,Su,PH 14:30-19:30; Mo off",,https://www.planetarioditorino.it/infinito/,45.039544,7.761899
Q55359882,musees,Historiale di Cassino,Historiale di Cassino,060,way/238793052,"Mo-Fr 09:30-12:30, Su 09:30-12:30,14:30-17:00; Sa off",,https://historialecassino.eu/,41.483508,13.828381
Q55351985,musees,Heimatmuseum Laatsch - Museo locale di Laudes,Heimatmuseum Laatsch - Museo locale di Laudes,021,node/3196031528,"Apr-Oct: We,Th 16:00-18:00",no,,46.679336,10.531533
Q3777130,grottes,Grotta di San Michele,Grotta di San Michele,112,node/4588843309,"Apr-Oct Tu-Su 10:00-13:00,15:00-18:00; Nov-Mar Tu-Su 10:00-13:00,14:00-17:00; Nov 01,Jan 06,Nov 13,Dec 08,Dec 25-26,Jan 01 off",,http://www.sardegnacultura.it/j/v/253?s=21284&v=2&c=2488&c1=1983&t=1,40.580994,9.004027
Q113870106,grottes,Grotta della Pollera,Grotta della Pollera,009,node/2752608158,24/7,no,,44.200575,8.314671
Q3777037,grottes,Grotta dell'Inferno K0048 L220 T-9+14,Grotta dell'Inferno K0048 L220 T-9+14,112,node/4588659438,24/7,no,,40.708281,8.602989
Q130232925,musees,Grand Tour Italia,Grand Tour Italia,037,way/265893610,Mo-Su 10:00-23:00,,https://www.grandtouritalia.it,44.516689,11.409725
Q55376962,musees,Gipsoteca Spazio Scultura Pellini Bozzolo,Gipsoteca Spazio Scultura Pellini Bozzolo,012,node/12122418226,"We 15:00-17:00; Sa 09:00-12:30; Mo-Tu,Th-Fr,Su closed; PH closed",,https://www.comune.marchirolo.varese.it/Luoghi?ID=1227,45.949204,8.831127
Q3768551,musees,Gipsoteca Calandra,Gipsoteca Calandra,004,node/12004081502,"Sa 15:00-18:30; Su 10:00-13:00, 15:00-18:30; Aug off",,https://www.comune.savigliano.cn.it/servizi/menu/dinamica.aspx?idArea=16540&idCat=16662&ID=16662,44.646569,7.660956
Q55370238,musees,"Gipsoteca ""Giulio Monteverde""","Gipsoteca ""Giulio Monteverde""",006,node/4492754028,"May-Oct: Sa-Su 10:30-12:30,15:00-18:00",,https://www.gipsotecamonteverde.it/,44.660777,8.369907
Q3763933,musees,Giardino Zoologico di Pistoia,Giardino Zoologico di Pistoia,047,way/185413524,Mo-Su 09:30-19:00,,https://www.zoodipistoia.it/,43.930142,10.865782
Q3761649,musees,Ghetto degli Ebrei,Ghetto degli Ebrei,118,way/277186993,"Tu-Su 10:00-13:00,17:00-20:00",yes,,39.220411,9.114794
Q3867586,musees,Galleria d'arte moderna Giovanni Carandente,Galleria d'arte moderna Giovanni Carandente,054,node/4709834411,"Mo, We-Su 10:30-13:00; Mo, We-Su 15:00-17:30",,https://www.palazzocollicola.it/,42.734887,12.734277
Q112944235,musees,Galleria Campari,Galleria Campari,015,way/196602310,Sa-Su 10:30-18:00; Mo-Fr off,no,,45.539173,9.235486
Q131766201,musees,Fondazione Massimo e Sonia Cirulli,Fondazione Massimo e Sonia Cirulli,037,node/11285006891,"Su ""reservation required""",,https://fondazionecirulli.org/,44.464649,11.424633
Q30880427,musees,Falseum - Museo del falso e dell'inganno,Falseum - Museo del falso e dell'inganno,096,node/3742454135,"Sa-Su,PH 10:30-13:30,14:30-19:30",,http://www.falseum.it/it/,45.502031,8.117014
Q3585409,monuments,Ex Chiesa di Santa Chiara,Ex Chiesa di Santa Chiara,027,way/1219737892,Mo-Su 10:30-16:00,,https://www.santachiaramurano.com/,45.452025,12.350914
Q3734809,musees,EuroPark Milano Idroscalo,EuroPark Milano Idroscalo,015,way/27130139,Fr 21:00-00:00; Sa 14:00-01:00; Su 14:00-00:00,,https://www.europarkmilano.com/,45.474810,9.285181
Q3719016,musees,Edenlandia,Edenlandia,063,way/227393890,"Mo-Fr 17:30-00:00; Sa,Su 10:30-25:00; easter 10:30-25:00; PH 10:30-25:00",,https://www.edenlandia.it/,40.821593,14.182607
Q55371749,musees,Ecomuseo delle Guide Alpine Antonio Castagneri,Ecomuseo delle Guide Alpine Antonio Castagneri,001,node/1895071131,Jul Su 15:30-17:30; Aug Sa-Su 15:30-17:30; Sep 15:30-17:30,,https://www.ecomuseobalme.it/index.html,45.302422,7.217979
Q55390839,musees,Ecomuseo della Pietra da Cantoni,Ecomuseo della Pietra da Cantoni,006,node/3617354228,"Su 10:00-12:00,15:00-17:00",,https://www.ecomuseopietracantoni.it/,45.075188,8.390627
Q55371370,musees,Ecomuseo della Pastorizia,Ecomuseo della Pastorizia,004,way/317105515,"Mo-Fr ""by appointment""; Sa, Su 15:00-18:00",,http://www.visitstura.it/cultura-e-arte/attrattive/musei/pietraporzio-ecomuseo-della-pastorizia/,44.350518,7.017721
Q3718652,musees,Ecomuseo del Paesaggio di Parabiago,Ecomuseo del Paesaggio di Parabiago,015,node/7632503206,24/7,,https://ecomuseo.comune.parabiago.mi.it/,45.553426,8.959160
Q93895596,musees,Ecomuseo del Casentino - Ecomuseo del Contrabbando e della Polvere Da Sparo di Chitignano,Ecomuseo del Casentino - Ecomuseo del Contrabbando e della Polvere Da Sparo di Chitignano,051,node/6237490902,"Jul-Aug: Sa,Su 16:00-19:00",,https://www.ecomuseo.casentino.toscana.it/,43.665387,11.884628
Q55390779,musees,Ecomuseo dei Terrazzamenti e della Vite,Ecomuseo dei Terrazzamenti e della Vite,004,node/8274426480,"""by appointment""",,http://www.langheroero.it/risorse/musei-ed-ecomusei/ecomuseo-dei-terrazzamenti-e-della-vite,44.579882,8.191240
Q55371715,musees,Ecomuseo Sogno di Luce - A. Cruto,Ecomuseo Sogno di Luce - A. Cruto,001,node/6429789789,"Th, Su[1] 15:00-18:00",,https://ecomuseo.comune.alpignano.to.it/,45.097914,7.525873
Q55372596,musees,Ecomuseo Feltrificio Crumiere,Ecomuseo Feltrificio Crumiere,001,node/6429779295,Apr 16-Oct 15: Su 15:00-18:00,,https://www.ecomuseocrumiere.eu,44.807292,7.155688
Q27992890,musees,Cà d'Ninin,Cà d'Ninin,103,node/13681137551,"""reservation via web site""",,https://www.comune.vanzoneconsancarlo.vb.it/it-it/vivere-il-comune/cosa-vedere/ca-d-ninin-museo-della-casa-anzaschina-28499-1-a2946f359787f0d1dfcfa80b1ef42c7c,45.979415,8.110965
Q3777063,grottes,Conca Prima Di Conchi K0167,Conca Prima Di Conchi K0167,112,node/5588767109,24/7,no,,40.848296,8.814586
Q3685236,musees,Complesso monumentale di San Francesco,Complesso monumentale di San Francesco,004,relation/5482238,"PH,Tu-Su 15:30-18:30; Mo off; Jan 01 off; Dec 25 off",,http://www.comune.cuneo.it/cultura/museo,44.394776,7.550581
Q16531852,monuments,Complesso Monumentale del Belvedere di San Leucio,Complesso Monumentale del Belvedere di San Leucio,061,relation/1889621,We-Mo 9:00-17:00,,https://www.belvederedisanleucio.it/,41.101215,14.317056
Q55372063,musees,Collezione Civica d'arte Palazzo Vittone,Collezione Civica d'arte Palazzo Vittone,001,node/6428287468,"Su 10:30-12:00, 15:30-18:00",,https://www.comune.pinerolo.to.it/web/index.php/servizi/aree-tematiche/arte-e-cultura/33-musei/83-collezione-civica-d-arte-di-palazzo-vittone,44.887039,7.333746
Q55376169,musees,Civico museo di storia naturale Don Michelangelo Ambrosioni,Civico museo di storia naturale Don Michelangelo Ambrosioni,097,node/10086969925,"Tu 10:00-13:00,15:00-17:00; We 10:00-15:00 ""by appointment""; Fr 10:00-15:00 ""by appointment""; Sa 10:00-13:00,15:00-17:00; Aug off",,https://www.comune.merate.lc.it/vivere_il_comune/luoghi/luogo_5.html,45.698657,9.414357
Q3868229,musees,"Civico Museo di scienze naturali ""Giuseppe Orlandi""","Civico Museo di scienze naturali ""Giuseppe Orlandi""",018,node/2532943718,"Mo-We 09:00-12:30,14:30-17:30; Sa 10:00-12:00",,https://www.comune.voghera.pv.it/it/page/civico-museo-di-scienze-naturali-giuseppe-orlandi,44.990754,9.005031
,musees,Civic Museum Civiltà in Polesine,Civic Museum Civiltà in Polesine,029,way/138797485,"Tu-Fr 09:00-13:00; Sa,Su 10:00-13:00,16:00-19:00; Jan 1 off; Aug 15 off; Nov 1 off; Nov 26 off; Dec 25-26 off; easter off",,http://www.museograndifiumi.it/,45.064350,11.797039
Q98086645,musees,Cinè Museum,Cinè Museum,021,node/5891555080,"Jan-Jun,Sep-Dec: Tu,We,Fr,Sa 09:30-12:00,15:00-18:00",,http://www.cinemuseum.eu/,46.469058,11.331460
Q3677153,musees,Cinecittà World,Cinecittà World,058,way/312573940,Mo-Su 11:00-22:00,,https://cinecittaworld.it/,41.712859,12.449687
Q3676889,monuments,Cimitero Monumentale di Busto Arsizio,Cimitero Monumentale di Busto Arsizio,012,way/38937074,Th-Tu 08:00-18:00,,https://www.comune.bustoarsizio.va.it/it/vivere/cimitero-principale,45.609900,8.828239
Q608405,monuments,Cimitero Monumentale,Cimitero Monumentale,015,way/4915384,Tu-Su 08:00-18:00,,https://monumentale.comune.milano.it/,45.487501,9.177898
Q116706430,musees,Children Museum Verona,Children Museum Verona,023,node/11007263640,Tu-Fr 14:30-18:30; Sa-Su 09:00-19:45,yes,,45.420215,10.984535
Q55391144,musees,Centro Visita del Bosco dell’Alevé,Centro Visita del Bosco dell’Alevé,004,node/6468291525,"Jun 17-Jul 31,Sep 01-09: Su 10:00-12:30,14:00-18:30; Aug Mo-Sa 14:30-18:30; Su 10:00-12:30,14:00-18:30",,https://www.parcomonviso.eu/ita/museicv.asp?id=2&cat=18,44.589150,7.070971
Q2944202,musees,Cenacolo del Fuligno,Cenacolo del Fuligno,048,node/3112861998,"Sa 09:00-13:00; We-Th 14:30-17:00 || ""orario variabile mese per mese; consultare il sito""",,https://cultura.gov.it/luogo/cenacolo-del-fuligno,43.777284,11.251371
Q845460,musees,Cavallino Matto,Cavallino Matto,049,relation/6411447,"Jun-Sep: Mo-Su,PH 10:30-18:30 || ""doublecheck https://www.cavallinomatto.it/organizza-la-tua-visita/calendario/""",,https://www.cavallinomatto.it/,43.181608,10.547356
Q3663193,megalithes,Catacombe Ad Decimum,Catacombe Ad Decimum,058,node/2290944893,Su 10:30-12:30,,https://visit.galmartellotta.it/catacomba-ad-decimum/,41.802953,12.638825
Q54873836,chateaux,Castello di San Martino della Vaneza,Castello di San Martino della Vaneza,028,way/1223846545,Sa 10:00-14:00; Su 10:00-18:00,,https://www.comune.cervarese.pd.it/Luoghi?ID=618,45.414317,11.710953
Q16538086,chateaux,Castello di Desenzano del Garda,Castello di Desenzano del Garda,017,way/228962830,"Jan, Feb, Mar, Nov, Dec: Sa,Su,PH 10:00-12:30,15:00-18:00;Apr, May, Oct: Tu-Su,PH 10:00-12:30,15:00-18:00;Jun-Sep: Tu-Su,PH 09:30-13:00,16:30-19:30;Mo, Easter, Dec 25 off",,https://www.comune.desenzano.brescia.it/italian/castello.php,45.469355,10.537957
Q16538051,chateaux,Castello di Burgos,Castello di Burgos,112,way/147467110,"Tu-Su 09:00-12:30,14:30-18:00",,https://musei.beniculturali.it/musei?mid=948&nome=castello-del-goceano,40.388451,8.998784
Q110951816,chateaux,Castello di Borgo Adorno,Castello di Borgo Adorno,006,node/690768251,"May 01-Sep 30 Sa [2,4] 10:00-18:00",,https://www.archivioclemenparrocchetti.com/la-storia.asp,44.740257,9.093997
Q3662710,chateaux,Castello Cini,Castello Cini,028,way/130745270,"Mar Su[-1]-Oct Su[-1] 09:00-11:00,15:00-17:00; Oct Su[-1]-Mar Su[-1] 09:00-11:00,14:00-16:00",,http://www.castellodimonselice.it/,45.241633,11.752793
Q73016733,chateaux,Castello Bonoris,Castello Bonoris,017,node/1838017852,"Apr-Oct: Sa 15:00-19:00;Su 10:00-12:00,15:00-19:00;Easter, Easter+1, May 1, Aug 15 off",,https://www.montichiarimusei.it/pieghevole_musei.pdf,45.411336,10.391903
Q55676410,chateaux,Castello Angioino,Castello Angioino,070,way/62075956,"May 1-Sep 30: Su 10:00-13:00, 17:00-20:00; Oct 1-Apr 30: Su 10:00-13:00, 15:00-17:00; Mo-Sa ""by appointment""",,https://www.musei.molise.beniculturali.it/musei?mid=934&nome=castello-di-civitacampomarano,41.780526,14.691102
Q55377098,chateaux,Castello Alfieri,Castello Alfieri,004,node/6466726440,"Apr-Oct: Sa-Su 10:30-18:30; easter +1 day,Apr 25,May 01,Aug 15 10:30-18:30",,https://www.amicicastelloalfieri.org/,44.766731,8.068214
Q3662327,chateaux,Castel Grumello,Castel Grumello,014,way/143419028,Oct-Feb 10:00-17:00; Mar-Sep 10:00-18:00,no,,46.173663,9.897119
Q21551899,musees,Casa-Studio Fernando Melani,Casa-Studio Fernando Melani,047,node/3979609886,"""Su appuntamento""",no,,43.934295,10.912224
Q113535929,musees,Casa delle Muse di Sinisgalli - Fondazione Leonardo Sinisgalli,Casa delle Muse di Sinisgalli - Fondazione Leonardo Sinisgalli,076,node/9487017894,Mo-Sa 16:30-19:30,,https://www.fondazionesinisgalli.eu,40.297829,15.991864
Q60839886,musees,Casa della Resistenza,Casa della Resistenza,103,way/195159044,"Mo-Th 09:00-12:00,14:00-17:00; Fr 09:00-12:00; Sa-Su 14:00-18:00",,https://casadellaresistenza.it/,45.947118,8.488142
Q3661256,musees,"Casa della Cultura ""Leonida Repaci""","Casa della Cultura ""Leonida Repaci""",080,node/1696539073,Mo-Fr 08:00-14:00,,https://www.comune.palmi.rc.it/index.php?action=index&p=348,38.355104,15.854163
Q55179755,musees,Casa del Senato,Casa del Senato,001,node/4969818596,"Su 10:30-12:00, 15:30-18:00",,https://www.comune.pinerolo.to.it/web/index.php/servizi/aree-tematiche/arte-e-cultura/33-musei/85-casa-del-senato,44.886457,7.327599
Q37872481,monuments,Casa del Petrarca,Casa del Petrarca,028,way/84234068,"Mar Su[-1]-Oct Su[-1] 09:00-12:30,15:00-19:00; Nov Su[-1]-Feb Su[-1] 09:00-12:00,14:30-17:30",,http://www.arquapetrarca.com,45.270736,11.715659
Q55183137,musees,Casa del Conte Verde,Casa del Conte Verde,001,way/291426373,"We-Fr 16:00-19:00; Sa-Su 10:00-13:00,16:00-19:00",yes,,45.071344,7.514569
Q55685694,musees,Casa Zegna,Casa Zegna,096,node/2919167921,Su 14:30-18:30,,https://www.fondazionezegna.org/,45.670155,8.158740
Q55370893,musees,Casa Museo dell'Alta Valle del Cervo,Casa Museo dell'Alta Valle del Cervo,096,way/538289902,Jun 05-Sep 25 Su 14:30-18:30,,https://www.casamuseo-altavalledelcervo.it/,45.675769,7.976670
Q107362224,musees,Casa Museo,Casa Museo,097,way/313091478,Sa-Su 16:00-18:00; Jan off; Feb off; Mar off; Apr off; May off; Jun off; Sep off; Oct off; Nov off; Dec off; PH 16:00-18:00 open,no,,45.932037,9.486179
,musees,Cappella di San Michele,Cappella di San Michele,030,way/36035150,Mo-Fr 09:00-17:00; Mar Su[-1]-Oct Su[-1]: Mo-Fr 09:00-19:00,yes,,46.333106,13.138376
Q55378820,musees,Cantina della Sfida,Cantina della Sfida,110,node/6589430686,"Tu-Su 10:00-14:00,16:00-20:00",no,,41.320850,16.283929
Q2739545,monuments,Caffé Pedrocchi,Caffé Pedrocchi,028,node/325130331,"Su-Th 08:00-24:00, Fr,Sa 08:00-01:00",,https://www.caffepedrocchi.it/,45.407692,11.877095
Q3626705,musees,Associazione Radioamatori Italiani,Associazione Radioamatori Italiani,011,way/205844379,We 15:00-18:00,,https://www.arilaspezia.it/,44.120158,9.833848
Q55686253,grottes,Arma delle Manie,Arma delle Manie,009,node/309198350,24/7,no,,44.198632,8.375384
,musees,Aquarium Mondo Marino,Aquarium Mondo Marino,053,way/487873165,"Apr 01-Nov 05 Mo-Su 10:00-13:00,15:00-19:00; Apr 01-Nov 05 PH Off; Nov 06-Mar 31 Sa,Su,PH 10:00-13:00,15:00-18:00; Nov 06-Mar 31 Mo-Fr",,https://www.aquariummondomarino.com/,43.003255,10.855657
Q55386100,musees,Antiquarium di Telesia,Antiquarium di Telesia,062,way/368249896,"Sa,Su 09:30-19:00",no,,41.234153,14.503831
,musees,Antiquarium di Pievefavera,Antiquarium di Pievefavera,043,way/1289060611,"""A richiesta / On request""",,http://turismo.comune.caldarola.mc.it/musei-cms/antiquarium/,43.138620,13.194868
Q3618785,musees,Antiquarium Statale di Numana,Antiquarium Statale di Numana,042,node/2532557258,Mo-Tu 13:30-19:15; We-Su 08:15-19:15,,https://www.musei.marche.beniculturali.it/musei/?mid=203&nome=antiquarium-statale-di-numana,43.513274,13.620879
Q55373629,musees,Antica Spezieria Spedale Serristori,Antica Spezieria Spedale Serristori,048,node/7319709133,"""by appointment""",,https://www.fondazionesantamarianuova.it/,43.613107,11.476137
Q3604679,musees,Acquario di Cattolica,Acquario di Cattolica,099,way/323967826,Mo-Su 09:00-18:00,,https://www.acquariodicattolica.it/,43.970344,12.722484
Q16336127,musees,Acquario di Cala Gonone,Acquario di Cala Gonone,114,way/216218590,"Apr We-Su 10:00-17:00; May-Jun 10:00-17:00; Aug 10:00-19:00; Jul-Aug Tu,Sa 21:00-23:00; Sep 10:00-17:00; Oct We-Su 10:00-17:00; Nov 01 10:00-17:00",,http://www.acquariocalagonone.it,40.279602,9.632964
Q3621152,musees,ar/ge kunst,ar/ge kunst,021,node/7717421551,,no,https://www.argekunst.it/,46.499759,11.350688
,megalithes,Villaggio di Castelluccio di Noto,Villaggio di Castelluccio di Noto,089,way/451852048,24/7,,,36.961272,14.932726
,megalithes,Villa romana delle Paduline,Villa romana delle Paduline,053,relation/12697131,closed,,,42.765151,10.887208
Q4012772,megalithes,Villa di Tigellio,Villa di Tigellio,118,way/249468105,Tu-Su 09:00-17:00; Mo off,,,39.220613,9.108551
Q55374434,musees,Villa di Camigliano già Torrigiani,Villa di Camigliano già Torrigiani,046,node/7319468541,Mo-Su 10:00-18:00,,,43.887332,10.608807
Q2525859,monuments,Villa Valmarana «Ai Nani»,Villa Valmarana «Ai Nani»,024,way/300806629,,yes,https://www.villavalmarana.com/,45.534771,11.557063
Q120002808,megalithes,Villa Romana di Orfeo,Villa Romana di Orfeo,022,node/1244552901,,yes,https://www.cultura.trentino.it/Luoghi/Tutti-i-luoghi-della-cultura/Aree-archeologiche/Villa-romana-di-Orfeo,46.068165,11.118398
Q4012260,chateaux,Villa Manzoni,Villa Manzoni,097,relation/4003186,"Mo off; Tu 10:00-14:00; We-Su 10:00-18:00; Jan 01,easter,May 01,Dec 25,26 off || ""aperto Lunedì dell'Angelo""",,,45.852537,9.399011
Q112140976,chateaux,Villa Gina,Villa Gina,015,way/205546022,Su 09:00-18:00; Mo-Sa closed; PH closed,,,45.602612,9.528346
Q55672206,musees,Villa Faravelli,Villa Faravelli,008,node/12645391059,,yes,https://www.imperiaexperience.it/it/cultura/poi.html?id=24285:villa-faravelli-m-a-c-i,43.884295,8.025856
Q841554,monuments,Viale dei Borboni,Viale dei Borboni,061,node/7531860346,24/7,,,41.057620,14.405597
Q97011004,plages,UNESCO Faggeta vetusta depressa Monte Raschio,UNESCO Faggeta vetusta depressa Monte Raschio,056,way/823116351,24/7,,,42.173239,12.160764
Q116944991,monuments,Torre dell'Orologio,Torre dell'Orologio,074,node/5952277685,24/7,,,40.741584,17.426489
Q106074992,chateaux,Torre del Marino,Torre del Marino,039,node/2091359959,off,,,44.252707,11.758512
Q113014632,musees,Torre Ferrerio Lithoteca Giorgio Spezia,Torre Ferrerio Lithoteca Giorgio Spezia,103,way/242230687,We 09:30-12:00; Fr 14:00-16:00,,,46.021358,8.256453
Q27993875,monuments,Torre Civica di Santo Stefano,Torre Civica di Santo Stefano,006,way/305853108,,no,https://www.comune.casale-monferrato.al.it/torre-civica,45.137353,8.449971
Q87411300,monuments,Tempietto della Rimembranza,Tempietto della Rimembranza,066,node/6110587315,24/7,,,42.231899,13.533264
Q3209505,musees,Südtiroler Landesmuseum für Volkskunde - Museo provinciale degli usi e costumi dell'Alto Adige,Südtiroler Landesmuseum für Volkskunde - Museo provinciale degli usi e costumi dell'Alto Adige,021,relation/8810851,"Apr 15-Oct 31: Tu-Sa 10:00-17:00; Su, PH 14:00-18:00",,,46.802049,11.955109
Q3867760,musees,Stadtmuseum - Museo Civico,Stadtmuseum - Museo Civico,021,relation/1504723,"Tu-Sa 09:30-12:00,15:30-18:00",,,46.638813,11.563406
Q55685742,megalithes,Santuario rupestre di Demetra-Vei-Cerere,Santuario rupestre di Demetra-Vei-Cerere,056,way/379885385,24/7,,,42.288179,12.065737
Q3945629,megalithes,Sallianense,Sallianense,015,way/997401222,closed,,,45.602783,9.505023
Q134028574,monuments,Saletta Reale,Saletta Reale,108,node/4947465500,Th 15:30-17:00,,,45.577638,9.272795
Q54855178,musees,Sala museale Contrammiraglio Guglielmo Marconi,Sala museale Contrammiraglio Guglielmo Marconi,042,node/4341913065,off,,,43.618211,13.509091
Q16975779,musees,Safari Ravenna,Safari Ravenna,039,way/488762017,,yes,https://www.safariravenna.it/,44.326974,12.274537
Q123910297,musees,Sacrario delle Armi,Sacrario delle Armi,055,node/12127385080,,no,https://www.turismostroncone.it/ita/6/arte-e-cultura/5/sacrario-delle-armi/?ss=4,42.498956,12.663483
Q112284669,monuments,Romitorio di fontana Buia,Romitorio di fontana Buia,056,node/10082440218,24/7,,,42.524721,11.618106
Q1326241,megalithes,Roccia dell'Elefante,Roccia dell'Elefante,112,node/793607032,24/7,,,40.889641,8.746239
Q3936737,plages,Riserva naturale regionale della Valle Canal Novo,Riserva naturale regionale della Valle Canal Novo,030,relation/4133033,Tu-Su 09:00-17:00,,,45.759963,13.152045
Q3936887,plages,Riserva naturale provinciale Lago di Santa Luce,Riserva naturale provinciale Lago di Santa Luce,050,relation/6411432,,yes,https://oasisantaluce.it/,43.450913,10.517066
Q3936897,plages,Riserva Naturale di Tor Caldara,Riserva Naturale di Tor Caldara,058,relation/8828491,Mo-Su 09:00-14:00,,,41.488630,12.593854
Q3936661,plages,Riserva Naturale Padule Orti-Bottagone,Riserva Naturale Padule Orti-Bottagone,049,relation/15948310,Sep-May,,,42.969119,10.596508
Q3890253,chateaux,Provincia di Livorno,Provincia di Livorno,049,relation/1848357,"Mo-We 09:00-13:00, Th 15:00-18:00, Fr 09:00-13:00",,,43.552208,10.309444
Q111551238,monuments,Porta Di Ponte,Porta Di Ponte,084,node/5480809379,24/7,,,37.310046,13.584947
Q131369619,monuments,Porta Capuana,Porta Capuana,060,way/103400042,24/7,,,41.497543,13.696631
Q28003411,monuments,Ponte delle Voze,Ponte delle Voze,009,node/13233096283,24/7,,,44.205741,8.367593
Q28003409,monuments,Ponte dell'Acqua,Ponte dell'Acqua,009,node/3431542240,24/7,,,44.211359,8.367565
Q3905105,musees,"Pinacoteca civica ""Francesco Podesti""","Pinacoteca civica ""Francesco Podesti""",042,node/1331732298,off,,,43.620882,13.511058
Q21552066,musees,Pinacoteca Civica Augusto Vernarecci,Pinacoteca Civica Augusto Vernarecci,041,node/1754337209,"Jun 15-Sep 15: Th-Su 16:00-19:00; Sep 16-Dec 31: Sa,Su 16:00-19:00; Jan-Mar off; Dec 25-easter off",,,43.690364,12.807453
,musees,Pinacoteca Civica Amedeo Modigliani,Pinacoteca Civica Amedeo Modigliani,053,way/287129890,"week 38-24 Mo off, Tu-Su 15:30-19:30; week 25-37 Mo off, Tu-Su 17:30-20:00, Tu-Su 21:00-23:30",,,42.921089,10.756555
Q77048411,musees,Parco Zoo Punta Verde,Parco Zoo Punta Verde,030,way/157073893,,yes,https://www.parcozoopuntaverde.it/,45.659451,13.064551
Q3895614,monuments,Parco Giardino Sigurtà,Parco Giardino Sigurtà,023,relation/17865362,,yes,https://www.sigurta.it/,45.361463,10.731407
Q55354230,musees,Paleolab,Paleolab,055,way/626873287,,no,https://www.caos.museum/,42.564671,12.650292
Q140381580,megalithes,Palazzo Imperiale,Palazzo Imperiale,058,way/253875201,off,,,41.780772,12.257840
Q123570918,monuments,Oratorio di Santa Maria Ausiliatrice,Oratorio di Santa Maria Ausiliatrice,037,way/156993875,"""by appointment""",,,44.212774,11.086203
Q122152492,monuments,Oratorio di Santa Maria Assunta e Sant'Eurosia,Oratorio di Santa Maria Assunta e Sant'Eurosia,027,way/140952439,Mo-Sa closed; Su 09:20-09:20; PH closed,,,45.442339,12.377439
Q15052993,musees,Oratorio San Rocco,Oratorio San Rocco,028,way/132001308,"Tu-Su 09:30-12:30, 15:30-19:00",,,45.408918,11.875076
Q3880388,plages,Oasi WWF Lago di Campolattaro,Oasi WWF Lago di Campolattaro,062,relation/14434407,,yes,https://www.wwf.it/oasi/campania/lago_di_campolattaro/,41.320196,14.734897
Q3880414,musees,Oasi Naturalistica di Sant'Alessio,Oasi Naturalistica di Sant'Alessio,018,way/39632500,,yes,https://www.oasisantalessio.it,45.220112,9.223675
Q122324480,megalithes,Nuraghe Is Fenebas,Nuraghe Is Fenebas,118,way/693355260,24/7,,,39.133288,8.873042
Q122327382,megalithes,Nuraghe Aleri,Nuraghe Aleri,116,node/6799451148,24/7,,,39.698369,9.654962
Q129676505,megalithes,Necropoli di San Simone,Necropoli di San Simone,056,relation/19309469,24/7,,,42.258951,12.081408
Q91088334,megalithes,Necropoli di Casale Galeotti,Necropoli di Casale Galeotti,056,node/12966009133,24/7,,,42.406262,11.881164
Q91088336,megalithes,Necropoli di Carcarello,Necropoli di Carcarello,056,node/12966000807,24/7,,,42.413614,11.872678
Q55391942,megalithes,Necropoli della Cultura di Golasecca,Necropoli della Cultura di Golasecca,012,way/1462578435,24/7,,,45.709759,8.661912
Q129676582,megalithes,Necropoli Campo Sant'Antonio-Chiusa Cima,Necropoli Campo Sant'Antonio-Chiusa Cima,056,relation/19309272,24/7,,,42.257878,12.077764
Q105393046,musees,"Museo storico del Soldatino ""M. Massacesi""","Museo storico del Soldatino ""M. Massacesi""",037,node/5569025202,Mo-Su 08:30-12:30,,,44.469728,11.369980
Q55376350,musees,Museo storico civico cuggionese,Museo storico civico cuggionese,015,node/13943353616,domenica 15-18,,,45.504352,8.816786
Q527433,musees,Museo nazionale storico degli Alpini,Museo nazionale storico degli Alpini,022,relation/17604111,,no,https://www.museonazionalealpini.it/,46.072627,11.111070
Q27825053,musees,Museo di Storia della Medicina in Padova,Museo di Storia della Medicina in Padova,028,way/131987273,,yes,https://www.musme.padova.it/,45.405218,11.880337
Q55677783,musees,Museo di Santa Giuseppina Bakhita,Museo di Santa Giuseppina Bakhita,024,node/7624119609,,yes,https://www.beniculturali.it/luogo/museo-di-santa-giuseppina-bakhita,45.714258,11.362643
Q3868152,musees,Museo delle palafitte di Fiavé,Museo delle palafitte di Fiavé,022,way/96447896,,yes,https://www.cultura.trentino.it/Luoghi/Tutti-i-luoghi-della-cultura/Musei-e-collezioni/Museo-delle-Palafitte-di-Fiave,46.001993,10.841828
Q3328416,musees,Museo delle Sinopie,Museo delle Sinopie,050,way/701045438,,yes,https://www.opapisa.it/visita/museo-delle-sinopie/,43.722391,10.395034
Q55374687,musees,Museo delle Miniere,Museo delle Miniere,050,node/3308025336,,no,http://www.museodelleminiere.it/,43.391844,10.751319
Q55371855,musees,Museo delle Genti e delle Valli di Lanzo,Museo delle Genti e delle Valli di Lanzo,001,node/1756199467,"May-Oct: Su[1,3] 15:00-18:00",,,45.312949,7.389578
Q69325819,musees,Museo delle Antiche Vie,Museo delle Antiche Vie,028,node/1511842032,Su 16:00-18:00,,,45.204570,11.407872
Q21196218,musees,Museo della stampa Remondini,Museo della stampa Remondini,024,node/1773663084,"Tu-Sa 09:00-13:00,15:00-18:00; Su 10:30-13:00,15:00-18:00; PH 10:30-13:00,15:00-18:00; Jan 1 off; easter off; Dec 25 off",,,45.766199,11.731345
Q16609924,musees,Museo della ferrovia Spoleto Norcia,Museo della ferrovia Spoleto Norcia,054,way/430963783,Sa 16:30-19:30,,,42.744783,12.738335
Q3868432,musees,Museo della Zecca di Roma,Museo della Zecca di Roma,058,node/5444788634,,no,https://www.museozecca.ipzs.it/,41.943216,12.507847
Q55375842,musees,Museo della Valle,Museo della Valle,016,way/476587220,"Mo off; Tu-Su 09:00-12:00,14:00-17:00",,,45.794134,9.665183
Q113512603,musees,Museo della Scuola Romana,Museo della Scuola Romana,058,node/13147707370,,yes,https://www.museivillatorlonia.it/it/casino_nobile/museo_della_scuola_romana,41.914836,12.511287
Q55370907,musees,Museo della Passione,Museo della Passione,096,node/3203253234,,no,https://www.passionedisordevolo.com/la-passione/il-museo/,45.572501,7.975988
Q55359058,musees,Museo della Navigazione Fluviale,Museo della Navigazione Fluviale,028,way/375280636,,yes,http://www.museonavigazione.eu/,45.287250,11.787992
Q18676874,musees,Museo della Madonna del Parto,Museo della Madonna del Parto,051,node/486098087,"Apr-Oct 09:00-13:00,14:00-19:00; Nov-Mar 09:00-13:00,14:00-17:00",,,43.484501,12.112600
Q3868087,musees,Museo della Civiltà Solandra,Museo della Civiltà Solandra,022,node/614841361,,yes,https://www.centrostudiperlavaldisole.it/museociviltasolandra/,46.354268,10.913981
Q3770979,musees,Museo della Ceramica Giuseppe Mazzotti,Museo della Ceramica Giuseppe Mazzotti,009,node/3741493558,,no,https://www.gmazzotti1903.it/,44.329039,8.507999
Q3868031,musees,Museo della Brigata Sassari,Museo della Brigata Sassari,112,node/2130436042,"PH closed; Mo-Su 09:00-12:00,14:00-18:00",,,40.726273,8.563297
Q21035617,musees,Museo dell'arte della tornitura del legno,Museo dell'arte della tornitura del legno,003,node/501847055,,no,https://www.museotorniturapettenasco.it/,45.816922,8.410238
Q3868066,musees,Museo dell'Arte Ceramica,Museo dell'Arte Ceramica,044,node/673025323,,yes,https://www.ascolimusei.it/siti-museali/museo-dellarte-ceramica/,42.855597,13.571131
Q3868006,musees,Museo dell'Acqua e del Gas,Museo dell'Acqua e del Gas,010,node/5115952356,"""by appointment""",,,44.434548,8.960904
Q127276450,musees,Museo del flipper,Museo del flipper,037,node/12820385347,"We,Fr 21:00-24:00; Su 16:00-20:00; Mo,Tu,Th,Sa off",,,44.504575,11.295598
Q55370194,musees,"Museo del cappello ""Giuseppe Borsalino""","Museo del cappello ""Giuseppe Borsalino""",006,node/3563215793,Fr-Su 10:00-19:00; Mo-We off,,,44.908991,8.615713
Q55379187,musees,Museo del bottone,Museo del bottone,099,node/2742403686,"We 15:00-18:00; Sa-Su 09:30-12:00,15:00-18:30",,,44.064057,12.443810
Q73006053,musees,Museo del Turismo,Museo del Turismo,017,node/2691241081,,no,https://www.visitlimonesulgarda.com/it/musei-limone-garda.htm,45.815197,10.793079
Q68297596,musees,Museo del Lago,Museo del Lago,023,node/833326803,,no,https://www.visitmalcesine.com/it/museo-del-lago-di-cassone,45.734645,10.789155
Q55370174,musees,Museo del Ferro,Museo del Ferro,006,node/1888262361,"Mo-Fr 09:00-12:00,15:00-18:00; Sa-Su ""by appointment""; We off",,,44.918333,8.617747
Q67382363,musees,Museo del Ferro,Museo del Ferro,025,node/3857674672,"We-Mo 10:30-13:00, 15:30-18:00; Tu 15:30-18:00",,,46.388930,12.288699
Q68664787,musees,Museo del Caffè,Museo del Caffè,026,node/1705180588,,no,http://www.dersut.it,45.892040,12.300924
Q3867893,musees,Museo degli usi e costumi della gente trentina,Museo degli usi e costumi della gente trentina,022,node/1496706635,,yes,https://www.museosanmichele.it/,46.194325,11.134177
Q3867864,musees,Museo d'Arte Moderna Vittoria Colonna,Museo d'Arte Moderna Vittoria Colonna,068,way/700846498,Tu-Fr 15:00-17:00; Sa 09:00-13:00,,,42.472348,14.212429
Q3867849,musees,Museo d'Arte Contemporanea,Museo d'Arte Contemporanea,108,way/316215231,"We,Fr 10:00-13:00; Th 16:00-23:00; Sa,Su 10:00-12:00,15:00-19:00",,,45.606709,9.235233
Q3867845,musees,"Museo d'Arte ""Costantino Barbella""","Museo d'Arte ""Costantino Barbella""",069,node/11510666694,,no,https://www.museobarbella.it/,42.350180,14.167932
Q55340719,musees,Museo civico archeologico di Codroipo,Museo civico archeologico di Codroipo,030,way/36263416,Tu 09:00-12:30; Su 10:00-13:00,,,45.962066,12.978484
Q55391898,musees,Museo archeologico nazionale della Lomellina,Museo archeologico nazionale della Lomellina,018,node/8780517139,Tu-Sa 09:00-13:30,,,45.315762,8.856254
Q55359587,musees,Museo Vulcanologico dell'Etna,Museo Vulcanologico dell'Etna,087,way/379512412,"Tu-Su 09:30-12:30, Tu-Th 15:30-17:30",,,37.613345,15.027996
Q72684933,musees,Museo Villaggio Grotte Zungri,Museo Villaggio Grotte Zungri,102,node/790518097,Mo-Su 09:00-18:00,,,38.652773,15.986353
Q55372175,musees,Museo Valdese,Museo Valdese,001,node/1839770756,,yes,https://www.fondazionevaldese.org/fondazionevaldese.php?codice=A31308,44.888583,7.049408
Q55340551,musees,Museo Ugo Carà,Museo Ugo Carà,032,way/155713072,,no,https://www.museougocara.eu/,45.603199,13.767748
Q111697168,musees,Museo Terra del Castelmagno,Museo Terra del Castelmagno,004,node/7683072920,,yes,https://www.terradelcastelmagno.it/museo-terra-del-castelmagno/,44.401035,7.310715
Q70331703,musees,Museo Talamoni,Museo Talamoni,108,node/2372503515,"Tu-Fr 10:00-11:30,16:00-18:30",,,45.583479,9.279727
Q33041024,musees,Museo Storico della Montagna e del Contrabbando,Museo Storico della Montagna e del Contrabbando,103,way/236682177,15:30-18:30,,,45.969130,7.967246
Q3868457,musees,Museo Regionale della Bonifica di Ca' Vendramin,Museo Regionale della Bonifica di Ca' Vendramin,029,node/256323620,"Tu-Su 09:30-12:30,15:00-18:00",,,44.944727,12.281288
Q67149892,musees,Museo Provinciale della Vita Contadina,Museo Provinciale della Vita Contadina,093,node/2340716435,Mo-Tu off; We-Fr 09:30-13:00; Sa-Su 10:00-18:00; PH 10:00-18:00,,,45.913223,12.857270
Q3867903,musees,Museo Paleontologico Roncà,Museo Paleontologico Roncà,023,node/1606127458,"Mo-Sa 09:00-12:00, 15:00-18:00",,,45.479545,11.289495
Q96756172,musees,Museo Orma,Museo Orma,017,way/453515310,24/7,,,45.776185,10.234833
Q3868464,musees,Museo Nazionale d'arte medievale e moderna,Museo Nazionale d'arte medievale e moderna,051,relation/3757785,,no,https://www.polomusealetoscana.beniculturali.it/index.php?it/195/arezzo-museo-nazionale-darte-medievale-e-moderna,43.468049,11.878410
Q73487299,musees,Museo Minerario,Museo Minerario,030,node/1390627046,"Mo-Su 10:00-12:30,14:00-18:00",,,46.441068,13.571252
Q55678311,musees,Museo Mineralogico,Museo Mineralogico,001,node/2928553571,"Jun-Oct: Sa 15:00-18:00; Su 10:00-12:00,15:00-18:00",,,45.493084,7.802833
Q55360912,musees,Museo Luigi Illica,Museo Luigi Illica,033,node/2972644322,"by appointment ""visitabile tutto l'anno su richiesta""",,,44.851821,9.867556
Q3867613,musees,Museo Kere,Museo Kere,061,node/7498886018,"Oct 01-Apr 30 Sa 16:00-18:00; Oct 01-Apr 30 Su 10:00-12:00,16:00-18:00; May 01-Sep 30 Sa 17:30-19:30; May 01-Sep 30 Su 10:00-12:00,17:30-19:30",,,41.176446,14.367471
Q16560379,musees,Museo Giuditta Brozzetti,Museo Giuditta Brozzetti,054,node/6421410681,"Mo-Fr 08:30-12:30; Sa,Su 16:00+ ""visite guidate su prenotazione""",,,43.117420,12.383757
Q55359461,musees,Museo Geopantologico di Camposilvano,Museo Geopantologico di Camposilvano,023,node/2318067270,,yes,https://www.museocamposilvano.it/,45.625394,11.091665
Q89400114,musees,Museo Fratelli Cozzi,Museo Fratelli Cozzi,015,node/10567069743,,yes,https://www.museofratellicozzi.com,45.589943,8.929762
Q27992884,musees,Museo Etnografico dei Mestieri del Fiume,Museo Etnografico dei Mestieri del Fiume,020,way/129849151,,yes,https://museorivaltasulmincio.it/,45.179990,10.681711
Q55372708,musees,Museo Etnografico Don Cirillo Bergamaschi,Museo Etnografico Don Cirillo Bergamaschi,103,way/475469274,,yes,https://museogurro.wixsite.com/museogurro/en,46.085127,8.569452
Q125511085,musees,Museo Don Giovanni Guiso,Museo Don Giovanni Guiso,114,node/6730784561,"We, Th, Sa, Su 20:00-23:00; Tu, Fr 10:00-12:00, 21:00-23:00",,,40.378752,9.695278
Q68323716,musees,Museo Didattico Memorie del Tempo,Museo Didattico Memorie del Tempo,001,node/2912662924,"Jun-Oct: Sa 15:00-18:00; Su 10:00-12:00,15:00-18:00",,,45.397068,7.829342
Q16336161,musees,Museo Civico e Diocesano d'Arte Sacra e Raccolta Archeologica,Museo Civico e Diocesano d'Arte Sacra e Raccolta Archeologica,052,node/9802059682,,yes,https://www.museisenesi.org/museo/musei-di-montalcino-raccolta-archeologica-medievale-moderna-tempio-del-brunello/,43.057741,11.489265
Q55369904,musees,Museo Civico Messapico,Museo Civico Messapico,075,node/1350171306,"We,Fr-Su 09:00-13:00; Tu,Th,Sa 16:00-20:00",,,40.060726,18.056001
Q24523065,musees,Museo Civico Archeologico,Museo Civico Archeologico,099,node/5340424788,Mo-Sa 10:00-18:00; PH closed,,,43.985169,12.419204
Q55372921,musees,"Museo Civico ""Gian Andrea Irico""","Museo Civico ""Gian Andrea Irico""",002,node/1168399562,Sa 16:00-18:00,,,45.193715,8.298123
,musees,Museo Civico,Museo Civico,056,way/414674136,09:00-19:00,,,42.417375,12.110972
Q55340434,musees,Museo Carsico Geologico e Paleontologico,Museo Carsico Geologico e Paleontologico,031,node/3068042973,Mo 20:45-23:00; We 20:45-23:00,,,45.802320,13.548728
Q3867588,musees,Museo Carlo Zauli,Museo Carlo Zauli,039,node/4751658346,,yes,http://www.museozauli.it/,44.287453,11.886868
Q112174149,musees,Museo Augusto Murer,Museo Augusto Murer,025,node/9445904274,,yes,https://www.museomurer.it/,46.349790,11.860338
Q66054535,musees,Museo Archeologico Don Cesare Queirolo,Museo Archeologico Don Cesare Queirolo,009,node/3902149433,"""su appuntamento""",,,44.269566,8.435640
Q55385457,musees,"Museo Archeologico - Fondazione ""De Palo-Ungaro""","Museo Archeologico - Fondazione ""De Palo-Ungaro""",072,node/8005881934,,no,https://www.fondazionedepaloungaro.it,41.110799,16.688064
Q3867240,megalithes,Mura Timoleontee,Mura Timoleontee,085,relation/2449945,"Mo-Sa 09:00-13:00,14:00-18:00",,,37.071181,14.223712
Q70330403,monuments,Monumento Napoleonico di Rivoli Veronese,Monumento Napoleonico di Rivoli Veronese,023,node/922441986,,no,https://ifortidirivoli.wordpress.com/2012/12/14/il-monumento-a-napoleone/,45.580983,10.821106
Q3858696,musees,Mirabilia Urbis,Mirabilia Urbis,081,way/96202076,Mo-Sa 08:30-13:30,,,37.653497,12.588723
Q66057258,monuments,Miniera di Cavallo,Miniera di Cavallo,097,node/3121452628,"Su 10:00-12:00,15:00-18:00; ""Durante la settimana, sabato compreso, su prenotazione presso Comunità Montana del Lario Orientale, tel. 0341 240724""",,,45.905843,9.407343
Q71825568,monuments,Miniera di Cavallo,Miniera di Cavallo,097,node/3121452729,"Su 10:00-12:00,15:00-18:00; ""Durante la settimana, sabato compreso, su prenotazione presso Comunità Montana del Lario Orientale, tel. 0341 240724""",,,45.906667,9.407490
Q70342217,musees,Mineralienmuseum Kirchler - Museo mineralogico Kirchler,Mineralienmuseum Kirchler - Museo mineralogico Kirchler,021,node/810265383,,yes,https://www.mineralienmuseum.com/,46.989307,11.960460
Q1280995,musees,Mineralien Museum - Museo Mineralogico,Mineralien Museum - Museo Mineralogico,021,node/302392417,,yes,https://www.mineralienmuseum-teis.it/,46.652708,11.620191
Q60533061,musees,Messner Mountain Museum Corones,Messner Mountain Museum Corones,021,way/362253228,,yes,https://www.messner-mountain-museum.it/it/corones/museo/,46.737293,11.954395
Q3862720,monuments,Meseddu de Texile,Meseddu de Texile,114,node/1722172919,24/7,,,39.948432,9.170010
Q3854852,monuments,Mercato delle Erbe,Mercato delle Erbe,042,way/116272543,"07:30-12:45,16:30-19:30; Mar Su[-1]-Oct Su[-1]: 07:30-12:45,17:00-20:00; Su off",,,43.618506,13.514084
Q638761,monuments,Mausoleo delle Fosse Ardeatine,Mausoleo delle Fosse Ardeatine,058,relation/2053430,"Mo-Sa 08:15-17:45,Su 08:45-17:15",,,41.856898,12.510024
Q3852977,monuments,Mausoleo della Bela Rosin,Mausoleo della Bela Rosin,001,way/243093484,"Fr-Su 10:00-12:00, 14:00-16:00",,,45.009869,7.638850
Q97940454,monuments,Marmitta dei Giganti,Marmitta dei Giganti,022,node/6534808101,,no,https://www.gardatrentino.it/it/marmitte-dei-giganti-nago-torbole/,45.880063,10.885277
Q3674049,monuments,Madonna de Idris e San Giovanni in Monterrone,Madonna de Idris e San Giovanni in Monterrone,077,way/243141983,,yes,https://www.oltrelartematera.it/,40.664082,16.612091
Q72684876,musees,MUVIS - Museo del Vino,MUVIS - Museo del Vino,056,node/3053270377,,yes,https://muvis.it/,42.646286,12.204348
Q16337990,musees,MAU - Museo d'Arte Urbana,MAU - Museo d'Arte Urbana,001,node/3338687283,,no,https://www.museoarteurbana.it/,45.081477,7.654835
Q16337205,musees,MAPS,MAPS,053,way/309152441,"Jul-Aug: Mo-Th 10:00-13:00,16:00-19:00, Fr-Su 10:00-13:00,16:00-20:00; Sep 01-15: Tu-Su,PH 10:00-13:00,16:00-19:00; Sep 15-30: Sa,Su,PH 10:00-13:00,15:00-18:00; Oct,Nov 01-04,Dec 26-31,Jan 01-06,Apr-Jun: Sa,Su,PH 10:00-13:00,15:00-18:00",,,42.890473,10.790525
Q3821241,musees,La torre del Sole,La torre del Sole,016,way/316665128,,yes,https://www.latorredelsole.it,45.718718,9.582491
Q118352924,monuments,La Maddalena,La Maddalena,094,way/1432787458,appointment,,,41.562374,14.318156
Q55677368,musees,K. u. K. Museum Bad Egart - Museo reale e imperiale Bad Egart,K. u. K. Museum Bad Egart - Museo reale e imperiale Bad Egart,021,node/3731174727,,yes,https://www.onkeltaa.com/bad-egarts-museumswelt-k-u-k-museum/,46.671653,11.080518
Q3868245,musees,J. Museo,J. Museo,027,way/1007450460,,yes,https://jmuseo.it/,45.506170,12.635057
Q2098818,musees,Imkereimuseum Plattner Bienenhof - Museo dell'apicoltura Maso Plattner,Imkereimuseum Plattner Bienenhof - Museo dell'apicoltura Maso Plattner,021,way/126234167,,yes,https://www.museo-plattner.com/,46.524974,11.427742
Q55802135,musees,Gruab va Hardimbl - Miniera dell'Erdemolo,Gruab va Hardimbl - Miniera dell'Erdemolo,022,node/570733717,,yes,https://www.umpalai.it/miniera-dellerdemolo/,46.120827,11.378561
Q49963917,monuments,Grotta di Rio Martino,Grotta di Rio Martino,004,node/1845792536,,yes,https://www.comune.crissolo.cn.it/archivio/pagine/Grotta_di_Rio_Martino.asp,44.699180,7.146319
Q21192539,megalithes,Grotta della Vipera,Grotta della Vipera,118,node/4558825245,,yes,https://www.comune.cagliari.it/portale/page/it/grotta_della_vipera,39.227868,9.099891
Q72162741,megalithes,Grotta della Signora,Grotta della Signora,088,node/840612637,24/7,,,36.855604,14.836315
Q3777030,monuments,Grotta del Vento,Grotta del Vento,046,node/3141753505,,yes,https://www.grottadelvento.com/,44.034163,10.357583
Q63248212,megalithes,Grotta dei Briganti,Grotta dei Briganti,089,node/6025308061,24/7,,,36.974345,15.093971
Q938464,grottes,Grotta Maona,Grotta Maona,047,node/2680229729,closed,,,43.898573,10.775709
Q65128208,jardins,Giardino di Pojega,Giardino di Pojega,023,way/1184822038,,yes,https://pojega.it/,45.534111,10.945526
Q125508642,jardins,Giardino Roccioso,Giardino Roccioso,001,way/581600236,24/7,,,45.050158,7.684191
Q111359532,jardins,Giardino Barbarigo - Pizzoni Ardemani,Giardino Barbarigo - Pizzoni Ardemani,028,relation/1350691,,yes,http://www.valsanzibiogiardino.it,45.292111,11.726755
,megalithes,Ganglegg,Ganglegg,021,way/176865997,24/7,,,46.672331,10.590397
Q72175279,musees,Gallerie Ex Voto,Gallerie Ex Voto,096,node/2294638953,,no,https://www.santuariodioropa.it/ex-voto/,45.626964,7.981425
Q3757715,musees,Galleria d'arte contemporanea Osvaldo Licini,Galleria d'arte contemporanea Osvaldo Licini,044,node/673023005,,yes,https://www.ascolimusei.it/siti-museali/galleria-darte-contemporanea-o-licini/,42.855247,13.572231
Q3757718,musees,Galleria d'Arte Moderna,Galleria d'Arte Moderna,010,node/3747823361,,yes,https://www.museidigenova.it/it/gam-galleria-darte-moderna,44.382198,9.045695
Q113557328,monuments,Fortino dei Castriciani,Fortino dei Castriciani,083,way/138753915,24/7,,,38.228938,15.241253
Q28003503,chateaux,Fortezza di Castrocaro,Fortezza di Castrocaro,040,way/541769417,"Sa, Su 15:00-19:00; Su 10:00-13:00",,,44.171127,11.944009
Q113556629,chateaux,Forte Schiaffino,Forte Schiaffino,083,way/158431898,24/7,,,38.151560,15.517766
,musees,Ferrania Film Museum,Ferrania Film Museum,009,node/6789843322,"Th-Sa 09:00-12:00,14:30-18:00",,,44.397731,8.275119
Q55377956,musees,Explora,Explora,058,node/1806035237,,yes,https://www.mdbr.it/,41.915095,12.474666
Q54882667,musees,Ecomuseo ed leuzerie e di scherpelit,Ecomuseo ed leuzerie e di scherpelit,103,node/8274737991,,yes,https://ecomuseomalesco.it,46.126308,8.502012
Q68663765,musees,Ecomuseo della Collina e del Vino,Ecomuseo della Collina e del Vino,037,node/3837282361,"Su 10:00-13:00,15:00-18:00",,,44.437751,11.031477
Q55372009,musees,Ecomuseo della Castagna,Ecomuseo della Castagna,001,way/261407697,"Jun-Oct: Sa 15:00-18:00; Jun-Oct: Su 10:00-12:00,15:00-18:00",,,45.536421,7.855519
Q35505954,musees,Ecomuseo dell'acqua,Ecomuseo dell'acqua,037,node/3585248696,Apr-Sep: Su 15:30-19:00; Oct-Mar: Su 14:30-17:00,,,44.639115,11.266365
Q3718650,musees,Ecomuseo del Lago d'Orta e Mottarone,Ecomuseo del Lago d'Orta e Mottarone,003,node/7832676577,,no,http://www.lagodorta.net/default.asp,45.817827,8.408768
Q21552078,musees,Ecomuseo I Luoghi del Lavoro Contadino e dei Mestieri,Ecomuseo I Luoghi del Lavoro Contadino e dei Mestieri,089,node/12603762337,Mo-Fr 09:00-12:30,,,37.085285,14.884116
Q55352608,musees,Dolomythos,Dolomythos,021,node/2333490604,,yes,https://www.dolomythos.com/,46.733093,12.280139
Q3862719,monuments,Dolina Su Sercone,Dolina Su Sercone,114,way/374541912,24/7,,,40.208628,9.478315
Q26258041,monuments,Dialogo nel Buio,Dialogo nel Buio,015,node/4895244063,,yes,https://www.dialogonelbuio.org/,45.468796,9.202935
Q90878168,musees,Complesso Monumentale San Paolo,Complesso Monumentale San Paolo,028,way/130745221,"Mar Su[-1]-Oct Su[-1] 09:30-12:30,16:00-19:00; Oct Su[-1]-Mar Su[-1] 09:30-12:30,15:00-18:00",,,45.242100,11.751949
Q1053483,monuments,Colonne di San Lorenzo,Colonne di San Lorenzo,015,way/740215877,24/7,,,45.458230,9.181045
Q15639809,megalithes,Colonna Pizzuta,Colonna Pizzuta,089,node/3031908653,24/7,,,36.848496,15.102461
Q55360648,musees,Collezione di Anatomia Patologica e Teratologia Veterinaria,Collezione di Anatomia Patologica e Teratologia Veterinaria,037,node/5766063797,"Mo,We,Fr 09:00-13:30; Tu,Th 09:00-16:00",,,44.435188,11.485349
Q55360537,musees,"Collezione delle Cere Anatomiche ""Luigi Cattaneo""","Collezione delle Cere Anatomiche ""Luigi Cattaneo""",037,node/1704280198,,no,https://sma.unibo.it/it/il-sistema-museale/collezione-delle-cere-anatomiche-l-cattaneo,44.499027,11.355315
Q3867662,musees,"Civico Museo Archeologico ""Iulium Carnicum""","Civico Museo Archeologico ""Iulium Carnicum""",030,way/36014271,"Oct-Feb: Fr 09:00-12:00; Su 09:00-12:00,15:00-18:00; Mar-May: Fr,Sa 09:00-12:00,15:00-18:00; Jun-Sep: We,Th 09:00-12:00; Fr-Su 09:00-12:00,15:00-18:00",,,46.461977,13.025882
Q91336647,monuments,Cimitero del Fiorentino,Cimitero del Fiorentino,001,way/200859513,24/7,,,45.468673,7.827858
Q3673324,monuments,Chiesa di Santa Maria Assunta,Chiesa di Santa Maria Assunta,037,way/156072917,,no,https://www.parrocchiariola.it/,44.229275,11.054604
Q25409272,monuments,Chiesa di San Bartolomeo degli Umiliati,Chiesa di San Bartolomeo degli Umiliati,017,way/1326100415,off,,,46.029978,10.337062
Q1256448,monuments,Chiesa dei Santi Niccolò e Cataldo,Chiesa dei Santi Niccolò e Cataldo,075,way/343223705,"Mo, Th, Sa 09:30-12:30",,,40.362411,18.165269
Q112705915,musees,Centro museale di documentazione e ricerca scientifica di paleontologia,Centro museale di documentazione e ricerca scientifica di paleontologia,066,node/13197501469,,no,https://www.comune.scontrone.aq.it/i-borghi/musei/centro-di-documentazione-paleontologico/,41.745788,14.038647
Q3664804,musees,Centro d'Arte Contemporanea e Moderna,Centro d'Arte Contemporanea e Moderna,011,way/182887634,,yes,https://camec.museilaspezia.it/,44.102895,9.820517
Q55390698,musees,Centro Visitatori del Parco Nazionale Gran Paradiso - museo Homo et Ibex,Centro Visitatori del Parco Nazionale Gran Paradiso - museo Homo et Ibex,001,node/3300468274,,yes,https://www.pngp.it/visita-il-parco/centri-visitatori/ceresole-reale-homo-et-ibex,45.433944,7.258695
Q124247972,megalithes,Catacombe di San Marco,Catacombe di San Marco,088,node/2421669565,24/7,,,36.772438,14.919734
Q112661376,megalithes,Catacombe del Mulinello,Catacombe del Mulinello,089,node/6900616229,24/7,,,37.236926,15.173722
Q3662994,chateaux,Castelluccio,Castelluccio,085,way/205091721,24/7,,,37.123584,14.284443
Q3662705,chateaux,Castello di Mongialino,Castello di Mongialino,087,way/747096156,24/7,,,37.340083,14.574291
Q110945147,chateaux,Castello dei Roero,Castello dei Roero,004,relation/5926746,,yes,https://www.roerodimonticello.it/,44.719415,7.941721
Q55182712,chateaux,Castello dei Marchesi di Clavesana,Castello dei Marchesi di Clavesana,008,way/201820795,Su[-1] 14:00-18:00,,,44.022571,7.873886
Q3662701,chateaux,Castello dei Conti,Castello dei Conti,088,way/420556068,"Mo-Sa 09:00-13:00, 14:00-18:00; Su 09:00-12:30, 14:30-18:00",,,36.861939,14.761783
Q113551690,chateaux,Castello Ducale,Castello Ducale,071,relation/6068652,"09:00-12:30,16:00-18:30",,,41.688604,15.288550
Q113562890,chateaux,Castello Arabo Normanno di Calatabiano,Castello Arabo Normanno di Calatabiano,087,way/230272120,closed,,,37.828311,15.227506
Q97161243,musees,Casa delle Farfalle,Casa delle Farfalle,039,relation/7345112,,yes,https://casadellefarfalle.net/,44.278619,12.336213
Q3661302,musees,"Casa Museo di Luigi Pirandello, archivio e biblioteca","Casa Museo di Luigi Pirandello, archivio e biblioteca",058,node/5044706567,,no,https://www.studiodiluigipirandello.it/,41.916300,12.514359
Q55360618,musees,Casa Museo Morandi,Casa Museo Morandi,037,way/977367967,,yes,https://casamuseomorandi.it/,44.262937,11.149593
Q55368647,musees,"Casa Museo ""Raffaele Bendandi""","Casa Museo ""Raffaele Bendandi""",039,node/508660524,,no,https://www.osservatoriobendandi.it/,44.288424,11.884026
,musees,Casa Frabboni Museo della Città,Casa Frabboni Museo della Città,037,node/4212296495,"Tu,Su 09:30-12:30; Sa 09:30-12:30,15:00-18:00",,,44.701616,11.403391
Q3642873,plages,Bosco di Santa Maria La Stella,Bosco di Santa Maria La Stella,087,relation/6883820,"Tu-Su 07:30-11:30,15:30-18:30",,,37.635059,15.122853
Q1116623,megalithes,Bisenzio,Bisenzio,056,node/2399946777,24/7,,,42.573423,11.874005
Q864639,musees,Bioparco,Bioparco,058,relation/5657594,,yes,https://www.bioparco.it/,41.917626,12.487302
Q3639876,monuments,Bigo Ascensore panoramico,Bigo Ascensore panoramico,010,way/22969165,,yes,https://www.acquariodigenova.it/bigo-panoramic/,44.408587,8.927085
Q16531852,musees,Belvedere di San Leucio,Belvedere di San Leucio,061,relation/1541871,We-Mo 9:00-17:00,,,41.101045,14.316106
Q113400210,musees,Batteria Vettor Pisani,Batteria Vettor Pisani,027,way/177057582,,yes,https://www.fortificazioni.net/VENEZIA/PISANI.htm,45.450498,12.468416
Q55686194,megalithes,Area Archeologica Via Scavi,Area Archeologica Via Scavi,028,way/134414329,"Tu,Th 15:15-18:30; Sa,Su 15:30-18:30",,,45.329361,11.792822
Q55375209,monuments,Area Archeologica Sant'Eulalia,Area Archeologica Sant'Eulalia,118,node/2817115096,"""call us""",,,39.214636,9.114510
Q3621669,musees,Archivio museo storico di Fiume,Archivio museo storico di Fiume,058,node/7876169064,,no,https://www.fiume-rijeka.it/,41.820889,12.481676
Q55372579,musees,Appartamenti Reali,Appartamenti Reali,001,node/6425716569,,yes,https://www.lavenaria.it/it/esplora/castello-mandria/gli-appartamenti-reali,45.145470,7.601173
Q39058617,musees,Ai Pioppi,Ai Pioppi,026,node/500616845,,no,https://www.aipioppi.com,45.843220,12.179441
Q131310134,musees,Acquario di Napoli,Acquario di Napoli,063,node/4309168118,,yes,http://www.szn.it/index.php/it/acquario/la-storia,40.832731,14.235519
Q3603991,musees,Accademia dei Concordi,Accademia dei Concordi,029,node/257431372,,no,https://www.concordi.it/,45.070927,11.790358
Q55392057,musees,7° Alpini,7° Alpini,025,way/209227583,,yes,http://www.ecomuseograndeguerra.it/veneto/musei_e_raccolte/museo.php?b37193f9b4b01371971243633c20a717,46.105382,12.088070
Q27992934,musees,d'Annunzio Eroe,d'Annunzio Eroe,017,node/4302903846,,yes,,45.624824,10.565383
Q3861548,plages,ZSC Monte Fogliano,ZSC Monte Fogliano,056,way/401182573,,,https://download.mase.gov.it/Natura2000/Trasmissione%20CE_dicembre2022/schede_mappe/Lazio/ZSC_mappe/IT6010023_A3-vert.jpg,42.325814,12.142271
Q3862698,plages,ZSC Caldara di Manziana,ZSC Caldara di Manziana,058,way/399906180,,,https://www.regione.lazio.it/binary/rl_ambiente/tbl_contenuti/cartografia/Roma/IT6030009.PDF,42.086516,12.094431
Q55374589,musees,Villa Museo Giacomo Puccini,Villa Museo Giacomo Puccini,046,node/7319468506,,yes,,43.832551,10.306015
Q55441032,plages,"Val d'Ozola, Monte Cusna","Val d'Ozola, Monte Cusna",035,relation/3571543,,,https://ambiente.regione.emilia-romagna.it/parchi-natura2000/rete-natura-2000/siti/it4030004,44.302082,10.374567
Q28670140,monuments,Torre del Gombito,Torre del Gombito,016,way/79808367,,no,,45.703735,9.663891
Q3995593,monuments,Torre Portixedda,Torre Portixedda,115,way/279205644,,no,,39.904872,8.595363
Q3531083,megalithes,Tomba etrusca della Mula,Tomba etrusca della Mula,048,way/113469096,,yes,,43.828705,11.213919
Q3531044,megalithes,Tomba etrusca della Montagnola,Tomba etrusca della Montagnola,048,way/248028821,,no,,43.833407,11.216476
Q55352727,musees,Südtiroler Bergbaumuseum Kornkasten Steinhaus - Museo provinciale delle miniere Granaio Cadipietra,Südtiroler Bergbaumuseum Kornkasten Steinhaus - Museo provinciale delle miniere Granaio Cadipietra,021,node/471369847,,yes,,46.995171,11.981001
Q55466178,plages,Stagno interrato di Settimo Rottaro,Stagno interrato di Settimo Rottaro,001,way/248691533,,,http://www.regione.piemonte.it/habiweb/servlet/image.pdf?idSic=51,45.400926,7.976627
Q49964168,plages,Serra di Ivrea,Serra di Ivrea,001,way/248686936,,,http://www.regione.piemonte.it/habiweb/servlet/image.pdf?idSic=48,45.488962,7.947635
Q49964168,plages,Serra di Ivrea,Serra di Ivrea,001,way/248686936,,,http://www.regione.piemonte.it/habiweb/servlet/image.pdf?idSic=48,45.488962,7.947635
Q55466153,plages,Scarmagno - Torre Canavese (Morena Destra d'Ivrea),Scarmagno - Torre Canavese (Morena Destra d'Ivrea),001,way/248791910,,,http://www.regione.piemonte.it/habiweb/servlet/image.pdf?idSic=40,45.386523,7.798195
Q1668890,monuments,Sankt Prokulus,Sankt Prokulus,021,way/234969780,,yes,,46.652102,11.009080
Q3671516,monuments,San Nicolò l'Arena,San Nicolò l'Arena,087,way/27746635,,no,,37.504287,15.080076
Q94760189,plages,Saleti,Saleti,022,way/437070983,,,http://www.areeprotette.provincia.tn.it/riserve_locali/,46.042353,11.546404
Q55317035,plages,S.I.C. Torre Quezzi,S.I.C. Torre Quezzi,010,way/478487614,,,http://www.cartografiarl.regione.liguria.it/mapfiles/info/repertoriocartografico/pdf_protected_sites/schede_nat2000/SIC/Site_IT1331606.pdf,44.428963,8.971682
Q20009774,chateaux,Ruderi Castel Pradaglia,Ruderi Castel Pradaglia,022,node/1816253199,,no,,45.879245,11.014588
Q3936629,plages,Riserva statale Masseria Combattenti,Riserva statale Masseria Combattenti,110,way/1023226405,,,https://rgpbio.it/riserva/masseria-combattenti/,41.435280,15.952153
Q3622092,plages,Riserva regionale Fontanili di Corte Valle Re,Riserva regionale Fontanili di Corte Valle Re,035,relation/3568824,,,https://ambiente.regione.emilia-romagna.it/parchi-natura2000/aree-protette/riserve-naturali/cvre,44.761847,10.521788
Q61623510,plages,Riserva regionale Contrafforte Pliocenico,Riserva regionale Contrafforte Pliocenico,037,relation/3515483,,,https://ambiente.regione.emilia-romagna.it/parchi-natura2000/aree-protette/riserve-naturali/plio,44.356134,11.306766
Q3936520,plages,Riserva naturale statale Bibbona,Riserva naturale statale Bibbona,049,way/1453335013,,,https://rgpbio.it/riserva/bibbona/,43.268538,10.628697
Q3936520,plages,Riserva naturale statale Bibbona,Riserva naturale statale Bibbona,049,way/1453335013,,,https://rgpbio.it/riserva/bibbona/,43.268538,10.628697
Q3936767,plages,Riserva naturale regionale della Foce dell'Isonzo,Riserva naturale regionale della Foce dell'Isonzo,031,way/1322682600,,,https://riservafoceisonzo.it/,45.763780,13.499792
Q47489274,plages,Riserva naturale regionale Sorgente Funtanì,Riserva naturale regionale Sorgente Funtanì,017,way/589248648,,,https://www.sorgentefuntani.eu/,45.661937,10.496750
Q139917429,plages,Riserva naturale regionale Marina di Vasto,Riserva naturale regionale Marina di Vasto,069,way/668524414,,,https://www.altovastese.it/ambient/fauna-e-flora-di-marina-di-vasto/,42.086735,14.740501
Q3936874,plages,Riserva naturale orientata Saline di Priolo,Riserva naturale orientata Saline di Priolo,089,relation/9432631,,,https://www.salinedipriolo.it/,37.146330,15.216594
Q3622092,plages,Riserva naturale orientata Rupe di Campotrera,Riserva naturale orientata Rupe di Campotrera,035,way/265414204,,,http://ambiente.regione.emilia-romagna.it/parchi-natura2000/aree-protette/riserve-naturali/rupe/scheda-tecnica,44.579536,10.418332
Q2053670,plages,Riserva naturale orientata Parma Morta,Riserva naturale orientata Parma Morta,034,way/264390811,,,http://eunis.eea.europa.eu/sites/162012,44.917819,10.466615
Q639351,plages,Riserva naturale orientata Oasi Faunistica di Vendicari,Riserva naturale orientata Oasi Faunistica di Vendicari,089,relation/3094037,,,https://www.riserva-vendicari.it/,36.804184,15.092787
Q3936847,plages,Riserva naturale orientata Bosco della Frattona,Riserva naturale orientata Bosco della Frattona,037,way/264948095,,,https://ambiente.regione.emilia-romagna.it/parchi-natura2000/aree-protette/riserve-naturali/frat,44.350927,11.665042
Q490208,plages,Riserva naturale integrale Saline di Trapani e Paceco,Riserva naturale integrale Saline di Trapani e Paceco,081,relation/1405794,,,http://www.wwfsalineditrapani.it/,37.983340,12.516326
Q3457477,plages,Riserva naturale integrale Macalube di Aragona,Riserva naturale integrale Macalube di Aragona,084,relation/3351605,,,https://www.legambienteriserve.it/macalube-di-aragona/,37.379344,13.595702
Q3936818,plages,Riserva naturale integrale Complesso Speleologico Villasmundo-Sant'Alfio,Riserva naturale integrale Complesso Speleologico Villasmundo-Sant'Alfio,089,relation/11180795,,,https://www.cutgana.unict.it/content/complesso-speleologico-villasmundo-s-alfio,37.216654,15.097074
Q3936810,plages,Riserva naturale guidata di Campobrun,Riserva naturale guidata di Campobrun,022,way/236761019,,,https://www.parks.it/riserva.campobrun/par.php,45.704500,11.130138
Q3936898,plages,Riserva naturale delle Salse di Nirano,Riserva naturale delle Salse di Nirano,036,relation/3536041,,,http://www.fiorano.it/Turismo/salse%20nirano/in/index.htm,44.513613,10.822119
Q3936931,plages,Riserva naturale dei Laghi Lungo e Ripasottile,Riserva naturale dei Laghi Lungo e Ripasottile,057,way/589927272,,,http://www.riservalaghi.org/home.asp,42.474477,12.830427
Q49966037,plages,Riserva naturale Montagnayes,Riserva naturale Montagnayes,007,node/14166826179,,,https://www.lovevda.it/it/banca-dati/8/parchi-e-riserve/bionaz/riserva-naturale-montagnayes/1900,45.867483,7.430964
Q3936579,plages,Riserva naturale Fontanile Brancaleone,Riserva naturale Fontanile Brancaleone,016,way/383805300,,,https://www.fontanilebrancaleone.it/,45.521693,9.665505
Q3936549,plages,Riserva naturale Cornocchia,Riserva naturale Cornocchia,052,relation/19893159,,,https://rgpbio.it/riserva/cornocchia/,43.228889,11.092988
Q3936526,plages,Riserva naturale Bosco WWF di Vanzago,Riserva naturale Bosco WWF di Vanzago,015,way/254680883,,,https://www.boscowwfdivanzago.it/,45.520107,8.973724
Q3936809,plages,Riserva Regionale Scanuppia,Riserva Regionale Scanuppia,022,relation/1728705,,,https://www.parks.it/riserva.scanuppia,45.964791,11.163041
Q3936781,plages,Riserva Naturale di Crava-Morozzo,Riserva Naturale di Crava-Morozzo,004,way/371456900,,,http://www.oasicravamorozzo.it/,44.418349,7.733484
Q3936776,plages,Riserva Naturale della Vauda,Riserva Naturale della Vauda,001,way/248800857,,,http://www.regione.piemonte.it/habiweb/servlet/image.pdf?idSic=40,45.249773,7.650900
Q3936766,plages,Riserva Naturale dell'Orrido di Foresto,Riserva Naturale dell'Orrido di Foresto,001,way/371148183,,,http://www.parchialpicozie.it/,45.148129,7.108235
Q3936764,plages,Riserva Naturale dell'Orrido di Chianocco,Riserva Naturale dell'Orrido di Chianocco,001,way/371147423,,,http://www.parchialpicozie.it/,45.154137,7.173074
Q3936907,plages,Riserva Naturale del Fondo Toce,Riserva Naturale del Fondo Toce,103,way/538210447,,,http://www.parcoticinolagomaggiore.it/riserva-naturale-del-fondo-toce/,45.937448,8.478360
Q3936911,plages,Riserva Naturale del Bosco del Vaj,Riserva Naturale del Bosco del Vaj,001,way/1524340576,,,https://www.parcopopiemontese.it/riserva-bosco-vaj.php,45.151593,7.891243
Q24939746,plages,Riserva Naturale dei Canneti di Dormelletto,Riserva Naturale dei Canneti di Dormelletto,003,way/538207273,,,http://www.parcoticinolagomaggiore.it/riserva-naturale-dei-canneti-di-dormelletto/,45.734595,8.577518
Q3936774,plages,Riserva Naturale Valle dei Casali,Riserva Naturale Valle dei Casali,058,relation/2985749,,,https://www.parchilazio.it/valledeicasali,41.861528,12.436961
Q1539916,plages,Riserva Naturale Val Rosandra / Naravni rezervat Dolina Glinščice,Riserva Naturale Val Rosandra / Naravni rezervat Dolina Glinščice,032,way/1322695625,,,http://www.riservavalrosandra-glinscica.it/,45.614834,13.880576
Q1539916,plages,Riserva Naturale Val Rosandra / Naravni rezervat Dolina Glinščice,Riserva Naturale Val Rosandra / Naravni rezervat Dolina Glinščice,032,way/1322695626,,,http://www.riservavalrosandra-glinscica.it/,45.633597,13.901198
Q3936925,plages,Riserva Naturale Statale di Torre Guaceto,Riserva Naturale Statale di Torre Guaceto,074,way/447480422,,,https://www.riservaditorreguaceto.it/,40.705612,17.789209
Q3936716,plages,Riserva Naturale Statale Serra Nicolino – Piano d'Albero,Riserva Naturale Statale Serra Nicolino – Piano d'Albero,078,way/1482182264,,,https://rgpbio.it/riserva/serra-nicolino-piano-dellalbero/,39.491126,16.060774
Q3936716,plages,Riserva Naturale Statale Serra Nicolino – Piano d'Albero,Riserva Naturale Statale Serra Nicolino – Piano d'Albero,078,way/1482182264,,,https://rgpbio.it/riserva/serra-nicolino-piano-dellalbero/,39.491126,16.060774
Q3936923,plages,Riserva Naturale Statale Gola del Furlo,Riserva Naturale Statale Gola del Furlo,041,way/136739348,,,https://www.riservagoladelfurlo.it/,43.644401,12.731091
Q3936883,plages,Riserva Naturale Selva del Lamone,Riserva Naturale Selva del Lamone,056,relation/19560664,,,https://www.parchilazio.it/selvadellamone,42.572344,11.705548
Q3936713,plages,Riserva Naturale Saline di Tarquinia,Riserva Naturale Saline di Tarquinia,056,way/444441849,,,https://www.parchilazio.it/tarquinia,42.200444,11.717978
Q3936807,plages,Riserva Naturale Regionale di Punta Aderci,Riserva Naturale Regionale di Punta Aderci,069,way/389262567,,,https://www.puntaderci.it/index.html,42.181014,14.678514
Q3936802,plages,Riserva Naturale Regionale della Lecceta di Torino di Sangro,Riserva Naturale Regionale della Lecceta di Torino di Sangro,069,way/102321147,,,http://www.terracoste.com/leccetatorinodisangro/,42.222326,14.544081
Q61746711,plages,Riserva Naturale Regionale Valle dell'Arcionello,Riserva Naturale Regionale Valle dell'Arcionello,056,way/668676603,,,https://www.parchilazio.it/valledellarcionello,42.408378,12.143824
Q3936894,plages,Riserva Naturale Regionale Sentina,Riserva Naturale Regionale Sentina,044,relation/1652522,,,https://www.riservasentina.it/,42.901217,13.906971
Q3880424,plages,Riserva Naturale Regionale Oasi WWF Guardiaregia - Campochiaro,Riserva Naturale Regionale Oasi WWF Guardiaregia - Campochiaro,070,relation/14598689,,,https://www.wwf.it/dove-interveniamo/il-nostro-lavoro-in-italia/oasi/guardiaregia-campochiaro/,41.412890,14.495019
Q3936797,plages,Riserva Naturale Regionale Oasi WWF Calanchi di Atri,Riserva Naturale Regionale Oasi WWF Calanchi di Atri,067,way/24590525,,,https://riservacalanchidiatri.it/confini-sic-calanchi-di-atri/,42.576656,13.963571
Q3936789,plages,Riserva Naturale Regionale Nazzano Tevere-Farfa,Riserva Naturale Regionale Nazzano Tevere-Farfa,058,way/490884967,,,https://www.teverefarfa.it/,42.218821,12.615742
Q3936789,plages,Riserva Naturale Regionale Nazzano Tevere-Farfa,Riserva Naturale Regionale Nazzano Tevere-Farfa,058,way/490884967,,,https://www.teverefarfa.it/,42.218821,12.615742
Q3936929,plages,Riserva Naturale Regionale Monterano,Riserva Naturale Regionale Monterano,058,way/400939368,,,https://www.monteranoriserva.it/,42.139960,12.062282
Q55710849,plages,Riserva Naturale Regionale Monte San Vicino e Canfaito,Riserva Naturale Regionale Monte San Vicino e Canfaito,043,way/314391597,,,http://www.riservamontesanvicino.it/,43.310533,13.066482
Q3936646,plages,Riserva Naturale Regionale Monte Rufeno,Riserva Naturale Regionale Monte Rufeno,056,relation/6862481,,,https://www.monterufeno.it/,42.785896,11.917264
Q3936783,plages,Riserva Naturale Regionale Macchiatonda,Riserva Naturale Regionale Macchiatonda,058,way/463249657,,,https://www.parchilazio.it/macchiatonda,42.001705,11.992951
Q3936610,plages,Riserva Naturale Regionale Lago di Vico,Riserva Naturale Regionale Lago di Vico,056,relation/19560663,,,https://www.parchilazio.it/vico,42.330194,12.173584
Q3936751,plages,Riserva Naturale Regionale Lago di Serranella,Riserva Naturale Regionale Lago di Serranella,069,relation/12834712,,,https://www.wwf.it/oasi/abruzzo/lago_di_serranella/,42.124606,14.376092
Q3936794,plages,Riserva Naturale Regionale Bosco di Don Venanzio,Riserva Naturale Regionale Bosco di Don Venanzio,069,relation/19482442,,,http://www.comunedipollutri.it/il-paese/bosco-di-don-venanzio/28/,42.148210,14.646138
Q3936796,plages,Riserva Naturale Provinciale Tuscania,Riserva Naturale Provinciale Tuscania,056,relation/6846684,,,http://www.areeprotette.vt.it,42.399104,11.890867
Q17333293,plages,Riserva Naturale Orientata Bosco di Malabotta,Riserva Naturale Orientata Bosco di Malabotta,083,relation/14400478,,,https://malabotta.com/,37.956446,15.048400
Q3936784,plages,Riserva Naturale Monte Catillo,Riserva Naturale Monte Catillo,058,way/277637277,,,https://www.cittametropolitanaroma.it/homepage/aree-tematiche/ambiente/aree-protette-tutela-della-flora-della-biodiversita/le-aree-protette-della-citta-metropolitana-roma-capitale/riserva-naturale-monte-catillo/,41.980933,12.810360
Q3936888,plages,Riserva Naturale Monte Casoli di Bomarzo,Riserva Naturale Monte Casoli di Bomarzo,056,way/457730186,,,https://www.parks.it/riserva.monte.casoli.bomarzo/,42.492736,12.227925
Q3457473,plages,Riserva Naturale Mont Mars,Riserva Naturale Mont Mars,007,way/331091609,,,http://www.montmars.it/,45.646034,7.924918
Q3936565,plages,Riserva Naturale Farma,Riserva Naturale Farma,053,relation/6419668,,,https://www.comune.roccastrada.gr.it/it-it/vivere-il-comune/cosa-vedere/la-riserva-del-torrente-farma-48575-1-0a1f3cd53b02bfcbe42f054f52b11cfd,43.070434,11.232477
Q3936843,plages,Riserva Biviere di Gela,Riserva Biviere di Gela,085,relation/3116725,,,http://www.riservabiviere.it/,37.022944,14.340365
Q55441870,plages,"Rio Rodano, Fontanili di Fogliano e Ariolo e Oasi di Marmirolo","Rio Rodano, Fontanili di Fogliano e Ariolo e Oasi di Marmirolo",035,relation/3568452,,,https://ambiente.regione.emilia-romagna.it/parchi-natura2000/rete-natura-2000/siti/it4030021,44.663030,10.684471
Q19904258,musees,Quadreria dell'ospedale di Busto Arsizio,Quadreria dell'ospedale di Busto Arsizio,012,node/4167881551,,no,,45.621696,8.846685
,musees,Pinacoteca Civica di Teramo,Pinacoteca Civica di Teramo,067,way/242088198,,no,,42.661778,13.697657
Q94750369,plages,Pezzabosco,Pezzabosco,022,way/437652301,,,http://www.areeprotette.provincia.tn.it/riserve_locali/,46.109626,11.629896
Q71827401,musees,Paul-Flora-Museum,Paul-Flora-Museum,021,node/3131848456,,yes,,46.670152,10.552883
Q3895428,plages,Parco regionale Vena del Gesso Romagnola,Parco regionale Vena del Gesso Romagnola,039,relation/3562535,,,https://www.parchiromagna.it/parco.vena.gesso.romagnola/,44.251584,11.646296
Q3895733,plages,Parco regionale Sassi di Roccamalatina e di Sant’Andrea,Parco regionale Sassi di Roccamalatina e di Sant’Andrea,036,relation/3502111,,,http://www.parcosassi.it/,44.384892,10.950364
Q3895756,plages,Parco regionale Monte Sole,Parco regionale Monte Sole,037,relation/3511206,,,https://ambiente.regione.emilia-romagna.it/it/parchi-natura2000/aree-protette/parchi/sole,44.321396,11.191569
Q3364763,plages,Parco regionale Delta del Po Emilia-Romagna,Parco regionale Delta del Po Emilia-Romagna,038,relation/3565893,,,https://www.parcodeltapo.it/it/index.php,44.583124,12.072206
Q3895722,plages,Parco regionale Campo dei Fiori,Parco regionale Campo dei Fiori,012,way/531560263,,,http://www.parcocampodeifiori.it/,45.875195,8.763720
Q3895650,plages,Parco naturale regionale delle Prealpi Giulie,Parco naturale regionale delle Prealpi Giulie,030,relation/18148133,,,https://www.parcoprealpigiulie.it/,46.346237,13.317711
Q3895677,plages,Parco naturale regionale delle Alpi Apuane,Parco naturale regionale delle Alpi Apuane,046,relation/6399787,,,http://www.parcapuane.toscana.it/,44.061315,10.238882
Q3895676,plages,Parco naturale regionale della Lessinia,Parco naturale regionale della Lessinia,023,relation/3079055,,,https://www.lessiniapark.it/,45.622607,11.067417
Q1363820,plages,Parco naturale regionale Sirente-Velino,Parco naturale regionale Sirente-Velino,066,relation/8426494,,,https://www.parcosirentevelino.it/,42.170516,13.565325
Q769604,plages,Parco naturale dell'Adamello-Brenta,Parco naturale dell'Adamello-Brenta,022,relation/5172172,,,https://www.pnab.it/,46.181689,10.770632
Q769604,plages,Parco naturale dell'Adamello-Brenta,Parco naturale dell'Adamello-Brenta,022,relation/5172172,,,https://www.pnab.it/,46.181689,10.770632
Q3895640,plages,Parco naturale del Monte Barro,Parco naturale del Monte Barro,097,way/1200802726,,,https://www.parcobarro.lombardia.it/,45.833331,9.370460
Q3895651,plages,Parco naturale del Lago di Candia,Parco naturale del Lago di Candia,001,way/248791906,,,http://www.provincia.torino.gov.it/natura/protezione_ambientale/aree_protette/candia/index.htm,45.327582,7.909427
Q3895510,plages,Parco locale Bosco del Rugareto,Parco locale Bosco del Rugareto,012,relation/3414338,,,http://www.parcodelrugareto.it,45.644690,8.938556
Q55436286,plages,Parco delle Colline di Brescia,Parco delle Colline di Brescia,017,relation/4466444,,,https://www.parcocollinebrescia.it/,45.567697,10.231937
Q3895522,plages,Parco della Balossa,Parco della Balossa,015,way/35158238,,,www.parcobalossa.it,45.544128,9.151726
Q499242,plages,Parco dell'Etna,Parco dell'Etna,087,relation/14398078,,,https://www.parcoetna.it/,37.747709,14.977593
Q3895505,plages,Parco del Serio,Parco del Serio,016,relation/2205956,,,https://www.parcodelserio.it/index.html,45.477666,9.727654
Q3895505,plages,Parco del Serio,Parco del Serio,016,relation/2205956,,,https://www.parcodelserio.it/index.html,45.477666,9.727654
Q3405782,plages,Parco del Roccolo,Parco del Roccolo,015,relation/3407909,,,https://www.parcodelroccolo.it/,45.534827,8.923744
Q3895500,plages,Parco del Po e del Morbasco,Parco del Po e del Morbasco,019,relation/16671455,,,https://www.parcopomorbasco.it/,45.116263,10.060317
Q3895490,plages,Parco del Medio Olona,Parco del Medio Olona,012,relation/3414337,,,http://www.parcomedioolona.it/,45.652437,8.885785
Q3364638,plages,Parco del Lago Trasimeno,Parco del Lago Trasimeno,054,way/293428041,,,https://www.parks.it/parco.trasimeno/index.php,43.136905,12.106722
Q3895508,plages,Parco del Fiume Tormo,Parco del Fiume Tormo,019,relation/8050177,,,http://www.parcodeltormo.it/,45.393226,9.565019
Q3895480,plages,Parco dei Mughetti,Parco dei Mughetti,012,relation/5934754,,,https://www.parcomughetti.it/,45.604533,8.983226
Q3895458,plages,Parco agricolo Sud Milano,Parco agricolo Sud Milano,015,relation/7641906,,,https://www.parcoagricolosudmilano.it/,45.413878,9.177589
Q3895458,plages,Parco agricolo Sud Milano,Parco agricolo Sud Milano,015,relation/7641906,,,https://www.parcoagricolosudmilano.it/,45.413878,9.177589
Q49539063,jardins,Parco Trapezio,Parco Trapezio,015,way/134469613,,no,,45.436369,9.243582
Q3895430,plages,Parco Rile Tenore Olona,Parco Rile Tenore Olona,012,relation/8433766,,,http://www.parco-rto.it/,45.717642,8.857343
Q3895531,plages,Parco Regionale della Grigna Settentrionale,Parco Regionale della Grigna Settentrionale,097,relation/15657153,,,http://www.parcogrigna.it/,45.976555,9.373541
Q3895727,plages,Parco Regionale dell'Olivo di Venafro,Parco Regionale dell'Olivo di Venafro,094,way/303250433,,,https://www.parcodellolivodivenafro.eu/,41.478178,14.023757
Q3895727,plages,Parco Regionale dell'Olivo di Venafro,Parco Regionale dell'Olivo di Venafro,094,way/303250433,,,https://www.parcodellolivodivenafro.eu/,41.478178,14.023757
Q3895741,plages,Parco Regionale dell'Abbazia di Monteveglio (IT4050016 - SIC),Parco Regionale dell'Abbazia di Monteveglio (IT4050016 - SIC),037,relation/3510853,,,https://enteparchi.bo.it/parco.abbazia.monteveglio/,44.470317,11.079750
Q3895497,plages,Parco Regionale del Monte Subasio,Parco Regionale del Monte Subasio,054,way/461629730,,,https://www.montesubasio.it/,43.087104,12.671151
Q3895497,plages,Parco Regionale del Monte Subasio,Parco Regionale del Monte Subasio,054,way/461629730,,,https://www.montesubasio.it/,43.087104,12.671151
Q3895495,plages,Parco Regionale del Monte Cucco,Parco Regionale del Monte Cucco,054,way/318725672,,,https://www.discovermontecucco.it/,43.378088,12.720854
Q3895730,plages,Parco Regionale dei Castelli Romani,Parco Regionale dei Castelli Romani,058,relation/13428552,,,https://www.parcocastelliromani.it/,41.744749,12.741554
Q3895441,plages,Parco Regionale Spina Verde,Parco Regionale Spina Verde,013,relation/12081608,,,https://www.spinaverde.it/,45.803408,9.051145
Q3895724,plages,Parco Regionale Marturanum,Parco Regionale Marturanum,056,way/402655798,,,https://www.parchilazio.it/marturanum,42.240498,12.053309
Q3895681,plages,Parco Regionale Gola della Rossa e Frasassi,Parco Regionale Gola della Rossa e Frasassi,042,way/314638039,,,https://parcogolarossa.it/,43.417761,12.981727
Q3895681,plages,Parco Regionale Gola della Rossa e Frasassi,Parco Regionale Gola della Rossa e Frasassi,042,way/314638039,,,https://parcogolarossa.it/,43.417761,12.981727
Q3895674,plages,Parco Regionale Bracciano - Martignano,Parco Regionale Bracciano - Martignano,058,way/419415063,,,https://www.parcobracciano.it/,42.168568,12.292139
Q3895520,plages,Parco Oglio Sud,Parco Oglio Sud,019,relation/16299905,,,https://www.ogliosud.it/,45.124398,10.451400
Q3895520,plages,Parco Oglio Sud,Parco Oglio Sud,019,relation/16299905,,,https://www.ogliosud.it/,45.124398,10.451400
Q3895519,plages,Parco Oglio Nord,Parco Oglio Nord,017,relation/16201217,,,https://www.parcooglionord.it/,45.437632,10.040288
Q3895519,plages,Parco Oglio Nord,Parco Oglio Nord,017,relation/16201217,,,https://www.parcooglionord.it/,45.437632,10.040288
Q358729,plages,Parco Nazionale della Val Grande,Parco Nazionale della Val Grande,103,relation/13680199,,,http://www.parcovalgrande.it/,46.021784,8.444913
Q778921,plages,Parco Nazionale dell'Aspromonte,Parco Nazionale dell'Aspromonte,080,relation/8125573,,,https://www.parconazionaleaspromonte.it,38.197765,16.016496
Q1761032,plages,Parco Nazionale dell'Appennino Tosco-Emiliano,Parco Nazionale dell'Appennino Tosco-Emiliano,035,relation/3503470,,,https://www.parcoappennino.it/,44.332713,10.216702
Q1325310,plages,Parco Nazionale dell'Appennino Lucano-Val d'Agri-Lagonegrese,Parco Nazionale dell'Appennino Lucano-Val d'Agri-Lagonegrese,076,relation/6274746,,,http://parcoappenninolucano.it/,40.336262,15.877995
Q680313,plages,Parco Nazionale dell'Alta Murgia,Parco Nazionale dell'Alta Murgia,072,relation/9763706,,,https://www.parcoaltamurgia.it/,40.974674,16.417199
Q680313,plages,Parco Nazionale dell'Alta Murgia,Parco Nazionale dell'Alta Murgia,072,relation/9763706,,,https://www.parcoaltamurgia.it/,40.974674,16.417199
Q3895739,plages,Parco Nazionale del Matese,Parco Nazionale del Matese,061,relation/14635178,,,https://www.parcoregionaledelmatese.it/,41.420312,14.388100
Q3895739,plages,Parco Nazionale del Matese,Parco Nazionale del Matese,061,relation/14635178,,,https://www.parcoregionaledelmatese.it/,41.420312,14.388100
Q3895739,plages,Parco Nazionale del Matese,Parco Nazionale del Matese,061,relation/14635178,,,https://www.parcoregionaledelmatese.it/,41.420312,14.388100
Q1438999,plages,"Parco Nazionale d'Abruzzo, Lazio e Molise","Parco Nazionale d'Abruzzo, Lazio e Molise",066,relation/8426003,,,https://www.parcoabruzzo.it/area_amministrativa.php,41.806579,13.844299
Q3895658,plages,Parco Naturale di Stupinigi,Parco Naturale di Stupinigi,001,way/371316751,,,http://www.parchireali.gov.it/parco.stupinigi/,44.983922,7.592134
Q3364595,plages,Parco Naturale delle Alpi Marittime,Parco Naturale delle Alpi Marittime,004,relation/14783762,,,https://www.parcoalpimarittime.it/,44.203109,7.351128
Q2052058,plages,Parco Naturale della Val Troncea,Parco Naturale della Val Troncea,001,way/371320752,,,http://www.parchialpicozie.it/,44.938807,6.957077
Q918575,plages,Parco Naturale della Maremma,Parco Naturale della Maremma,053,relation/4279861,,,https://www.parco-maremma.it/,42.630321,11.080587
Q3895642,plages,Parco Naturale della Collina di Superga,Parco Naturale della Collina di Superga,001,relation/317940,,,http://parchipocollina.to.it/,45.069439,7.765445
Q1533952,plages,Parco Naturale del Marguareis,Parco Naturale del Marguareis,004,way/379055920,,,http://www.parcomarguareis.it/,44.185023,7.686831
Q388329,plages,Parco Naturale del Gran Bosco di Salbertrand,Parco Naturale del Gran Bosco di Salbertrand,001,way/371319547,,,http://www.parchialpicozie.it/,45.057138,6.923525
Q3895631,plages,Parco Naturale dei Laghi di Avigliana,Parco Naturale dei Laghi di Avigliana,001,way/371243409,,,http://www.parchialpicozie.it/,45.065867,7.383394
Q957736,plages,Parco Naturale Regionale di Portofino - Aree contigue,Parco Naturale Regionale di Portofino - Aree contigue,010,relation/2689876,,,https://www.parcoportofino.it/,44.333230,9.183030
Q957736,plages,Parco Naturale Regionale di Portofino,Parco Naturale Regionale di Portofino,010,relation/414151,,,https://www.parcoportofino.it/,44.323131,9.181994
Q1111071,plages,Parco Naturale Regionale di Porto Conte,Parco Naturale Regionale di Porto Conte,112,relation/11516882,,,https://www.algheroparks.it/,40.615263,8.230849
Q3895674,plages,Parco Naturale Regionale di Bracciano - Martignano,Parco Naturale Regionale di Bracciano - Martignano,058,relation/6247108,,,https://www.parcobracciano.it/,42.134319,12.257165
Q3895683,plages,Parco Naturale Regionale delle Serre,Parco Naturale Regionale delle Serre,102,relation/2992269,,,https://www.parcodelleserre.it/,38.619812,16.338338
Q3895680,plages,Parco Naturale Regionale delle Dolomiti d’Ampezzo,Parco Naturale Regionale delle Dolomiti d’Ampezzo,025,relation/15597286,,,http://www.dolomitiparco.com/,46.596569,12.122280
Q3895678,plages,Parco Naturale Regionale delle Alpi Liguri,Parco Naturale Regionale delle Alpi Liguri,008,relation/11734820,,,http://parconaturalealpiliguri.it,44.019655,7.749403
Q3895675,plages,Parco Naturale Regionale dei Monti Simbruini,Parco Naturale Regionale dei Monti Simbruini,058,relation/17278735,,,http://www.simbruini.it/,41.930076,13.209996
Q3895672,plages,Parco Naturale Regionale Terra delle Gravine,Parco Naturale Regionale Terra delle Gravine,073,relation/8221789,,,http://parcodellegravine.provincia.ta.it/,40.604338,17.099126
Q3895664,plages,Parco Naturale Regionale Lama Balice,Parco Naturale Regionale Lama Balice,072,way/1311799570,,,https://www.parcolamabalice.it/,41.120144,16.731799
Q3895749,plages,Parco Naturale Regionale Appia Antica,Parco Naturale Regionale Appia Antica,058,relation/1797980,,,https://www.parcoappiaantica.it/,41.825341,12.549030
Q2052054,plages,Parco Naturale Orsiera-Rocciavrè,Parco Naturale Orsiera-Rocciavrè,001,way/371153593,,,http://www.parchialpicozie.it/,45.057571,7.132838
Q3895633,plages,Parco Naturale La Mandria,Parco Naturale La Mandria,001,way/371314695,,,http://www.parchireali.gov.it/parco.mandria/,45.166382,7.575794
Q3895417,plages,Parco Naturale Col del Lys,Parco Naturale Col del Lys,001,way/133871573,,,https://www.parks.it/parco.col.lys/index.php,45.175839,7.395170
Q93895626,musees,Parco Minerario dell'Isola d'Elba - Museo Dei Minerali e dell'Arte Mineraria,Parco Minerario dell'Isola d'Elba - Museo Dei Minerali e dell'Arte Mineraria,049,node/7319337268,,yes,,42.816136,10.427828
Q98555058,plages,Parco Guizze,Parco Guizze,028,way/622135827,,,https://www.comune.sangiorgiodellepertiche.pd.it/index.php?area=19&menu=164&page=314&lingua=4,45.547809,11.899400
Q3895363,plages,Parco Alto Milanese,Parco Alto Milanese,015,relation/4008615,,,http://www.parcoaltomilanese.it/,45.591574,8.873124
Q3640229,plages,Palude di Roncegno,Palude di Roncegno,022,way/99755899,,,http://www.areeprotette.provincia.tn.it/riserve_provinciali/biotopi_riserve/-riserve_provinciali/pagina12.html,46.050745,11.424838
Q55466184,plages,Palude di Romano Canavese,Palude di Romano Canavese,001,way/248791909,,,http://www.regione.piemonte.it/habiweb/servlet/image.pdf?idSic=53,45.396243,7.859822
Q94696552,plages,Palon dela Cavallara,Palon dela Cavallara,022,way/437652300,,,http://www.areeprotette.provincia.tn.it/riserve_locali/,46.135358,11.661606
Q66058158,chateaux,Palazzo Eccheli Baisi,Palazzo Eccheli Baisi,022,way/1319431928,,no,,45.816655,10.954179
Q56258522,musees,Padiglione della barca,Padiglione della barca,063,way/1100584593,,no,,40.805098,14.345686
Q3133893,musees,Orto Botanico ed Erbario,Orto Botanico ed Erbario,037,relation/2006913,,no,,44.499805,11.352789
Q3884705,monuments,Oratorio di San Michele,Oratorio di San Michele,028,way/131965269,,yes,,45.401318,11.869101
Q122001434,plages,Oasi naturale di San Gherardo,Oasi naturale di San Gherardo,037,way/403841606,,,https://www.ecosistema.it/sangherardo/,44.422505,11.289682
Q3880415,plages,Oasi di Torrile,Oasi di Torrile,034,way/354892795,,,https://www.lipu.it/oasi-torrile,44.925183,10.314058
Q3880405,plages,Oasi di Bianello,Oasi di Bianello,035,relation/3568229,,,http://www.bianello.it/oasi-lipu-di-bianello/item/oasibianello.html,44.626278,10.463641
Q55719795,plages,Oasi delle Cave WWF,Oasi delle Cave WWF,027,way/134197624,,,https://www.wwf.it/dove-interveniamo/il-nostro-lavoro-in-italia/oasi/cave-di-noale/,45.553320,12.083720
Q27983148,plages,Oasi WWF Il Caloggio,Oasi WWF Il Caloggio,015,way/187977741,,,https://www.wwf.it/oasi/lombardia/il_caloggio/,45.549519,9.103801
Q3880396,plages,Oasi WWF Bosco Romanazzi,Oasi WWF Bosco Romanazzi,072,way/308393067,,,https://www.wwf.it/oasi/puglia/bosco_romanazzi/,40.829965,16.986198
Q3880416,plages,Oasi Valtrigona,Oasi Valtrigona,022,way/442656953,,,https://www.wwf.it/oasi/trentino_alto_adige/valtrigona/,46.141723,11.434944
Q55593970,plages,Oasi Le Foppe,Oasi Le Foppe,015,way/724857757,,,http://www.oasilefoppe.it/,45.617720,9.499037
Q86669716,plages,Oasi LIPU Zone Umide Beneventane,Oasi LIPU Zone Umide Beneventane,062,way/936130283,,,https://www.oasilipubenevento.it/,41.142745,14.752408
Q520612,plages,Naturpark Schlern-Rosengarten – Parco naturale dello Sciliar-Catinaccio,Naturpark Schlern-Rosengarten – Parco naturale dello Sciliar-Catinaccio,021,relation/15595792,,,https://parchi-naturali.provincia.bz.it/parco-naturale-sciliar-catinaccio.asp,46.490497,11.586921
Q712943,musees,Museo storico nazionale dell'artiglieria,Museo storico nazionale dell'artiglieria,001,node/4572133130,,no,,45.070986,7.673591
Q64896957,musees,Museo storico del ciclismo bustese,Museo storico del ciclismo bustese,012,node/4587674241,,no,,45.615097,8.846604
Q140693020,musees,Museo mediceo,Museo mediceo,049,node/12750441312,,yes,,43.534752,10.305900
Q21188687,musees,Museo diocesano,Museo diocesano,061,way/497404263,,yes,,41.074148,14.332125
Q3868187,musees,Museo di Zoologia,Museo di Zoologia,087,way/52434061,,yes,,37.510997,15.079253
Q55674300,musees,Museo di Arte Sacra della Pieve dei Santi Giovanni Battista e Lorenzo di Signa,Museo di Arte Sacra della Pieve dei Santi Giovanni Battista e Lorenzo di Signa,048,node/7319798980,,yes,,43.780364,11.096119
Q55369030,musees,Museo delle conchiglie,Museo delle conchiglie,099,node/4213179089,,no,,44.144609,12.465541
Q55372218,musees,Museo della Viticoltura,Museo della Viticoltura,001,way/195525279,,no,,44.864946,7.270256
Q68320363,musees,Museo della Tortura,Museo della Tortura,050,node/471087404,,yes,,43.401415,10.863287
Q55378069,musees,Museo della Contrada del Leocorno,Museo della Contrada del Leocorno,052,node/7319009996,,yes,,43.319105,11.334606
Q66057978,musees,Museo della Civiltà Contadina,Museo della Civiltà Contadina,051,node/2062247391,,yes,,43.257042,11.908029
,musees,Museo della Ceramica d'uso a Corneto,Museo della Ceramica d'uso a Corneto,056,node/1602462148,,no,,42.254575,11.756720
Q55674447,musees,Museo dell'Identità dell'Alta Garfagnana Olimpio Cammelli,Museo dell'Identità dell'Alta Garfagnana Olimpio Cammelli,046,node/7319468525,,no,,44.155203,10.243594
Q1114366,musees,Museo del Patrimonio Industriale,Museo del Patrimonio Industriale,037,node/1704110513,,yes,,44.521713,11.334586
Q54887072,musees,Museo del Parco Nazionale della Val Grande,Museo del Parco Nazionale della Val Grande,103,way/245288106,,no,,46.126286,8.502048
Q20770633,musees,Museo del Banditismo,Museo del Banditismo,113,node/3686814227,,yes,,40.929539,9.065814
Q54855038,musees,"Museo dei colori naturali ""Delio Bischi""","Museo dei colori naturali ""Delio Bischi""",041,node/7489190122,,yes,,43.622571,12.256494
Q3867904,musees,Museo dei Gladiatori,Museo dei Gladiatori,061,way/610606038,,yes,,41.085168,14.250906
Q3868336,musees,"Museo d'arte moderna religiosa ""Dedalo Montali""","Museo d'arte moderna religiosa ""Dedalo Montali""",004,node/3431214642,,no,,44.630775,8.058899
Q55385931,musees,Museo civico archeologico della Valtenesi,Museo civico archeologico della Valtenesi,017,way/350124480,,no,,45.556305,10.568796
Q3867797,musees,Museo civico archeologico,Museo civico archeologico,023,node/3679460223,,no,,45.309682,11.384079
Q21008951,musees,Museo archeologico oliveriano,Museo archeologico oliveriano,041,node/5781371813,,yes,,43.909872,12.909774
Q3867669,musees,Museo archeologico dei Campi Flegrei,Museo archeologico dei Campi Flegrei,063,node/677550796,,yes,,40.811343,14.080211
Q26678364,musees,"Museo archeologico ""Ferrante Rittatore Vonwiller""","Museo archeologico ""Ferrante Rittatore Vonwiller""",015,node/2940793417,,no,,45.573956,8.924674
Q55372828,musees,Museo Walser,Museo Walser,002,node/2187252785,,yes,,45.860697,7.938209
Q55373215,musees,Museo Venturino Venturi,Museo Venturino Venturi,051,node/7319310497,,yes,,43.593271,11.631517
Q55375082,musees,Museo Storico del Vetro e della Bottiglia J. F. Mariani,Museo Storico del Vetro e della Bottiglia J. F. Mariani,052,node/7319010026,,yes,,42.980783,11.400462
Q55371421,musees,Museo Storico Etnografico,Museo Storico Etnografico,004,node/9937313657,,yes,,44.579084,7.189970
Q16580536,musees,Museo Storico Archeologico di Savona,Museo Storico Archeologico di Savona,009,node/4442370143,,yes,,44.305040,8.484855
,musees,Museo Moto Guzzi,Museo Moto Guzzi,097,node/2904264333,,yes,,45.915206,9.322871
Q60840190,musees,Museo Lavazza,Museo Lavazza,001,way/761582364,,yes,,45.080520,7.691796
Q3868396,musees,Museo Lapidario,Museo Lapidario,038,node/1255619088,,yes,,44.830146,11.630005
Q55377008,musees,Museo Jean-Baptiste Cerlogne,Museo Jean-Baptiste Cerlogne,007,node/9174698500,,no,,45.717165,7.164361
,musees,Museo Etnografico e del seggiolaio,Museo Etnografico e del seggiolaio,025,way/170523697,,no,,46.221802,11.954903
Q3868341,musees,Museo Diocesano Sorrentino Stabiese,Museo Diocesano Sorrentino Stabiese,063,way/734891806,,yes,,40.694632,14.479674
Q29640281,musees,Museo Delta Antico,Museo Delta Antico,038,node/7470073415,,yes,,44.693206,12.181674
Q3868056,musees,Museo Della Bonifica,Museo Della Bonifica,027,node/445126323,,yes,,45.624682,12.584842
Q55359110,musees,Museo Civico “Antonio Giacomelli”,Museo Civico “Antonio Giacomelli”,028,node/1738642500,,yes,,45.230866,11.468361
Q54855312,musees,Museo Civico di Sanremo,Museo Civico di Sanremo,008,node/7603243540,,yes,,43.817760,7.775829
Q55373531,musees,Museo Civico del Palazzo Pretorio di Certaldo,Museo Civico del Palazzo Pretorio di Certaldo,048,node/7319709146,,yes,,43.549314,11.045439
Q51166,musees,Museo Civico Luigi Bailo,Museo Civico Luigi Bailo,026,node/1050982804,,yes,,45.667566,12.238107
Q18881530,musees,Museo Civico,Museo Civico,025,way/149057889,,yes,,46.018958,11.912331
Q67643798,musees,Museo Archeologico di Santa Maria di Lugo,Museo Archeologico di Santa Maria di Lugo,027,node/12293593480,,no,,45.367113,12.133518
Q27992761,musees,Museo Archeologico Villa Sulcis,Museo Archeologico Villa Sulcis,119,node/1325694466,,yes,,39.163590,8.525017
Q15545668,musees,Museo Antica Kaulon,Museo Antica Kaulon,080,way/304129498,,yes,,38.450256,16.578801
Q24934566,musees,Museo Agorà Orsi Coppini,Museo Agorà Orsi Coppini,034,way/653197412,,yes,,44.917655,10.225400
Q54854724,musees,Museo - Biblioteca Francesco Antonio Marcucci,Museo - Biblioteca Francesco Antonio Marcucci,044,node/673024711,,donation,,42.856430,13.570628
Q55385949,musees,Mumat - Museo delle Macchine Tessili,Mumat - Museo delle Macchine Tessili,100,node/7319211735,,no,,44.043149,11.150080
Q55466160,plages,Mulino Vecchio (Fascia Fluviale del Po),Mulino Vecchio (Fascia Fluviale del Po),001,way/248862916,,,http://www.regione.piemonte.it/habiweb/servlet/image.pdf?idSic=43,45.264938,7.970920
Q3862725,plages,Monumento Naturale di Galeria Antica,Monumento Naturale di Galeria Antica,058,way/224651973,,,https://www.parks.it/mn.galeria.antica/,42.024568,12.300298
Q3862714,plages,Monumento Naturale Pian Sant'Angelo,Monumento Naturale Pian Sant'Angelo,056,way/472633044,,,https://www.wwf.it/oasi/lazio/pian_sant_angelo/,42.367550,12.358844
Q55441030,plages,"Monte la Nuda, Cima Belfiore, Passo del Cerreto","Monte la Nuda, Cima Belfiore, Passo del Cerreto",035,relation/3571791,,,https://ambiente.regione.emilia-romagna.it/parchi-natura2000/rete-natura-2000/siti/it4030003,44.311706,10.271782
Q55443065,plages,"Monte dei Cucchi, Pian di Balestra","Monte dei Cucchi, Pian di Balestra",037,way/264550308,,,https://ambiente.regione.emilia-romagna.it/parchi-natura2000/notizie/notizie-2012/nuovo-aggiornamento-per-la-rete-natura-2000,44.184437,11.257287
Q55441027,plages,Monte Ventasso,Monte Ventasso,035,relation/3570648,,,https://ambiente.regione.emilia-romagna.it/parchi-natura2000/rete-natura-2000/siti/it4030002,44.384037,10.294103
Q55444642,plages,Monte Sole,Monte Sole,037,relation/3511205,,,http://ambiente.regione.emilia-romagna.it/parchi-natura2000/rete-natura-2000/siti/it4050003,44.338005,11.213386
Q55443030,plages,"Monte Rondinaio, Monte Giovo","Monte Rondinaio, Monte Giovo",036,relation/3524695,,,https://ambiente.regione.emilia-romagna.it/parchi-natura2000/rete-natura-2000/siti/it4040002,44.176472,10.553798
Q55443030,plages,"Monte Rondinaio, Monte Giovo","Monte Rondinaio, Monte Giovo",036,relation/3524695,,,https://ambiente.regione.emilia-romagna.it/parchi-natura2000/rete-natura-2000/siti/it4040002,44.176472,10.553798
Q55441038,plages,Monte Prado,Monte Prado,035,relation/3571544,,,https://ambiente.regione.emilia-romagna.it/parchi-natura2000/rete-natura-2000/siti/it4030006,44.251755,10.401438
Q3895743,plages,"Monte Cimone, Libro Aperto, Lago di Pratignano","Monte Cimone, Libro Aperto, Lago di Pratignano",036,relation/3497980,,,http://www.parcofrignano.it/,44.181182,10.661902
Q3895743,plages,"Monte Cimone, Libro Aperto, Lago di Pratignano","Monte Cimone, Libro Aperto, Lago di Pratignano",036,relation/3497980,,,http://www.parcofrignano.it/,44.181182,10.661902
Q55443029,plages,"Monte Cimone, Libro Aperto, Lago di Pratignano","Monte Cimone, Libro Aperto, Lago di Pratignano",036,relation/3524206,,,https://ambiente.regione.emilia-romagna.it/parchi-natura2000/rete-natura-2000/siti/it4040001,44.200214,10.719096
Q55441024,plages,"Monte Acuto, Alpe di Succiso","Monte Acuto, Alpe di Succiso",035,relation/3571983,,,https://ambiente.regione.emilia-romagna.it/parchi-natura2000/rete-natura-2000/siti/it4030001,44.341004,10.196989
Q55444647,plages,Media Valle del Sillaro,Media Valle del Sillaro,037,way/264284186,,,https://ambiente.regione.emilia-romagna.it/parchi-natura2000/rete-natura-2000/siti/it4050011,44.294266,11.440587
Q24941924,jardins,Mausoleo della Conocchia,Mausoleo della Conocchia,061,way/568282229,,no,,41.077770,14.278526
Q55466171,plages,Lago di Maglione,Lago di Maglione,001,way/248791907,,,http://www.regione.piemonte.it/habiweb/servlet/image.pdf?idSic=50,45.346683,7.995416
Q49964091,plages,Laghi di Ivrea,Laghi di Ivrea,001,way/248681798,,,http://www.regione.piemonte.it/habiweb/servlet/image.pdf?idSic=19,45.493136,7.895427
Q49964091,plages,Laghi di Ivrea,Laghi di Ivrea,001,way/248681798,,,http://www.regione.piemonte.it/habiweb/servlet/image.pdf?idSic=19,45.493136,7.895477
Q68662399,musees,Laboratorio dell'Insetto,Laboratorio dell'Insetto,037,node/586316851,,yes,,44.628411,11.204223
Q55444650,plages,"La Martina, Monte Gurlano","La Martina, Monte Gurlano",037,way/264450937,,,https://ambiente.regione.emilia-romagna.it/parchi-natura2000/rete-natura-2000/siti/it4050015,44.219909,11.378287
Q55390587,musees,La Ca di Feman da la Piaza,La Ca di Feman da la Piaza,103,node/7997468923,,yes,,46.132080,8.536513
Q47357246,plages,Isolotto del Ritano (Dora Baltea),Isolotto del Ritano (Dora Baltea),002,way/248862908,,,http://www.regione.piemonte.it/habiweb/servlet/image.pdf?idSic=65,45.229570,8.001050
Q47356537,plages,Isola di Santa Maria,Isola di Santa Maria,001,way/248862900,,,https://www.parcopopiemontese.it/zsc-isola-santa-maria.php,45.175467,8.139687
Q15070045,plages,Isola De Pinedo,Isola De Pinedo,033,way/27014428,,,http://sitidemo.sintranet.it/partecipa2008/ptcp/Allegati/Manual/osserva/20/continuazione%20osserv.%20n_%203.pdf,45.085991,9.867153
Q3936884,plages,IT4090001 - ZSC - Riserva Naturale Orientata di Onferno,IT4090001 - ZSC - Riserva Naturale Orientata di Onferno,099,way/1226716982,,,https://ambiente.regione.emilia-romagna.it/it/parchi-natura2000/aree-protette/riserve-naturali/onfe/carta-identita,43.872922,12.547543
Q55444677,plages,IT4070017 - SIC - Alto Senio,IT4070017 - SIC - Alto Senio,039,way/265001332,,,https://ambiente.regione.emilia-romagna.it/parchi-natura2000/rete-natura-2000/siti/it4070017,44.186817,11.549640
Q55444677,plages,IT4070017 - SIC - Alto Senio,IT4070017 - SIC - Alto Senio,039,way/1528420994,,,https://ambiente.regione.emilia-romagna.it/parchi-natura2000/rete-natura-2000/siti/it4070017,44.178194,11.561545
Q55444742,plages,IT4060017 - ZPS - Po di Primaro e Bacini di Traghetto,IT4060017 - ZPS - Po di Primaro e Bacini di Traghetto,038,way/265359177,,,https://ambiente.regione.emilia-romagna.it/parchi-natura2000/rete-natura-2000/siti/it4060017,44.721325,11.715928
Q55443068,plages,IT4060001 - SIC-ZPS - Valli di Argenta,IT4060001 - SIC-ZPS - Valli di Argenta,038,way/265073327,,,https://ambiente.regione.emilia-romagna.it/parchi-natura2000/rete-natura-2000/siti/it4060001,44.588529,11.810965
Q55443062,plages,IT4050031 - SIC-ZPS Cassa di espansione del torrente Samoggia,IT4050031 - SIC-ZPS Cassa di espansione del torrente Samoggia,037,way/263744031,,,https://ambiente.regione.emilia-romagna.it/parchi-natura2000/rete-natura-2000/siti/it4040009,44.597056,11.203257
Q55444726,plages,IT4050030 - ZPS - Cassa di espansione Dosolo,IT4050030 - ZPS - Cassa di espansione Dosolo,037,way/263623773,,,https://ambiente.regione.emilia-romagna.it/parchi-natura2000/rete-natura-2000/siti/it4050030,44.646933,11.266777
Q55443061,plages,IT4050029 - SIC-ZPS - Boschi di San Luca e Destra Reno,IT4050029 - SIC-ZPS - Boschi di San Luca e Destra Reno,037,way/262051642,,,https://ambiente.regione.emilia-romagna.it/parchi-natura2000/rete-natura-2000/siti/it4050029,44.438469,11.291462
Q55444660,plages,"IT4050027 - SIC - Gessi di Monte Rocca, Monte Capra e Tizzano","IT4050027 - SIC - Gessi di Monte Rocca, Monte Capra e Tizzano",037,relation/3518435,,,https://ambiente.regione.emilia-romagna.it/parchi-natura2000/rete-natura-2000/siti/it4050027,44.463959,11.230772
Q55444725,plages,IT4050026 - ZPS - Bacini ex-zuccherificio di Argelato e Golena del Fiume Reno,IT4050026 - ZPS - Bacini ex-zuccherificio di Argelato e Golena del Fiume Reno,037,way/263625152,,,https://ambiente.regione.emilia-romagna.it/parchi-natura2000/rete-natura-2000/siti/it4050026,44.648675,11.306199
Q55444722,plages,IT4050025 - ZPS - Biotopi e Ripristini ambientali di Crevalcore,IT4050025 - ZPS - Biotopi e Ripristini ambientali di Crevalcore,037,relation/3540182,,,https://ambiente.regione.emilia-romagna.it/parchi-natura2000/rete-natura-2000/siti/it4050025,44.747186,11.200680
Q55443059,plages,"IT4050024 - SIC-ZPS - Biotopi e ripristini ambientali di Bentivoglio, San Pietro in Casale, Malalbergo e Baricella","IT4050024 - SIC-ZPS - Biotopi e ripristini ambientali di Bentivoglio, San Pietro in Casale, Malalbergo e Baricella",037,relation/3562103,,,https://ambiente.regione.emilia-romagna.it/parchi-natura2000/rete-natura-2000/siti/it4050024,44.665611,11.447861
Q3640200,plages,IT4050023 - SIC-ZPS - Biotopi e Ripristini ambientali di Budrio e Minerbio,IT4050023 - SIC-ZPS - Biotopi e Ripristini ambientali di Budrio e Minerbio,037,way/265043150,,,https://ambiente.regione.emilia-romagna.it/parchi-natura2000/rete-natura-2000/siti/it4050023,44.617722,11.564607
Q56437080,plages,IT4050019 - SIC-ZPS - La Bora,IT4050019 - SIC-ZPS - La Bora,037,way/263665160,,,https://ambiente.regione.emilia-romagna.it/parchi-natura2000/rete-natura-2000/siti/it4050019,44.631302,11.203341
Q55444654,plages,IT4050018 - SIC - ZPS - Golena San Vitale e Golena del Lippo,IT4050018 - SIC - ZPS - Golena San Vitale e Golena del Lippo,037,relation/3542735,,,https://ambiente.regione.emilia-romagna.it/parchi-natura2000/rete-natura-2000/siti/it4050018,44.539796,11.310671
Q55443050,plages,IT4050012 - SIC-ZPS - Contrafforte Pliocenico,IT4050012 - SIC-ZPS - Contrafforte Pliocenico,037,relation/3515482,,,https://ambiente.regione.emilia-romagna.it/parchi-natura2000/rete-natura-2000/siti/it4050012,44.347615,11.320707
Q3895737,plages,IT4050002 - SIC-ZPS - Parco Regionale Corno alle Scale,IT4050002 - SIC-ZPS - Parco Regionale Corno alle Scale,037,relation/3537738,,,https://ambiente.regione.emilia-romagna.it/parchi-natura2000/rete-natura-2000/siti/it4050002,44.138900,10.852626
Q55444720,plages,IT4040018 - ZPS - Le Meleghine,IT4040018 - ZPS - Le Meleghine,036,way/263531696,,,https://ambiente.regione.emilia-romagna.it/parchi-natura2000/rete-natura-2000/siti/it4040018,44.884766,11.254566
Q55444718,plages,IT4040017 - ZPS - Valle delle Bruciate e Tresinaro,IT4040017 - ZPS - Valle delle Bruciate e Tresinaro,036,way/263592613,,,https://ambiente.regione.emilia-romagna.it/parchi-natura2000/rete-natura-2000/siti/it4040017,44.856877,10.862716
Q55444716,plages,IT4040016 - ZPS - Siepi e Canali di Resega-Foresto,IT4040016 - ZPS - Siepi e Canali di Resega-Foresto,036,way/263591680,,,https://ambiente.regione.emilia-romagna.it/parchi-natura2000/rete-natura-2000/siti/it4040016,44.911895,10.898841
Q55444714,plages,IT4040015 - ZPS - Valle di Gruppo,IT4040015 - ZPS - Valle di Gruppo,036,way/263587822,,,https://ambiente.regione.emilia-romagna.it/parchi-natura2000/rete-natura-2000/siti/it4040015,44.853159,10.920385
Q24940437,plages,IT4040014 - ZPS - Valli Mirandolesi,IT4040014 - ZPS - Valli Mirandolesi,036,way/263510604,,,https://ambiente.regione.emilia-romagna.it/parchi-natura2000/rete-natura-2000/siti/it4040014,44.903528,11.203946
Q55444638,plages,"IT4040013 - SIC - Faeto, Varana, Torrente Fossa","IT4040013 - SIC - Faeto, Varana, Torrente Fossa",036,way/263210728,,,https://ambiente.regione.emilia-romagna.it/parchi-natura2000/rete-natura-2000/siti/it4040013,44.455538,10.777611
Q3962354,plages,IT4040012 - SIC - Colombarone,IT4040012 - SIC - Colombarone,036,way/263254377,,,https://ambiente.regione.emilia-romagna.it/parchi-natura2000/rete-natura-2000/siti/it4040012,44.617464,10.787537
Q55443043,plages,IT4040010 - SIC-ZPS - Torrazzuolo,IT4040010 - SIC-ZPS - Torrazzuolo,036,relation/3537966,,,https://ambiente.regione.emilia-romagna.it/parchi-natura2000/rete-natura-2000/siti/it4040010,44.687134,11.061312
Q55443040,plages,IT4040009 - SIC-ZPS - Manzolino,IT4040009 - SIC-ZPS - Manzolino,037,way/263461724,,,https://ambiente.regione.emilia-romagna.it/parchi-natura2000/rete-natura-2000/siti/it4040009,44.614847,11.129534
Q96758251,plages,IT4040007 - SIC - Salse di Nirano,IT4040007 - SIC - Salse di Nirano,036,relation/3533000,,,https://ambiente.regione.emilia-romagna.it/parchi-natura2000/rete-natura-2000/siti/it4040007,44.513730,10.816414
Q55444630,plages,IT4040006 - SIC - Poggio Dragone,IT4040006 - SIC - Poggio Dragone,036,way/262543035,,,https://ambiente.regione.emilia-romagna.it/parchi-natura2000/rete-natura-2000/siti/it4040006,44.304966,10.616107
Q55444630,plages,IT4040006 - SIC - Poggio Dragone,IT4040006 - SIC - Poggio Dragone,036,way/262543035,,,https://ambiente.regione.emilia-romagna.it/parchi-natura2000/rete-natura-2000/siti/it4040006,44.304966,10.616107
Q55443037,plages,"IT4040005 - SIC-ZPS - Alpesigola, Sasso Tignoso e Monte Cantiere","IT4040005 - SIC-ZPS - Alpesigola, Sasso Tignoso e Monte Cantiere",036,relation/3527653,,,https://ambiente.regione.emilia-romagna.it/parchi-natura2000/rete-natura-2000/siti/it4040005,44.251469,10.605507
Q55443037,plages,"IT4040005 - SIC-ZPS - Alpesigola, Sasso Tignoso e Monte Cantiere","IT4040005 - SIC-ZPS - Alpesigola, Sasso Tignoso e Monte Cantiere",036,relation/3527653,,,https://ambiente.regione.emilia-romagna.it/parchi-natura2000/rete-natura-2000/siti/it4040005,44.251469,10.605507
Q55443035,plages,"IT4040004 - SIC-ZPS - Sassoguidano, Gaiato","IT4040004 - SIC-ZPS - Sassoguidano, Gaiato",036,relation/3521346,,,https://ambiente.regione.emilia-romagna.it/parchi-natura2000/rete-natura-2000/siti/it4040004,44.314485,10.875391
Q3895733,plages,IT4040003 - SIC-ZPS - Sassi di Roccamalatina e di Sant’Andrea,IT4040003 - SIC-ZPS - Sassi di Roccamalatina e di Sant’Andrea,036,relation/3520374,,,https://ambiente.regione.emilia-romagna.it/parchi-natura2000/rete-natura-2000/siti/it4040003,44.391983,10.957031
Q55441877,plages,IT4030024 - SIC - Colli di Quattro Castella,IT4030024 - SIC - Colli di Quattro Castella,035,relation/3568087,,,https://ambiente.regione.emilia-romagna.it/parchi-natura2000/rete-natura-2000/siti/it4030024,44.626278,10.463641
Q55441046,plages,IT4030023 - SIC-ZPS - Fontanili di Gattatico e Fiume Enza,IT4030023 - SIC-ZPS - Fontanili di Gattatico e Fiume Enza,035,relation/3569420,,,https://ambiente.regione.emilia-romagna.it/parchi-natura2000/rete-natura-2000/siti/it4030022,44.755457,10.435829
Q55441874,plages,IT4030022 - SIC - Rio Tassaro,IT4030022 - SIC - Rio Tassaro,035,way/265421585,,,https://ambiente.regione.emilia-romagna.it/parchi-natura2000/rete-natura-2000/siti/it4030022,44.487212,10.373495
Q55441044,plages,"IT4030020 - SIC-ZPS - Golena del Po di Gualtieri, Guastalla e Luzzara","IT4030020 - SIC-ZPS - Golena del Po di Gualtieri, Guastalla e Luzzara",020,way/265631809,,,https://ambiente.regione.emilia-romagna.it/parchi-natura2000/rete-natura-2000/siti/it4030020,44.948297,10.644517
Q55441044,plages,"IT4030020 - SIC-ZPS - Golena del Po di Gualtieri, Guastalla e Luzzara","IT4030020 - SIC-ZPS - Golena del Po di Gualtieri, Guastalla e Luzzara",020,way/265631809,,,https://ambiente.regione.emilia-romagna.it/parchi-natura2000/rete-natura-2000/siti/it4030020,44.948297,10.644517
Q55441786,plages,IT4030019 - ZPS - Cassa di espansione del Tresinaro,IT4030019 - ZPS - Cassa di espansione del Tresinaro,035,way/265600432,,,https://ambiente.regione.emilia-romagna.it/parchi-natura2000/rete-natura-2000/siti/it4030019,44.849430,10.833970
Q55441866,plages,"IT4030018 - SIC - Media Val Tresinaro, Val Dorgola","IT4030018 - SIC - Media Val Tresinaro, Val Dorgola",035,way/265562148,,,https://ambiente.regione.emilia-romagna.it/parchi-natura2000/rete-natura-2000/siti/it4030018,44.502287,10.565520
Q55441865,plages,"IT4030017 - SIC - Ca' del Vento, Ca' del Lupo, Gessi di Borzano","IT4030017 - SIC - Ca' del Vento, Ca' del Lupo, Gessi di Borzano",035,relation/3568349,,,https://ambiente.regione.emilia-romagna.it/parchi-natura2000/rete-natura-2000/siti/it4030017,44.579496,10.591570
Q55441865,plages,"IT4030017 - SIC - Ca' del Vento, Ca' del Lupo, Gessi di Borzano","IT4030017 - SIC - Ca' del Vento, Ca' del Lupo, Gessi di Borzano",035,relation/3568349,,,https://ambiente.regione.emilia-romagna.it/parchi-natura2000/rete-natura-2000/siti/it4030017,44.579496,10.591570
Q55441863,plages,"IT4030016 - SIC - San Valentino, Rio della Rocca","IT4030016 - SIC - San Valentino, Rio della Rocca",035,way/265569858,,,https://ambiente.regione.emilia-romagna.it/parchi-natura2000/rete-natura-2000/siti/it4030016,44.540807,10.716541
Q55441043,plages,IT4030015 - SIC-ZPS - Valli di Novellara,IT4030015 - SIC-ZPS - Valli di Novellara,035,way/265613756,,,https://ambiente.regione.emilia-romagna.it/parchi-natura2000/rete-natura-2000/siti/it4030015,44.887955,10.748655
Q55441860,plages,"IT4030014 - SIC - Rupe di Campotrera, Rossena","IT4030014 - SIC - Rupe di Campotrera, Rossena",035,way/265409435,,,https://ambiente.regione.emilia-romagna.it/parchi-natura2000/rete-natura-2000/siti/it4030014,44.569365,10.445672
Q55441859,plages,IT4030013 - SIC - Fiume Enza da La Mora a Compiano,IT4030013 - SIC - Fiume Enza da La Mora a Compiano,034,way/265427998,,,https://ambiente.regione.emilia-romagna.it/parchi-natura2000/rete-natura-2000/siti/it4030013,44.493006,10.310970
Q55441041,plages,IT4030011 - SIC-ZPS - Casse di espansione del Secchia,IT4030011 - SIC-ZPS - Casse di espansione del Secchia,035,relation/3536313,,,https://ambiente.regione.emilia-romagna.it/parchi-natura2000/rete-natura-2000/siti/it4030011,44.659934,10.813302
Q55441856,plages,IT4030010 - SIC - Monte Duro,IT4030010 - SIC - Monte Duro,035,way/265561143,,,https://ambiente.regione.emilia-romagna.it/parchi-natura2000/rete-natura-2000/siti/it4030010,44.540756,10.539892
Q55441854,plages,IT4030009 - SIC - Gessi Triassici,IT4030009 - SIC - Gessi Triassici,035,relation/3569653,,,https://ambiente.regione.emilia-romagna.it/parchi-natura2000/rete-natura-2000/siti/it4030009,44.379257,10.387947
Q3786839,monuments,Hortus Conclusus,Hortus Conclusus,062,way/192487872,,no,,41.129819,14.779914
Q3777125,grottes,Grotte di Montevicoli,Grotte di Montevicoli,074,node/3420452460,,yes,,40.639920,17.502033
Q3777075,grottes,Grotta di Monte Majore K0060 L160 T-28,Grotta di Monte Majore K0060 L160 T-28,112,node/4588785164,,no,,40.513186,8.609431
Q123916498,monuments,Grotta di Monte Cucco,Grotta di Monte Cucco,054,node/1255126378,,yes,,43.371657,12.748359
Q30281536,grottes,Grotta di Filiestru K0179 L460 T+23,Grotta di Filiestru K0179 L460 T+23,112,node/8454939393,,yes,,40.453775,8.651876
Q106201688,grottes,Grotta di Capelvenere,Grotta di Capelvenere,075,node/3901905267,,no,,40.142442,17.979058
Q106092362,grottes,Grotta delle Meraviglie,Grotta delle Meraviglie,016,node/3762343363,,yes,,45.788419,9.635386
Q61502385,monuments,Grotta della Madonna di Lourdes,Grotta della Madonna di Lourdes,103,node/11241332470,,no,,46.021272,8.678926
Q3777028,grottes,Grotta del Sorell,Grotta del Sorell,112,node/4588731219,,no,,40.572992,8.159356
Q106246806,grottes,Grotta del Moro (Grotta Azzurra),Grotta del Moro (Grotta Azzurra),074,node/3749794989,,no,,40.763011,17.691478
Q113969271,grottes,Grotta del Ciabattino,Grotta del Ciabattino,023,node/409695291,,no,,45.676847,10.949205
Q132086263,grottes,Grotta dei Bulberi (Grotta delle Carpe),Grotta dei Bulberi (Grotta delle Carpe),013,node/11148427562,,no,,45.956656,9.218558
Q106302923,grottes,Grotta Gattulla,Grotta Gattulla,075,node/8785050407,,no,,40.036494,18.462370
Q69330603,monuments,Grotta Concone delle Rose,Grotta Concone delle Rose,061,node/2434003598,,no,,41.408082,14.454190
Q5610788,grottes,Grotta Bianca,Grotta Bianca,063,node/5357205306,,no,,40.552869,14.261549
Q3763882,jardins,Giardino botanico alpino Bruno Peyronel,Giardino botanico alpino Bruno Peyronel,001,way/171286083,,no,,44.774066,7.060346
Q55497961,plages,Ghiaia Grande (Fiume Po),Ghiaia Grande (Fiume Po),006,way/248862895,,,https://www.parcopopiemontese.it/zsc-ghiaia-grande-fiume-po.php,45.153797,8.318088
Q55443047,plages,"Gessi Bolognesi, Calanchi dell'Abbadessa","Gessi Bolognesi, Calanchi dell'Abbadessa",037,relation/3548332,,,https://ambiente.regione.emilia-romagna.it/parchi-natura2000/rete-natura-2000/siti/it4050001,44.422821,11.424289
Q3895731,plages,"Gessi Bolognesi, Calanchi dell'Abbadessa","Gessi Bolognesi, Calanchi dell'Abbadessa",037,relation/3548872,,,https://ambiente.regione.emilia-romagna.it/parchi-natura2000/aree-protette/parchi/gebo,44.444547,11.420736
Q16596805,plages,Garzaia della Carola,Garzaia della Carola,018,way/618962664,,,https://www.regione.lombardia.it/wps/portal/istituzionale/HP/DettaglioRedazionale/scopri-la-lombardia/ambiente/riserve-naturali/fascia-di-pianura/garzaia-della-carola,45.238899,9.166257
Q55348684,musees,Galleria Rizzi,Galleria Rizzi,010,node/2481427021,,yes,,44.269642,9.394555
Q121301270,musees,Galleria Guerci,Galleria Guerci,006,way/87050137,,no,,44.912916,8.614553
Q113140788,chateaux,Forte di Valledrane,Forte di Valledrane,017,way/191085057,,no,,45.724159,10.445483
Q61890584,plages,Forre di Corchiano,Forre di Corchiano,056,way/668833037,,,http://www.comune.corchiano.vt.it/principale/Forre2016,42.345483,12.354012
Q133454471,monuments,Fonte Fegatella,Fonte Fegatella,037,node/4209285928,,no,,44.391934,11.588492
Q55441846,plages,Fontanili di Corte Valle Re,Fontanili di Corte Valle Re,035,relation/3568828,,,https://ambiente.regione.emilia-romagna.it/parchi-natura2000/rete-natura-2000/siti/it4030007,44.770816,10.545131
Q3640208,plages,Foci dell' Avisio,Foci dell' Avisio,022,relation/20392386,,,https://www.parks.it/biotopo.foci.avisio/,46.134369,11.090666
Q73485927,monuments,Eremo di Poggio Conte,Eremo di Poggio Conte,056,node/2302806900,,no,,42.511001,11.626390
Q54874254,megalithes,Domus e Palazzo Episcopale,Domus e Palazzo Episcopale,030,way/1107965517,,yes,,45.770340,13.370064
Q55686163,megalithes,Domus di Titus Macer,Domus di Titus Macer,030,way/1107961953,,yes,,45.771130,13.369449
Q107306641,plages,Côte de Gargantua,Côte de Gargantua,007,relation/17010467,,,https://www.vivavda.it/aree/area_i.aspx?area=6&n=Riserva%20naturale%20%20%20%20C%C3%B4te%20de%20Gargantua,45.718195,7.294010
Q53677970,plages,Confluenza Po - Orco - Malone,Confluenza Po - Orco - Malone,001,way/248862893,,,http://www.regione.piemonte.it/habiweb/servlet/image.pdf?idSic=16,45.185378,7.865651
Q55360576,musees,Collezione di Fisica dell’Università di Bologna,Collezione di Fisica dell’Università di Bologna,037,node/5766091963,,no,,44.499370,11.353824
Q2592412,musees,Collezione Wolfson,Collezione Wolfson,010,way/177045335,,yes,,44.382390,9.044528
Q3747149,musees,Collezione Burri,Collezione Burri,054,node/1491248820,,yes,,43.458666,12.241005
Q18288173,monuments,Cimitero Ebraico,Cimitero Ebraico,026,node/4737672022,,yes,,45.888539,12.285694
Q13217225,musees,Chiesa di San Francesco,Chiesa di San Francesco,030,way/36686392,,no,,46.060819,13.235733
Q56871293,musees,Chiesa di San Bartolomeo,Chiesa di San Bartolomeo,016,way/134870401,,no,,45.759192,9.792984
Q55675072,musees,Centro Visita Fontina,Centro Visita Fontina,007,node/1534345397,,yes,,45.835488,7.318828
Q113030301,musees,Centro Esposizioni del MuDA,Centro Esposizioni del MuDA,009,node/3820547207,,no,,44.327811,8.501925
Q113290248,monuments,Castello di Roccamandolfi,Castello di Roccamandolfi,094,way/357498281,,no,,41.495759,14.345958
Q125636325,musees,Casa museo Antonio Ligabue,Casa museo Antonio Ligabue,035,way/168185798,,yes,,44.903586,10.634037
Q3657320,monuments,Cappella Baglioni,Cappella Baglioni,054,node/6191988964,,yes,,42.989950,12.672245
Q54803836,grottes,Canova,Canova,097,node/5661319967,,no,,45.974088,9.344773
Q49963329,grottes,Buso della Rana,Buso della Rana,024,node/1205725557,,no,,45.650447,11.361347
Q94754163,plages,Buse della pesa (A),Buse della pesa (A),022,way/441050465,,,http://www2.areeprotette.provincia.tn.it/riserve-locali/index.html,46.130208,11.412978
Q94754202,plages,Buse della Pesa (B),Buse della Pesa (B),022,way/441050466,,,http://www2.areeprotette.provincia.tn.it/riserve-locali/index.html,46.128558,11.405247
Q3647494,monuments,Bus De La Lum,Bus De La Lum,093,node/612128003,,no,,46.057737,12.409900
Q55444666,plages,Bosco di Sant’Agostino o Panfilia,Bosco di Sant’Agostino o Panfilia,037,relation/3579699,,,https://ambiente.regione.emilia-romagna.it/parchi-natura2000/rete-natura-2000/siti/it4060009,44.776632,11.381680
Q55444646,plages,Bosco della Frattona,Bosco della Frattona,037,way/264946783,,,https://ambiente.regione.emilia-romagna.it/parchi-natura2000/rete-natura-2000/siti/it4050004,44.352206,11.660355
Q47088609,plages,Bosco del Vaj e Bosc Grand,Bosco del Vaj e Bosc Grand,001,way/248862886,,,http://www.regione.piemonte.it/habiweb/servlet/image.pdf?idSic=9,45.132885,7.907486
Q61856439,plages,Bosco del Sasseto,Bosco del Sasseto,056,relation/6952366,,,https://www.parchilazio.it/sasseto,42.760185,11.948119
Q53677191,plages,Boschi e paludi di Bellavista,Boschi e paludi di Bellavista,001,way/248688400,,,http://www.regione.piemonte.it/habiweb/servlet/image.pdf?idSic=52,45.443893,7.863969
Q55714308,plages,Boschi di Ferretto - Bagnolo,Boschi di Ferretto - Bagnolo,054,way/613947645,,,https://www.regione.umbria.it/ambiente/siti-di-importanza-comunitaria-sic,43.144089,11.994074
Q3640269,plages,Biotopo Risorgive di Virco / Risultivis di Virc,Biotopo Risorgive di Virco / Risultivis di Virc,030,way/131388152,,,http://www.lifefriulifens.it/,45.925941,13.072406
Q3640268,plages,Biotopo Risorgive di Flambro / Risultivis di Flambri,Biotopo Risorgive di Flambro / Risultivis di Flambri,030,way/157598948,,,http://www.lifefriulifens.it/,45.919597,13.079010
Q94694277,plages,Biotopo Ponte Casoni,Biotopo Ponte Casoni,022,way/437071102,,,http://www.areeprotette.provincia.tn.it/riserve_locali/,46.030852,11.562081
Q93637169,plages,Biotopo Magredi di San Canciano,Biotopo Magredi di San Canciano,030,way/131567917,,,https://www.regione.fvg.it/rafvg/cms/RAFVG/ambiente-territorio/tutela-ambiente-gestione-risorse-naturali/FOGLIA214/FOGLIA30/articolo.html,46.022996,13.176946
Q47510835,plages,Biotopo La Rupe,Biotopo La Rupe,022,way/320634692,,,http://www.areeprotette.provincia.tn.it/riserve_provinciali/biotopi_riserve/-riserve_provinciali/pagina28.html,46.185369,11.097668
Q3640211,plages,Biotopo Inghiaie,Biotopo Inghiaie,022,relation/5810043,,,https://www.wwf.it/oasi/trentino_alto_adige/inghiaie/,45.997809,11.310255
Q3640201,plages,Biotopi e Ripristini ambientali di Medicina e Molinella,Biotopi e Ripristini ambientali di Medicina e Molinella,037,way/265038317,,,https://ambiente.regione.emilia-romagna.it/parchi-natura2000/rete-natura-2000/siti/it4050022,44.557743,11.700152
Q17622679,musees,Bersntoler Kulturinstitut - Istituto Culturale Mòcheno,Bersntoler Kulturinstitut - Istituto Culturale Mòcheno,022,way/103086256,,yes,,46.129735,11.353704
Q53673528,plages,Baraccone (confluenza Po-Dora Baltea),Baraccone (confluenza Po-Dora Baltea),001,way/248862885,,,http://www.regione.piemonte.it/habiweb/servlet/image.pdf?idSic=17,45.179076,8.033287
Q799944,monuments,Bagni di Craveggia,Bagni di Craveggia,103,way/1554524658,,no,,46.197973,8.539841
Q771817,plages,Area naturale marina protetta Portofino,Area naturale marina protetta Portofino,010,relation/6615887,,,https://www.portofinoamp.it/it/,44.321354,9.181750
Q94579616,plages,Area di riequilibrio ecologico Via Dugaro,Area di riequilibrio ecologico Via Dugaro,035,way/265964761,,,https://ambiente.regione.emilia-romagna.it/parchi-natura2000/aree-protette/are/arere17,44.866919,10.867291
Q94579346,plages,Area di riequilibrio ecologico Sorgenti dell'Enza,Area di riequilibrio ecologico Sorgenti dell'Enza,035,way/266073254,,,https://ambiente.regione.emilia-romagna.it/parchi-natura2000/aree-protette/are/arere07,44.690582,10.436855
Q43600,plages,Area di riequilibrio ecologico San Matteo,Area di riequilibrio ecologico San Matteo,036,way/265964429,,,https://ambiente.regione.emilia-romagna.it/parchi-natura2000/aree-protette/are/aremo04,44.847813,11.087422
Q94579342,plages,Area di riequilibrio ecologico Rodano-Gattalupa,Area di riequilibrio ecologico Rodano-Gattalupa,035,way/266047836,,,https://ambiente.regione.emilia-romagna.it/parchi-natura2000/aree-protette/are/arere11,44.681153,10.666911
Q94579341,plages,Area di riequilibrio ecologico Oasi naturalistica di Marmirolo,Area di riequilibrio ecologico Oasi naturalistica di Marmirolo,035,way/265966106,,,https://ambiente.regione.emilia-romagna.it/parchi-natura2000/aree-protette/are/arere11,44.662286,10.723152
Q94579277,plages,Area di riequilibrio ecologico Oasi di Budrio,Area di riequilibrio ecologico Oasi di Budrio,035,way/266072784,,,https://ambiente.regione.emilia-romagna.it/parchi-natura2000/aree-protette/are/arere02,44.740492,10.750331
Q94579975,plages,Area di riequilibrio ecologico Oasi Val di Sole,Area di riequilibrio ecologico Oasi Val di Sole,036,way/265963118,,,https://ambiente.regione.emilia-romagna.it/parchi-natura2000/aree-protette/are/aremo03,44.941586,11.041500
Q94579274,plages,Area di riequilibrio ecologico I Caldaren,Area di riequilibrio ecologico I Caldaren,035,way/266072627,,,https://ambiente.regione.emilia-romagna.it/parchi-natura2000/aree-protette/are/arere05,44.910085,10.631465
Q94579270,plages,Area di riequilibrio ecologico Fontanile dell'Ariolo,Area di riequilibrio ecologico Fontanile dell'Ariolo,035,way/265972040,,,https://ambiente.regione.emilia-romagna.it/parchi-natura2000/aree-protette/are/arere12,44.648976,10.673982
Q94630800,plages,Area di riequilibrio ecologico Dosolo,Area di riequilibrio ecologico Dosolo,037,way/266074918,,,https://ambiente.regione.emilia-romagna.it/parchi-natura2000/aree-protette/are/arebo07,44.646751,11.266677
Q132166234,musees,Antiquarium di Ercolano,Antiquarium di Ercolano,063,way/1100584596,,yes,,40.805240,14.345415
Q104528637,musees,Antica pieve dei Santi Giacomo e Cristoforo,Antica pieve dei Santi Giacomo e Cristoforo,022,way/268415548,,no,,46.016220,11.633650
Q100293619,musees,Antica Latteria,Antica Latteria,103,node/7731589498,,no,,46.297451,8.360604
Q21076223,musees,Agorà della Scherma,Agorà della Scherma,012,node/3404229693,,no,,45.616032,8.846405
Q55441037,plages,"Abetina Reale, Alta Val Dolo","Abetina Reale, Alta Val Dolo",035,relation/3566431,,,https://ambiente.regione.emilia-romagna.it/parchi-natura2000/rete-natura-2000/siti/it4030005,44.262911,10.457448
Q131277854,musees,AEMuseum,AEMuseum,015,node/12352410157,,no,,45.462334,9.159033
Q107564173,cascades,cascata della Brentana,cascata della Brentana,022,node/1207154634,,,,46.111024,11.505489
Q61834155,plages,Zona di salvaguardia del Sacro Monte di Belmonte,Zona di salvaguardia del Sacro Monte di Belmonte,001,way/200842774,,,,45.377977,7.645192
Q3936804,plages,Zona Speciale di Conservazione Monte Genzana,Zona Speciale di Conservazione Monte Genzana,066,relation/21320665,,,,41.958849,13.912505
Q61861690,plages,ZPS Comprensorio Bracciano-Martignano,ZPS Comprensorio Bracciano-Martignano,058,relation/13248053,,,,42.134313,12.250333
Q124032534,cascades,Vilpianer Wasserfall - Cascata di Vilpiano,Vilpianer Wasserfall - Cascata di Vilpiano,021,node/2158831646,,,,46.558476,11.230679
Q49964164,plages,Valle della Ripa (Argentera),Valle della Ripa (Argentera),001,way/1047131150,,,,44.891816,6.921569
Q2509296,plages,Valle del Bove,Valle del Bove,087,relation/6867718,,,,37.729932,15.051528
Q47086780,plages,Valle Thuras,Valle Thuras,001,way/1047131151,,,,44.892668,6.858490
Q47462532,plages,Val Troncea,Val Troncea,001,way/1047135439,,,,44.971400,6.973258
Q128797088,plages,Trappa - Bagneri,Trappa - Bagneri,096,way/248854883,,,,45.585684,7.948920
Q3936728,plages,Tomboli di Follonica,Tomboli di Follonica,053,relation/3726929,,,,42.923215,10.754007
Q95209595,plages,Sughereta di Bergeggi,Sughereta di Bergeggi,009,way/368258837,,,,44.254147,8.443373
Q53675778,plages,Sito di Importanza Comunitaria Boschi umidi e stagni di Cumiana,Sito di Importanza Comunitaria Boschi umidi e stagni di Cumiana,001,way/1047134036,,,,44.956895,7.398655
Q49964923,plages,Sito di Importanza Comunitaria - Colonie Chirotteri,Sito di Importanza Comunitaria - Colonie Chirotteri,004,node/12009753741,,,,44.696629,7.942148
Q3936600,plages,Serra della Guardia,Serra della Guardia,078,way/846491916,,,,39.396394,16.411050
Q3954940,plages,Selva di Castelfidardo,Selva di Castelfidardo,042,way/497835946,,,,43.470946,13.587495
Q55266356,plages,Saline di Molentargius,Saline di Molentargius,118,way/957203492,,,,39.219295,9.166855
Q1455908,plages,Sacro Monte della SS Trinità di Ghiffa,Sacro Monte della SS Trinità di Ghiffa,103,way/596137629,,,,45.962955,8.604718
Q61867454,plages,SIC Sughereta del Sasso,SIC Sughereta del Sasso,058,way/823478212,,,,42.050156,12.031377
Q61867405,plages,SIC S. Giovenale e Civitella Cesi,SIC S. Giovenale e Civitella Cesi,056,way/823158084,,,,42.223472,11.989705
Q61867443,plages,SIC Monte Tosto,SIC Monte Tosto,058,way/823481762,,,,42.037148,12.058301
Q53675778,plages,SIC Boschi umidi e stagni di Cumiana,SIC Boschi umidi e stagni di Cumiana,001,way/1047134037,,,,44.947500,7.403556
Q64578117,plages,Rocciamelone,Rocciamelone,001,way/679994377,,,,45.176183,7.092488
Q93637059,plages,Risorgive della Roggia Vignella-Pissarelle,Risorgive della Roggia Vignella-Pissarelle,093,relation/3048539,,,,45.904601,12.823640
Q3936904,plages,Riserve del Litorale Tarantino Orientale,Riserve del Litorale Tarantino Orientale,073,relation/6947101,,,,40.320818,17.712028
Q61785139,plages,Riserva regionale Garzaia del Bosco Basso,Riserva regionale Garzaia del Bosco Basso,018,relation/9386463,,,,45.120325,8.640761
Q3936640,plages,Riserva orientata Monte Mottac,Riserva orientata Monte Mottac,103,way/1295397372,,,,46.069158,8.408124
Q3936900,plages,Riserva naturale regionale di Bergeggi,Riserva naturale regionale di Bergeggi,009,relation/6608314,,,,44.239086,8.442672
Q93742872,plages,Riserva naturale regionale delle Valli Grotari e Vulcan,Riserva naturale regionale delle Valli Grotari e Vulcan,030,way/543972657,,,,45.764168,13.175496
Q3936577,plages,Riserva naturale regionale delle Foci dello Stella,Riserva naturale regionale delle Foci dello Stella,030,way/43946832,,,,45.731366,13.124796
Q3936773,plages,Riserva naturale regionale della Valle Cavanata,Riserva naturale regionale della Valle Cavanata,031,way/1322683738,,,,45.719862,13.472239
Q3936772,plages,Riserva naturale regionale della Val Alba,Riserva naturale regionale della Val Alba,030,way/1322681834,,,,46.439123,13.241946
Q3936584,plages,Riserva naturale regionale della Forra del Cellina,Riserva naturale regionale della Forra del Cellina,093,way/1322680441,,,,46.179730,12.595500
Q3936761,plages,Riserva naturale regionale del Monte Orsario / Deželni naravni rezervat Medvedjak,Riserva naturale regionale del Monte Orsario / Deželni naravni rezervat Medvedjak,032,way/54038061,,,,45.711483,13.821271
Q3936760,plages,Riserva naturale regionale del Monte Lanaro / Naravni rezervat na Volniku,Riserva naturale regionale del Monte Lanaro / Naravni rezervat na Volniku,032,way/54107889,,,,45.741890,13.779350
Q3936940,plages,Riserva naturale regionale Montagne della Duchessa,Riserva naturale regionale Montagne della Duchessa,057,relation/8431846,,,,42.194028,13.330214
Q3936890,plages,Riserva naturale provinciale Monte Serra di Sotto,Riserva naturale provinciale Monte Serra di Sotto,050,relation/6410530,,,,43.731783,10.567739
Q3936886,plages,Riserva naturale provinciale Bosco della SS. Trinità,Riserva naturale provinciale Bosco della SS. Trinità,053,relation/6416189,,,,42.802338,11.591716
Q28669932,plages,Riserva naturale orientata del Bosco Solivo,Riserva naturale orientata del Bosco Solivo,003,way/405811281,,,,45.697194,8.581667
Q3936879,plages,Riserva naturale orientata Torre Salsa,Riserva naturale orientata Torre Salsa,084,relation/3326818,,,,37.360707,13.348842
Q28669779,plages,Riserva naturale orientata Sughereta di Niscemi,Riserva naturale orientata Sughereta di Niscemi,087,relation/11138148,,,,37.087294,14.434418
Q3936869,plages,Riserva naturale orientata Pantalica Valle dell'Anapo e Torrente Cava Grande,Riserva naturale orientata Pantalica Valle dell'Anapo e Torrente Cava Grande,089,relation/9432636,,,,37.116074,14.980530
Q3936854,plages,Riserva naturale orientata Isola Bella,Riserva naturale orientata Isola Bella,083,way/435981108,,,,37.850628,15.300494
Q3936569,plages,Riserva naturale orientata Fiume Ciane e Saline di Siracusa,Riserva naturale orientata Fiume Ciane e Saline di Siracusa,089,relation/9432634,,,,37.048482,15.253958
Q2154704,plages,Riserva naturale orientata Cavagrande del Cassibile,Riserva naturale orientata Cavagrande del Cassibile,089,relation/9432635,,,,36.966376,15.114501
Q3936849,plages,Riserva naturale orientata Bosco di Santo Pietro,Riserva naturale orientata Bosco di Santo Pietro,087,relation/11141744,,,,37.085540,14.492741
Q3936844,plages,Riserva naturale orientata Bosco Pantano di Policoro,Riserva naturale orientata Bosco Pantano di Policoro,077,way/74396064,,,,40.162932,16.683435
Q3936508,plages,Riserva naturale orientata Adda Morta - Lanca della Rotta,Riserva naturale orientata Adda Morta - Lanca della Rotta,098,relation/8386244,,,,45.222126,9.716270
Q3936825,plages,Riserva naturale integrale Grotta di Sant'Angelo Muxaro,Riserva naturale integrale Grotta di Sant'Angelo Muxaro,084,way/248845112,,,,37.476420,13.547250
Q3936823,plages,Riserva naturale integrale Grotta Palombara,Riserva naturale integrale Grotta Palombara,089,relation/9432632,,,,37.105028,15.193604
Q3936822,plages,Riserva naturale integrale Grotta Monello,Riserva naturale integrale Grotta Monello,089,relation/9432633,,,,37.018878,15.164569
Q3936788,plages,Riserva naturale di Monterufoli-Caselli,Riserva naturale di Monterufoli-Caselli,050,relation/6417656,,,,43.242381,10.747672
Q3936881,plages,Riserva naturale delle Baragge,Riserva naturale delle Baragge,002,relation/9952846,,,,45.567629,8.289440
Q3936881,plages,Riserva naturale delle Baragge,Riserva naturale delle Baragge,002,relation/9952846,,,,45.567629,8.289440
Q3936775,plages,Riserva naturale della Valle dell'Inferno e Bandella,Riserva naturale della Valle dell'Inferno e Bandella,051,relation/6417758,,,,43.523501,11.657331
Q3936775,plages,Riserva naturale della Valle dell'Inferno e Bandella,Riserva naturale della Valle dell'Inferno e Bandella,051,relation/6417758,,,,43.523501,11.657331
Q61911726,plages,Riserva naturale della Palude di Casalbeltrame,Riserva naturale della Palude di Casalbeltrame,003,way/490918561,,,,45.426740,8.501789
Q3936918,plages,Riserva naturale della Garzaia di Villarboit,Riserva naturale della Garzaia di Villarboit,002,way/491632598,,,,45.448900,8.353693
Q49963911,plages,Riserva naturale della Confluenza del Pellice,Riserva naturale della Confluenza del Pellice,004,relation/15061135,,,,44.810694,7.561005
Q1114639,plages,Riserva naturale dell'Alta Valle del Tevere - Monte Nero,Riserva naturale dell'Alta Valle del Tevere - Monte Nero,051,relation/6416182,,,,43.749054,12.008104
Q3936762,plages,Riserva naturale dell'Alpe della Luna,Riserva naturale dell'Alpe della Luna,051,relation/6416161,,,,43.650277,12.172174
Q3936914,plages,Riserva naturale del Parco Burcina Felice Piacenza,Riserva naturale del Parco Burcina Felice Piacenza,096,way/1206950627,,,,45.587861,8.014349
Q3936913,plages,Riserva naturale del Monte Mesma,Riserva naturale del Monte Mesma,003,way/698919129,,,,45.775677,8.442407
Q979004,plages,Riserva naturale del Lago di Sibolla,Riserva naturale del Lago di Sibolla,046,way/142699653,,,,43.824009,10.701743
Q3936756,plages,Riserva naturale del Bosco di Montalto,Riserva naturale del Bosco di Montalto,051,way/929371542,,,,43.685220,12.092620
Q3936650,plages,Riserva naturale dei monti Eremita e Marzano,Riserva naturale dei monti Eremita e Marzano,065,way/116820888,,,,40.755533,15.323311
Q3936755,plages,Riserva naturale dei Monti Rognosi,Riserva naturale dei Monti Rognosi,051,relation/6418546,,,,43.576795,12.005111
Q59959400,plages,Riserva naturale controllata Borsacchio,Riserva naturale controllata Borsacchio,067,relation/9386639,,,,42.702147,13.977329
Q56629842,plages,Riserva naturale Vallombrosa,Riserva naturale Vallombrosa,048,relation/6411459,,,,43.744283,11.560431
Q16596810,plages,Riserva naturale Stagno di Loson,Riserva naturale Stagno di Loson,007,way/554496547,,,,45.779594,7.553854
Q3936700,plages,Riserva naturale Ponte a Buriano e Penna,Riserva naturale Ponte a Buriano e Penna,051,relation/6417718,,,,43.500631,11.768873
Q3936700,plages,Riserva naturale Ponte a Buriano e Penna,Riserva naturale Ponte a Buriano e Penna,051,relation/6417718,,,,43.500631,11.768873
Q3936699,plages,Riserva naturale Poggio all'Olmo,Riserva naturale Poggio all'Olmo,053,relation/6418753,,,,42.868728,11.473172
Q3936682,plages,Riserva naturale Piano degli Ontani,Riserva naturale Piano degli Ontani,047,relation/6407678,,,,44.100519,10.698393
Q3936677,plages,Riserva naturale Pescinello,Riserva naturale Pescinello,053,relation/6422349,,,,42.795005,11.526243
Q3936670,plages,Riserva naturale Palude Brabbia,Riserva naturale Palude Brabbia,012,relation/9637398,,,,45.782600,8.720044
Q3936660,plages,Riserva naturale Orrido di Botri,Riserva naturale Orrido di Botri,046,relation/6409670,,,,44.088354,10.618416
Q3936660,plages,Riserva naturale Orrido di Botri,Riserva naturale Orrido di Botri,046,relation/6409670,,,,44.088354,10.618416
Q3936649,plages,Riserva naturale Montenero,Riserva naturale Montenero,050,relation/6410631,,,,43.433857,10.914241
Q3936639,plages,Riserva naturale Monte Labbro,Riserva naturale Monte Labbro,053,relation/6422338,,,,42.836479,11.529747
Q3936634,plages,Riserva naturale Montauto,Riserva naturale Montauto,053,relation/6410450,,,,42.449095,11.610825
Q3936860,plages,Riserva naturale Laghetti di Marinello,Riserva naturale Laghetti di Marinello,083,relation/2982485,,,,38.142163,15.044064
Q61786397,plages,Riserva naturale Garzaia della Roggia Torbida,Riserva naturale Garzaia della Roggia Torbida,018,way/374475966,,,,45.077920,9.108235
Q49963907,plages,Riserva naturale Fontane,Riserva naturale Fontane,004,relation/15061134,,,,44.814216,7.578095
Q3936556,plages,Riserva naturale Diaccia Botrona,Riserva naturale Diaccia Botrona,053,way/431682330,,,,42.760575,10.937410
Q3936539,plages,Riserva naturale Campolino,Riserva naturale Campolino,047,relation/6409641,,,,44.115033,10.667340
Q3936536,plages,Riserva naturale Calafuria,Riserva naturale Calafuria,049,relation/6410651,,,,43.477030,10.340159
Q3936529,plages,Riserva naturale Bosco dei Rocconi,Riserva naturale Bosco dei Rocconi,053,relation/6425073,,,,42.725706,11.508869
Q3936524,plages,Riserva naturale Bosco Fontana,Riserva naturale Bosco Fontana,020,way/41558045,,,,45.200911,10.744051
Q3936511,plages,Riserva naturale Agromonte Spacciaboschi,Riserva naturale Agromonte Spacciaboschi,076,way/610898123,,,,40.853086,15.729218
Q3936503,plages,Riserva naturale Acquerino,Riserva naturale Acquerino,047,relation/17865999,,,,44.012762,11.010477
Q3936501,plages,Riserva naturale Abetone,Riserva naturale Abetone,047,relation/6407742,,,,44.135757,10.680334
Q94643920,plages,Riserva locale Malé,Riserva locale Malé,022,relation/7669025,,,,46.349136,10.917130
Q97371813,plages,Riserva integrale del Pedum,Riserva integrale del Pedum,103,way/628689969,,,,46.030396,8.442704
Q2946392,plages,Riserva di Montefalcone,Riserva di Montefalcone,050,relation/12310337,,,,43.739868,10.723206
Q3936665,plages,Riserva delle Cerbaie e del Padule di Fucecchio,Riserva delle Cerbaie e del Padule di Fucecchio,050,relation/3649887,,,,43.762915,10.725274
Q3936665,plages,Riserva delle Cerbaie e del Padule di Fucecchio,Riserva delle Cerbaie e del Padule di Fucecchio,050,relation/3649887,,,,43.762915,10.725274
Q3936743,plages,Riserva Statale Valle dell'Orfento I,Riserva Statale Valle dell'Orfento I,068,way/1466478987,,,,42.129590,14.075957
Q3936702,plages,Riserva Statale Quarto Santa Chiara,Riserva Statale Quarto Santa Chiara,069,way/1466458672,,,,41.930330,14.107177
Q3936680,plages,Riserva Statale Piana Grande della Majelletta,Riserva Statale Piana Grande della Majelletta,068,way/1467881120,,,,42.157921,14.091234
Q3936599,plages,Riserva Statale Il Monte,Riserva Statale Il Monte,071,way/1023136678,,,,41.406670,15.976320
Q3936845,plages,Riserva Regionale Bosco Ronchetti,Riserva Regionale Bosco Ronchetti,019,relation/11847605,,,,45.036782,10.137950
Q3936871,plages,Riserva Pino d'Aleppo,Riserva Pino d'Aleppo,088,way/132957138,,,,36.909796,14.505302
Q3936791,plages,Riserva Naturale di Rocca San Giovanni - Saben,Riserva Naturale di Rocca San Giovanni - Saben,004,way/371454469,,,,44.287052,7.393532
Q3936815,plages,Riserva Naturale di Randello,Riserva Naturale di Randello,088,way/89274269,,,,36.831245,14.466562
Q3936785,plages,Riserva Naturale di Decima Malafede,Riserva Naturale di Decima Malafede,058,relation/2950154,,,,41.737187,12.477078
Q3936541,plages,Riserva Naturale di Castelvecchio,Riserva Naturale di Castelvecchio,052,relation/6410584,,,,43.449664,10.992540
Q47462613,plages,Riserva Naturale dello Stagno di Oulx,Riserva Naturale dello Stagno di Oulx,001,way/371203194,,,,45.034992,6.816194
Q3936778,plages,Riserva Naturale delle Sorgenti del Belbo,Riserva Naturale delle Sorgenti del Belbo,004,way/371458429,,,,44.390255,8.139348
Q3936777,plages,Riserva Naturale delle Grotte di Bossea,Riserva Naturale delle Grotte di Bossea,004,way/371457399,,,,44.240935,7.816393
Q3936769,plages,Riserva Naturale della Marcigliana,Riserva Naturale della Marcigliana,058,way/105289192,,,,42.005316,12.569766
Q3936768,plages,Riserva Naturale della Madonna della Neve sul Monte Lera,Riserva Naturale della Madonna della Neve sul Monte Lera,001,way/371206379,,,,45.176403,7.466014
Q16596832,plages,Riserva Naturale dell'Isolone di Bertolla,Riserva Naturale dell'Isolone di Bertolla,001,way/309607712,,,,45.095431,7.745108
Q3936765,plages,Riserva Naturale dell'Insugherata,Riserva Naturale dell'Insugherata,058,relation/2984910,,,,41.960536,12.426251
Q3936473,plages,Riserva Naturale del Laurentino - Acqua Acetosa,Riserva Naturale del Laurentino - Acqua Acetosa,058,relation/1493374,,,,41.807281,12.468915
Q3936757,plages,Riserva Naturale del Bosco di Sant'Agnese,Riserva Naturale del Bosco di Sant'Agnese,052,relation/6414021,,,,43.479695,11.223961
Q3936752,plages,Riserva Naturale dei Ciciu del Villar,Riserva Naturale dei Ciciu del Villar,004,way/371454885,,,,44.493688,7.388397
Q3936746,plages,Riserva Naturale Valsolda,Riserva Naturale Valsolda,013,way/298549539,,,,46.052540,9.077573
Q3936742,plages,Riserva Naturale Valle del Freddo (SIC IT2060010),Riserva Naturale Valle del Freddo (SIC IT2060010),016,way/384055681,,,,45.798507,10.023121
Q3936733,plages,Riserva Naturale Tsatelet,Riserva Naturale Tsatelet,007,way/199150666,,,,45.749855,7.331650
Q3936725,plages,Riserva Naturale Tasso - Camigliatello Silano,Riserva Naturale Tasso - Camigliatello Silano,078,relation/17546174,,,,39.337987,16.419181
Q3936928,plages,Riserva Naturale Statale di Popolamento Animale Le Cesine,Riserva Naturale Statale di Popolamento Animale Le Cesine,075,way/452839889,,,,40.352247,18.339602
Q3936622,plages,Riserva Naturale Statale del Litorale Romano,Riserva Naturale Statale del Litorale Romano,058,relation/2984683,,,,41.795782,12.275426
Q3936726,plages,Riserva Naturale Statale Tirone Alto Vesuvio,Riserva Naturale Statale Tirone Alto Vesuvio,063,way/756958365,,,,40.814712,14.423474
Q3936668,plages,Riserva Naturale Statale Palazzo,Riserva Naturale Statale Palazzo,052,relation/15587374,,,,43.202663,11.037666
Q3936630,plages,Riserva Naturale Statale Marsiliana,Riserva Naturale Statale Marsiliana,053,relation/3682042,,,,43.009325,10.790503
Q49963708,plages,Riserva Naturale Spina Verde,Riserva Naturale Spina Verde,096,way/570028797,,,,45.527666,8.020825
Q49963913,plages,Riserva Naturale Speciale di Benevagienna,Riserva Naturale Speciale di Benevagienna,004,way/371458427,,,,44.559710,7.861686
Q47362077,plages,Riserva Naturale Speciale del Sacro Monte di Oropa,Riserva Naturale Speciale del Sacro Monte di Oropa,096,way/543696103,,,,45.625614,7.974510
Q3936812,plages,Riserva Naturale Sorgenti del Fiume Pescara,Riserva Naturale Sorgenti del Fiume Pescara,068,relation/12766332,,,,42.167531,13.820989
Q16596814,plages,Riserva Naturale Sasso Malascarpa,Riserva Naturale Sasso Malascarpa,097,relation/17505890,,,,45.851552,9.324883
Q3936905,plages,Riserva Naturale Regionale Ripa Bianca,Riserva Naturale Regionale Ripa Bianca,042,way/497465201,,,,43.533713,13.291316
Q3895472,plages,"Riserva Naturale Regionale Orientata ""Bosco delle Pianelle""","Riserva Naturale Regionale Orientata ""Bosco delle Pianelle""",073,way/447593356,,,,40.654261,17.215963
Q26133447,plages,Riserva Naturale Regionale Lago di Penne,Riserva Naturale Regionale Lago di Penne,068,relation/53871,,,,42.448648,13.892785
Q3936704,plages,Riserva Naturale Poverella - Villaggio Mancuso,Riserva Naturale Poverella - Villaggio Mancuso,079,way/1278839139,,,,39.063060,16.580192
Q3936687,plages,Riserva Naturale Pigelleto,Riserva Naturale Pigelleto,052,relation/6425018,,,,42.806005,11.650187
Q3936686,plages,Riserva Naturale Pietraporciana,Riserva Naturale Pietraporciana,052,relation/6414697,,,,43.017135,11.810436
Q3936873,plages,Riserva Naturale Orientata Rossomanno-Grottascura-Bellia,Riserva Naturale Orientata Rossomanno-Grottascura-Bellia,086,relation/10389370,,,,37.430823,14.393549
Q17333265,plages,Riserva Naturale Orientata Lago Soprano,Riserva Naturale Orientata Lago Soprano,085,way/1190880484,,,,37.460767,13.876373
Q3936852,plages,Riserva Naturale Orientata Foce del fiume Platani,Riserva Naturale Orientata Foce del fiume Platani,084,way/210967400,,,,37.403964,13.271774
Q3936648,plages,Riserva Naturale Montecellesi,Riserva Naturale Montecellesi,052,relation/17815859,,,,43.342209,11.300018
Q3936644,plages,Riserva Naturale Monte Penna,Riserva Naturale Monte Penna,053,relation/6425056,,,,42.762803,11.663861
Q3936623,plages,Riserva Naturale Lucciola Bella,Riserva Naturale Lucciola Bella,052,relation/6417266,,,,43.019299,11.740100
Q62070260,plages,Riserva Naturale Lago di Montepulciano,Riserva Naturale Lago di Montepulciano,052,relation/6414629,,,,43.089409,11.917341
Q3936607,plages,Riserva Naturale La Pietra,Riserva Naturale La Pietra,053,relation/6414678,,,,43.081873,11.099658
Q3936832,plages,Riserva Naturale Integrale Tre Cime del Bondone,Riserva Naturale Integrale Tre Cime del Bondone,022,way/655631257,,,,46.000452,11.037412
Q3936828,plages,Riserva Naturale Integrale Monte Conca,Riserva Naturale Integrale Monte Conca,085,relation/11183347,,,,37.495380,13.713941
Q62071618,plages,Riserva Naturale Il Bogatto,Riserva Naturale Il Bogatto,052,relation/10906804,,,,43.067005,11.379149
Q3936591,plages,Riserva Naturale Golia - Corvo,Riserva Naturale Golia - Corvo,078,relation/17546164,,,,39.391892,16.563123
Q3936588,plages,Riserva Naturale Gariglione - Pisarello,Riserva Naturale Gariglione - Pisarello,079,way/1275224353,,,,39.138899,16.658276
Q3936587,plages,Riserva Naturale Gallopane,Riserva Naturale Gallopane,078,way/1276225669,,,,39.410102,16.570902
Q3936582,plages,Riserva Naturale Foresta di Berignone,Riserva Naturale Foresta di Berignone,050,way/137749159,,,,43.330321,10.932260
Q62075474,plages,Riserva Naturale Crete dell'Orcia,Riserva Naturale Crete dell'Orcia,052,way/784615023,,,,42.941443,11.768053
Q3936552,plages,Riserva Naturale Coturelle - Piccione,Riserva Naturale Coturelle - Piccione,079,way/1276213965,,,,39.078289,16.621689
Q3936552,plages,Riserva Naturale Coturelle - Piccione,Riserva Naturale Coturelle - Piccione,079,way/1276213965,,,,39.078289,16.621689
Q3936548,plages,Riserva Naturale Cornate e Fosini,Riserva Naturale Cornate e Fosini,052,relation/6416219,,,,43.162677,10.946515
Q59959401,plages,Riserva Naturale Controllata di Punta dell'Acquabella,Riserva Naturale Controllata di Punta dell'Acquabella,069,relation/9386592,,,,42.337252,14.419627
Q3622043,plages,Riserva Naturale Bosco di Tanali,Riserva Naturale Bosco di Tanali,050,way/523748526,,,,43.756921,10.626682
Q3622043,plages,Riserva Naturale Bosco di Tanali,Riserva Naturale Bosco di Tanali,050,way/523748526,,,,43.756921,10.626682
Q47483721,plages,Riserva Naturale Boschi del Giovetto di Paline,Riserva Naturale Boschi del Giovetto di Paline,017,relation/5466970,,,,45.962316,10.137309
Q3936517,plages,Riserva Naturale Basso Merse,Riserva Naturale Basso Merse,052,relation/10906803,,,,43.110552,11.334069
Q3936512,plages,Riserva Naturale Alto Merse,Riserva Naturale Alto Merse,052,relation/6418738,,,,43.191325,11.201566
Q55710908,plages,Riserva Monte Nero e Serra Santa,Riserva Monte Nero e Serra Santa,042,way/464315198,,,,43.229117,12.843409
Q55710935,plages,Riserva Monte Giuoco del Pallone e Monte Cafaggio,Riserva Monte Giuoco del Pallone e Monte Cafaggio,043,way/464316867,,,,43.239818,12.898510
Q3936861,plages,Riserva Laguna di Capo Peloro,Riserva Laguna di Capo Peloro,083,relation/2982486,,,,38.264347,15.624315
Q3640266,plages,Prati di Col San Floreano,Prati di Col San Floreano,030,way/133880256,,,,46.142044,13.056424
Q33155159,cascades,Pos de l'Acqua,Pos de l'Acqua,017,node/981710819,,,,45.683313,10.288217
Q55710911,plages,Ponte d'Arli,Ponte d'Arli,044,way/497838301,,,,42.806232,13.477049
Q140044166,cascades,Pis del Pesio,Pis del Pesio,004,node/11818273917,,,,44.199279,7.643427
Q3905170,plages,Pineta Granducale dell'Uccellina,Pineta Granducale dell'Uccellina,053,relation/5826262,,,,42.651757,11.048400
Q55711044,plages,Piani di Montelago,Piani di Montelago,043,way/464363237,,,,43.108186,12.976780
Q55710936,plages,Piana di Pioraco,Piana di Pioraco,043,way/464322125,,,,43.173591,12.913813
Q49964134,plages,Pendici del Monte Chaberton,Pendici del Monte Chaberton,001,way/680505878,,,,44.956426,6.770419
Q61836631,plages,Parco urbano di Cosentini,Parco urbano di Cosentini,087,way/672559552,,,,37.663560,15.131408
Q3895384,plages,Parco rurale sovracomunale “Civiltà delle Rogge”,Parco rurale sovracomunale “Civiltà delle Rogge”,024,way/390264133,,,,45.727822,11.715616
Q3895757,plages,Parco regionale urbano di Aguzzano,Parco regionale urbano di Aguzzano,058,relation/9357332,,,,41.936583,12.565509
Q683241,plages,Parco naturale regionale delle Dolomiti Friulane,Parco naturale regionale delle Dolomiti Friulane,093,way/43721496,,,,46.322325,12.522779
Q683241,plages,Parco naturale regionale delle Dolomiti Friulane,Parco naturale regionale delle Dolomiti Friulane,093,way/43721496,,,,46.322325,12.522779
Q1515313,plages,Parco naturale regionale dell'Aveto,Parco naturale regionale dell'Aveto,010,relation/2689881,,,,44.483295,9.444111
Q182860,plages,Parco naturale regionale dell'Antola,Parco naturale regionale dell'Antola,010,relation/2689415,,,,44.625454,8.964752
Q3895662,plages,Parco naturale regionale Dune costiere da Torre Canne a Torre San Leonardo,Parco naturale regionale Dune costiere da Torre Canne a Torre San Leonardo,074,relation/9387026,,,,40.805947,17.507498
Q16587118,plages,Parco naturale di Conca Cialancia,Parco naturale di Conca Cialancia,001,way/371862964,,,,44.881065,7.111957
Q3895655,plages,Parco naturale del Monte Tre Denti - Freidour,Parco naturale del Monte Tre Denti - Freidour,001,way/371862963,,,,44.983100,7.320665
Q267909,plages,Parco naturale Paneveggio - Pale di San Martino,Parco naturale Paneveggio - Pale di San Martino,022,relation/2385051,,,,46.275648,11.803752
Q55686292,plages,Parco e Castello di Agliè,Parco e Castello di Agliè,001,way/282881645,,,,45.363364,7.774949
Q30092147,plages,Parco di Villa Dolfin Boldù,Parco di Villa Dolfin Boldù,024,way/414850313,,,,45.722108,11.746915
Q54860041,plages,Parco di Poggio Neri,Parco di Poggio Neri,049,way/185660347,,,,43.117591,10.682764
Q55415291,plages,Parco dell’Alto Martesana,Parco dell’Alto Martesana,015,relation/7641698,,,,45.531112,9.467289
Q21235195,plages,Parco dello Strone,Parco dello Strone,017,relation/17002869,,,,45.326537,10.065221
Q3895551,plages,Parco delle Groane e della Brughiera Briantea,Parco delle Groane e della Brughiera Briantea,108,relation/5345080,,,,45.655702,9.126341
Q3895745,plages,Parco della Valle del Lambro,Parco della Valle del Lambro,108,relation/17001352,,,,45.704622,9.259210
Q55436294,plages,Parco della Rocca e del Sasso,Parco della Rocca e del Sasso,017,relation/8438543,,,,45.552515,10.571556
Q16587109,plages,Parco della Collina di San Colombano,Parco della Collina di San Colombano,015,relation/7681866,,,,45.177765,9.471678
Q3364637,plages,Parco del Mincio,Parco del Mincio,020,relation/9645619,,,,45.245924,10.824732
Q55436277,plages,Parco del Castello dal Verme,Parco del Castello dal Verme,018,relation/8435242,,,,44.873650,9.261886
Q55069547,plages,Parco dei Sillari,Parco dei Sillari,098,relation/7930677,,,,45.279282,9.442991
Q55436814,plages,Parco dei Ronchi,Parco dei Ronchi,018,relation/8438531,,,,45.045024,9.103520
Q3895481,plages,Parco dei Mulini,Parco dei Mulini,015,relation/5904844,,,,45.565306,8.964268
Q3895635,plages,Parco dei Monti Aurunci,Parco dei Monti Aurunci,059,relation/6027421,,,,41.353608,13.582856
Q55436289,plages,Parco dei Fontanili e dei Boschi,Parco dei Fontanili e dei Boschi,016,relation/8439760,,,,45.579292,9.634848
Q2052064,plages,Parco dei Colli Euganei,Parco dei Colli Euganei,028,way/249895155,,,,45.306130,11.704420
Q27998811,plages,Parco Valpometto,Parco Valpometto,018,way/606785419,,,,45.302973,8.623992
Q27998811,plages,Parco Valpometto,Parco Valpometto,018,way/606785419,,,,45.302973,8.623992
Q3895449,plages,Parco Valle del Menago,Parco Valle del Menago,023,way/602953464,,,,45.248374,11.124222
Q3895448,plages,Parco Valle del Lanza,Parco Valle del Lanza,013,relation/11074631,,,,45.814338,8.910196
Q3364636,plages,Parco Regionale di Colfiorito,Parco Regionale di Colfiorito,054,way/494471610,,,,43.025618,12.884750
Q945111,plages,Parco Regionale di Bric Tana,Parco Regionale di Bric Tana,009,way/200164483,,,,44.349452,8.214687
Q1515313,plages,Parco Regionale dell'Aveto,Parco Regionale dell'Aveto,010,relation/2689885,,,,44.451170,9.384852
Q3364765,plages,Parco Regionale Veneto del Delta del Po,Parco Regionale Veneto del Delta del Po,029,relation/6520954,,,,44.978570,12.298274
Q3895760,plages,Parco Regionale Urbano del Pineto,Parco Regionale Urbano del Pineto,058,way/224670008,,,,41.919969,12.432425
Q3895538,plages,Parco Palude di Onara,Parco Palude di Onara,028,relation/3311595,,,,45.627320,11.812241
Q1886487,plages,Parco Nazionale delle Cinque Terre,Parco Nazionale delle Cinque Terre,011,relation/952904,,,,44.124640,9.711248
Q635414,plages,Parco Nazionale del Vesuvio,Parco Nazionale del Vesuvio,063,way/757317072,,,,40.823467,14.432326
Q867361,plages,"Parco Nazionale Cilento, Vallo di Diano e Alburni","Parco Nazionale Cilento, Vallo di Diano e Alburni",065,relation/4100859,,,,40.283354,15.298374
Q21236915,plages,Parco Naturale di Cavriglia,Parco Naturale di Cavriglia,051,way/98494428,,,,43.533212,11.421285
Q3895641,plages,Parco Naturale dell'Alta Valle Antrona,Parco Naturale dell'Alta Valle Antrona,103,relation/16158979,,,,46.056858,8.107629
Q3364585,plages,Parco Naturale dell'Alpe Veglia e dell'Alpe Devero,Parco Naturale dell'Alpe Veglia e dell'Alpe Devero,103,way/80977246,,,,46.306502,8.211960
Q3364601,plages,Parco Naturale del Mont Avic,Parco Naturale del Mont Avic,007,way/44951105,,,,45.639646,7.569148
Q3895638,plages,Parco Naturale del Bosco delle Sorti della Partecipanza di Trino,Parco Naturale del Bosco delle Sorti della Partecipanza di Trino,002,way/248862889,,,,45.224538,8.252792
Q3895668,plages,Parco Naturale Regionale di Porto Selvaggio e Palude del Capitano,Parco Naturale Regionale di Porto Selvaggio e Palude del Capitano,075,relation/7072452,,,,40.178049,17.950515
Q3895667,plages,Parco Naturale Regionale Litorale di Ugento,Parco Naturale Regionale Litorale di Ugento,075,relation/7073856,,,,39.875487,18.147751
Q55436309,plages,Parco Le Folaghe,Parco Le Folaghe,018,way/445696656,,,,45.017041,8.943937
Q3364392,plages,Parco Interprovinciale di Montioni,Parco Interprovinciale di Montioni,049,relation/3681342,,,,43.006360,10.737333
Q3895484,plages,Parco GruBrìa,Parco GruBrìa,108,relation/10686640,,,,45.610774,9.209756
Q30888839,plages,Parco Golenale lungo Po,Parco Golenale lungo Po,020,relation/8439279,,,,45.059692,11.102368
Q3364374,plages,Parco Fluviale del Nera,Parco Fluviale del Nera,055,way/117070693,,,,42.608839,12.779487
Q59875884,plages,Parco Fluviale Regionale del Trebbia,Parco Fluviale Regionale del Trebbia,033,relation/10104116,,,,44.979161,9.625792
Q3895606,plages,Parco Fluviale Regionale del Taro,Parco Fluviale Regionale del Taro,034,relation/1102977,,,,44.759159,10.162752
Q55436316,plages,Parco Agricolo del Moso,Parco Agricolo del Moso,019,relation/17176980,,,,45.378230,9.631756
Q3895513,plages,Parco Adda Sud,Parco Adda Sud,019,relation/7657824,,,,45.309528,9.658060
Q3895513,plages,Parco Adda Sud,Parco Adda Sud,019,relation/7657824,,,,45.309528,9.658060
Q3895512,plages,Parco Adda Nord,Parco Adda Nord,108,relation/14249373,,,,45.648761,9.472430
Q3895512,plages,Parco Adda Nord,Parco Adda Nord,108,relation/14249373,,,,45.648761,9.472430
Q47350520,plages,Palude di San Genuario,Palude di San Genuario,002,way/248862929,,,,45.220858,8.183192
Q47089778,plages,Oasi xerotermiche della Val di Susa - Orrido di Chianocco,Oasi xerotermiche della Val di Susa - Orrido di Chianocco,001,way/679994878,,,,45.152461,7.107386
Q49964160,plages,Oasi xerotermica di Puys,Oasi xerotermica di Puys,001,way/680342269,,,,45.045794,6.734700
Q49964124,plages,Oasi xerotermica di Oulx - Auberge,Oasi xerotermica di Oulx - Auberge,001,way/680342265,,,,45.058979,6.817955
Q49964131,plages,Oasi xerotermica di Oulx - Amazas,Oasi xerotermica di Oulx - Amazas,001,way/680342267,,,,45.018185,6.820990
Q49961367,plages,Oasi naturalistica foce del Nervia,Oasi naturalistica foce del Nervia,008,way/465660752,,,,43.786727,7.630040
Q61890761,plages,Oasi naturalistica Rio Solcasso,Oasi naturalistica Rio Solcasso,009,relation/9357438,,,,44.281286,8.435329
Q3880412,plages,Oasi di Ponte Barca,Oasi di Ponte Barca,087,way/49139095,,,,37.543010,14.867012
Q3936891,plages,Oasi della Contessa,Oasi della Contessa,049,relation/5692833,,,,43.590283,10.364916
Q3880398,plages,Oasi blu di Villa Tiberio,Oasi blu di Villa Tiberio,059,relation/9351211,,,,41.243176,13.460833
Q3880401,plages,Oasi blu di Monte Orlando,Oasi blu di Monte Orlando,059,relation/9351272,,,,41.205174,13.577024
Q3880397,plages,Oasi Zegna,Oasi Zegna,096,way/1276211911,,,,45.676076,8.094882
Q3880409,plages,Oasi WWF di Macchiagrande,Oasi WWF di Macchiagrande,058,way/24281168,,,,41.829252,12.211545
Q3622048,plages,Oasi WWF del Bottaccio,Oasi WWF del Bottaccio,046,relation/9351050,,,,43.768483,10.629706
Q3622048,plages,Oasi WWF del Bottaccio,Oasi WWF del Bottaccio,046,relation/9351050,,,,43.768483,10.629706
Q3880388,plages,Oasi WWF Nord,Oasi WWF Nord,062,node/8284057734,,,,41.340293,14.713091
Q24933168,plages,Oasi Levadina,Oasi Levadina,015,way/244949367,,,,45.424278,9.282868
Q3880389,plages,Oasi Le Mortine,Oasi Le Mortine,061,way/180323632,,,,41.470574,14.097265
Q3880381,plages,Oasi Dune di Tirrenia,Oasi Dune di Tirrenia,050,way/105921920,,,,43.638982,10.288569
Q3880380,plages,Oasi Bosco di San Silvestro,Oasi Bosco di San Silvestro,061,way/531846012,,,,41.102795,14.333888
Q3880378,plages,Oasi Bosco di Cornacchiaia,Oasi Bosco di Cornacchiaia,050,way/232533721,,,,43.598823,10.324318
Q264624,plages,Naturpark Trudner Horn - Parco Naturale Monte Corno,Naturpark Trudner Horn - Parco Naturale Monte Corno,021,relation/12286952,,,,46.281619,11.287324
Q1970634,plages,Naturpark Rieserferner-Ahrn - Parco Naturale Vedrette di Ries-Aurina,Naturpark Rieserferner-Ahrn - Parco Naturale Vedrette di Ries-Aurina,021,relation/14698221,,,,46.939671,12.087269
Q740279,plages,Naturpark Fanes-Sennes-Prags - Parco Naturale Fanes-Sennes-Braies,Naturpark Fanes-Sennes-Prags - Parco Naturale Fanes-Sennes-Braies,025,relation/7119254,,,,46.637556,12.079030
Q1970453,plages,Naturpark Drei Zinnen - Parco Naturale Tre Cime,Naturpark Drei Zinnen - Parco Naturale Tre Cime,021,relation/9946823,,,,46.668988,12.318278
Q61835712,plages,Monumento naturale crateri vulcanici del Meilogu-Monte Annaru,Monumento naturale crateri vulcanici del Meilogu-Monte Annaru,112,relation/9350412,,,,40.469732,8.753880
Q3862711,plages,Monumento naturale Palude di Torre Flavia,Monumento naturale Palude di Torre Flavia,058,relation/9352351,,,,41.962636,12.045999
Q61890158,plages,Monumento naturale Madonna della Neve,Monumento naturale Madonna della Neve,058,relation/9357085,,,,41.792854,12.759363
Q61874722,plages,Monumento naturale Lago di Giulianello,Monumento naturale Lago di Giulianello,058,relation/9354383,,,,41.688739,12.849306
Q3862705,plages,Monumento naturale Garzaia della Rinalda,Monumento naturale Garzaia della Rinalda,018,way/671679905,,,,45.160174,8.592283
Q3862704,plages,Monumento naturale Garzaia della Cascina Villarasca,Monumento naturale Garzaia della Cascina Villarasca,018,way/36908004,,,,45.300895,9.104348
Q3862702,plages,Monumento naturale Garzaia della Cascina Notizia,Monumento naturale Garzaia della Cascina Notizia,018,relation/9341144,,,,45.116879,8.757479
Q61890095,plages,Monumento naturale Corviano,Monumento naturale Corviano,056,way/668894567,,,,42.476887,12.197727
Q3862699,plages,Monumento naturale Campo Soriano,Monumento naturale Campo Soriano,059,way/398931707,,,,41.355596,13.241903
Q61890677,plages,Monumento naturale Bosco Faito,Monumento naturale Bosco Faito,060,relation/9357313,,,,41.604878,13.317647
Q3862696,plages,Monumento naturale Bodrio della Cà dei Gatti,Monumento naturale Bodrio della Cà dei Gatti,019,relation/9347953,,,,45.069897,10.133671
Q3862695,plages,Monumento naturale Bodrio della Cascina Margherita,Monumento naturale Bodrio della Cascina Margherita,019,relation/9347905,,,,45.069150,10.146610
Q3862601,plages,Monumento Naturale Parco della Cellulosa,Monumento Naturale Parco della Cellulosa,058,way/105282380,,,,41.909669,12.357595
Q3862600,plages,Monumento Naturale Mola delle Corte Settecannelle Capodacqua,Monumento Naturale Mola delle Corte Settecannelle Capodacqua,059,relation/6066332,,,,41.367096,13.421012
Q3862697,plages,Monumento Naturale Bodrio delle Gerre,Monumento Naturale Bodrio delle Gerre,019,relation/9347937,,,,45.054007,10.079761
Q55266353,plages,Monti dei Sette Fratelli,Monti dei Sette Fratelli,118,relation/12869572,,,,39.353521,9.374078
Q55266353,plages,Monti dei Sette Fratelli,Monti dei Sette Fratelli,118,relation/12869572,,,,39.353521,9.374078
Q3895720,plages,Monti Livornesi,Monti Livornesi,049,relation/6402355,,,,43.478773,10.424145
Q3895720,plages,Monti Livornesi,Monti Livornesi,049,relation/19900390,,,,43.490139,10.421484
Q3895720,plages,Monti Livornesi,Monti Livornesi,049,relation/6402355,,,,43.478773,10.424145
Q3895720,plages,Monti Livornesi,Monti Livornesi,049,relation/19900390,,,,43.490139,10.421484
Q3862432,plages,Monti Amerini,Monti Amerini,055,relation/19248906,,,,42.611708,12.370823
Q1970547,plages,Montemarcello - Magra,Montemarcello - Magra,011,relation/2690677,,,,44.144075,9.891913
Q1970547,plages,Montemarcello - Magra,Montemarcello - Magra,011,relation/2690712,,,,44.170985,9.817698
Q55710925,plages,Montefalcone Appennino - Smerillo,Montefalcone Appennino - Smerillo,109,relation/7305126,,,,43.003471,13.457730
Q55711058,plages,Montecalvo in Foglia,Montecalvo in Foglia,041,way/497843898,,,,43.787363,12.649557
Q55711058,plages,Montecalvo in Foglia,Montecalvo in Foglia,041,way/497843898,,,,43.787363,12.649557
Q55710894,plages,Monte lo Spicchio - Monte Columeo - Valle di S. Pietro,Monte lo Spicchio - Monte Columeo - Valle di S. Pietro,042,way/464206480,,,,43.370990,12.771729
Q55711401,plages,Monte dell'Ascensione,Monte dell'Ascensione,044,way/497839667,,,,42.923646,13.572172
Q55710904,plages,Monte Puro - Rogedano - Valleremita,Monte Puro - Rogedano - Valleremita,042,way/464282741,,,,43.284910,12.866348
Q55711045,plages,Monte Pennino - Scurosa,Monte Pennino - Scurosa,043,way/464363692,,,,43.116238,12.915120
Q49964176,plages,Monte Musine' e Laghi di Caselette,Monte Musine' e Laghi di Caselette,001,relation/17678523,,,,45.118766,7.475049
Q55710903,plages,Monte Maggio - Valle dell'Abbadia,Monte Maggio - Valle dell'Abbadia,042,relation/16490717,,,,43.284613,12.809649
Q55710938,plages,Monte Letegge - Monte d'Aria,Monte Letegge - Monte d'Aria,043,way/464515022,,,,43.164392,13.153344
Q55710917,plages,Monte Ceresa,Monte Ceresa,044,way/497871317,,,,42.806523,13.350859
Q3936635,plages,Montagna di Torricchio,Montagna di Torricchio,043,way/497850272,,,,42.959362,13.026525
Q55699829,plages,Montagna dei Fiori,Montagna dei Fiori,044,way/497871781,,,,42.817822,13.582835
Q55710939,plages,Macchia di Montenero,Macchia di Montenero,043,way/464515773,,,,43.372814,13.172994
Q3936626,plages,Macchia di Gattaceca e Macchia del Barco,Macchia di Gattaceca e Macchia del Barco,058,relation/7166507,,,,42.061812,12.664420
Q55710941,plages,Macchia delle Tassinete,Macchia delle Tassinete,043,way/464515764,,,,43.358576,13.209984
Q49964157,plages,Les Arnaud e Punta Quattro Sorelle,Les Arnaud e Punta Quattro Sorelle,001,way/680342270,,,,45.080537,6.662108
Q55710912,plages,Lecceto d'Acquasanta,Lecceto d'Acquasanta,044,way/497837727,,,,42.774248,13.398778
Q49964193,plages,Lama del Badiotto e Garzaia della Brarola,Lama del Badiotto e Garzaia della Brarola,002,node/11964091925,,,,45.300371,8.498492
Q115173821,plages,Lago Pudro,Lago Pudro,022,way/24914736,,,,46.078315,11.221864
Q3825549,plages,Laghestel,Laghestel,022,way/25343866,,,,46.114539,11.227453
Q3936859,plages,La Timpa di Acireale,La Timpa di Acireale,087,way/367710725,,,,37.615848,15.168202
Q19621608,cascades,Istrampu de Capu Nieddu,Istrampu de Capu Nieddu,115,node/2508859680,,,,40.146833,8.463643
Q3936527,plages,IT2060015 - SIC - ZPS - Riserva Naturale Bosco de l'Isola,IT2060015 - SIC - ZPS - Riserva Naturale Bosco de l'Isola,016,way/383300258,,,,45.431266,9.886798
Q55711041,plages,Gola di S. Eustachio,Gola di S. Eustachio,043,way/464515029,,,,43.205733,13.132192
Q55711043,plages,Gola di Pioraco,Gola di Pioraco,043,way/464355662,,,,43.168948,12.980556
Q125149146,cascades,Gargazoner Wasserfall - Cascata di Gargazzone,Gargazoner Wasserfall - Cascata di Gargazzone,021,node/1675185988,,,,46.588209,11.208905
Q55711039,plages,Fonte delle Bussare,Fonte delle Bussare,043,way/497836920,,,,43.306461,13.234627
Q47354983,plages,Fontana Gigante (Tricerro),Fontana Gigante (Tricerro),002,way/248862894,,,,45.232432,8.286572
Q55710907,plages,Faggete di San Silvestro,Faggete di San Silvestro,042,way/464313297,,,,43.304714,12.887643
Q56295564,cascades,Eisackfall - Cascata dell’Isarco,Eisackfall - Cascata dell’Isarco,021,node/956501281,,,,47.002749,11.502527
Q55436647,plages,Colle Gessaro,Colle Gessaro,070,way/571313606,,,,41.982402,14.750881
Q49964118,plages,Col Basset (Sestriere),Col Basset (Sestriere),001,way/1047131154,,,,44.981386,6.873254
Q93637099,plages,Cimitero Ebraico,Cimitero Ebraico,093,relation/3071830,,,,45.901099,12.814418
Q49964171,plages,Cima Fournier e Lago Nero,Cima Fournier e Lago Nero,001,way/1047131152,,,,44.903844,6.792469
Q49964171,plages,Cima Fournier e Lago Nero,Cima Fournier e Lago Nero,001,way/1047131153,,,,44.931493,6.807859
Q49964096,plages,Champlas - Colle Sestriere,Champlas - Colle Sestriere,001,way/680505877,,,,44.952736,6.829916
Q55832394,plages,Centro Habitat Mediterraneo,Centro Habitat Mediterraneo,058,way/228977445,,,,41.740233,12.247722
Q121163057,cascades,Cascate di Mezzo,Cascate di Mezzo,022,node/1099617247,,,,46.207449,10.846932
Q3661537,cascades,Cascate di Farfarà,Cascate di Farfarà,045,node/1396767752,,,,44.407777,9.780731
Q111332041,cascades,Cascate del Rio Negro,Cascate del Rio Negro,022,node/5503869746,,,,46.108378,11.244787
Q65966482,cascades,Cascate del Mulino,Cascate del Mulino,053,node/1100885447,,,,42.648261,11.512782
Q138912239,cascades,Cascate del Corpaglione,Cascate del Corpaglione,017,node/999900876,,,,45.708791,10.562318
Q121163289,cascades,Cascate alte,Cascate alte,022,node/2471625313,,,,46.205410,10.866532
Q108489564,cascades,Cascata di Tret,Cascata di Tret,021,node/1219944517,,,,46.483037,11.132269
Q73487410,cascades,Cascata di Rio Revegler,Cascata di Rio Revegler,022,node/1165749567,,,,45.965173,10.654109
Q130497917,cascades,Cascata di Folgorida,Cascata di Folgorida,022,node/7776309948,,,,46.166422,10.644713
Q98280594,cascades,Cascata di Carpinone,Cascata di Carpinone,094,node/7873780828,,,,41.595782,14.325968
Q114098236,cascades,Cascata di Cam,Cascata di Cam,013,node/704950750,,,,45.863735,9.094819
Q136463612,cascades,Cascata di Begna,Cascata di Begna,013,node/708805794,,,,46.042632,9.119957
Q132101436,cascades,Cascata dello Sprizzottolo,Cascata dello Sprizzottolo,097,node/2538348039,,,,45.962600,9.446649
Q135882660,cascades,Cascata della Sega,Cascata della Sega,040,node/6166113832,,,,43.971663,11.766731
Q108443358,cascades,Cascata della Presia,Cascata della Presia,048,node/13063039054,,,,44.102857,11.528206
Q117213558,cascades,Cascata della Civetta,Cascata della Civetta,024,node/5433787118,,,,45.912695,11.277517
Q108321468,cascades,Cascata della Brusia,Cascata della Brusia,040,node/772157785,,,,44.007284,11.746772
Q131720676,cascades,Cascata del Ponale,Cascata del Ponale,022,node/730792741,,,,45.861592,10.831599
Q135889689,cascades,Cascata del Lavane,Cascata del Lavane,040,node/6886599971,,,,43.991065,11.646463
Q135884108,cascades,Cascata Urlante,Cascata Urlante,040,node/7590436404,,,,43.967024,11.761377
Q96406909,cascades,Cascata Gorg d'Abiss,Cascata Gorg d'Abiss,022,node/2284378105,,,,45.900120,10.671166
Q140044578,cascades,Cascata Gias Fontana,Cascata Gias Fontana,004,node/3283902048,,,,44.203603,7.645842
Q64363409,cascades,Cascata Forgiarelle,Cascata Forgiarelle,080,node/1764302318,,,,38.114477,15.959052
Q107711972,cascades,Cascata Fermona,Cascata Fermona,012,node/3667580217,,,,45.935983,8.784721
Q3661536,cascades,Cascata Dell'infernaccio,Cascata Dell'infernaccio,056,node/4436280889,,,,42.527347,12.131040
Q111666244,cascades,Cascata Covel,Cascata Covel,022,node/5771126894,,,,46.370583,10.653202
Q55402182,plages,Bosco di Milo,Bosco di Milo,087,way/463737195,,,,37.710073,15.112565
Q3642873,plages,Bosco di Linera,Bosco di Linera,087,way/466439720,,,,37.657274,15.150006
Q3936847,plages,Bosco della Frattona,Bosco della Frattona,037,way/34185824,,,,44.350927,11.665041
Q95863702,plages,Bosco del Fagarè,Bosco del Fagarè,026,way/1101549389,,,,45.838144,11.977503
Q55640489,plages,Bosco Ronchetti,Bosco Ronchetti,019,way/868058719,,,,45.036545,10.125771
Q55710909,plages,Boschi tra Cupramarittima e Ripatransone,Boschi tra Cupramarittima e Ripatransone,044,way/497836482,,,,43.008910,13.812105
Q55711046,plages,Boschetto a tasso presso Montecavallo,Boschetto a tasso presso Montecavallo,043,way/497850716,,,,42.965180,12.966988
Q49964102,plages,Boscaglie di Tasso di Giaglione,Boscaglie di Tasso di Giaglione,001,way/679458450,,,,45.156129,6.954110
Q3640273,plages,Biotopo torbiera di Curiedi,Biotopo torbiera di Curiedi,030,relation/3594487,,,,46.426122,12.976065
Q3640246,plages,Biotopo sorgente Resenzuola,Biotopo sorgente Resenzuola,022,way/436754049,,,,46.006708,11.659881
Q93637377,plages,Biotopo dell'Acqua Caduta,Biotopo dell'Acqua Caduta,030,way/131477604,,,,46.204867,13.022729
Q3640275,plages,Biotopo Torbiera di Pramollo,Biotopo Torbiera di Pramollo,030,relation/3640496,,,,46.555429,13.277504
Q3640274,plages,Biotopo Torbiera di Lazzacco,Biotopo Torbiera di Lazzacco,030,way/1498154155,,,,46.131940,13.161834
Q93637703,plages,Biotopo Torbiera di Borgo Pegoraro,Biotopo Torbiera di Borgo Pegoraro,030,way/131477536,,,,46.125183,13.115297
Q93637548,plages,Biotopo Torbiera Selvote,Biotopo Torbiera Selvote,030,relation/1762654,,,,45.881921,13.189591
Q3640271,plages,Biotopo Torbiera Scichizza,Biotopo Torbiera Scichizza,030,relation/2926394,,,,46.492367,13.678515
Q93637755,plages,Biotopo Torbiera Groi,Biotopo Torbiera Groi,030,way/130997257,,,,45.867636,13.329425
Q93637502,plages,Biotopo Torbiera Cichinot,Biotopo Torbiera Cichinot,030,way/131480170,,,,46.201690,13.174252
Q3640245,plages,Biotopo Taio,Biotopo Taio,022,relation/6308876,,,,45.923773,11.080180
Q93637321,plages,Biotopo Selvuccis e Prat dal Top,Biotopo Selvuccis e Prat dal Top,030,way/131569036,,,,45.864371,13.130937
Q93637235,plages,Biotopo Roggia Ribosa di Bertiolo e Lonca,Biotopo Roggia Ribosa di Bertiolo e Lonca,030,way/131568910,,,,45.918901,13.032047
Q3640270,plages,Biotopo Risorgive di Zarnicco,Biotopo Risorgive di Zarnicco,030,way/131391520,,,,45.892576,13.067364
Q3640241,plages,Biotopo Prà delle Nasse,Biotopo Prà delle Nasse,022,way/60638457,,,,46.263814,11.790634
Q93637441,plages,Biotopo Prati del Lavia,Biotopo Prati del Lavia,030,way/131482933,,,,46.045305,13.164086
Q93637868,plages,Biotopo Prati Umidi dei Quadris,Biotopo Prati Umidi dei Quadris,030,way/131388566,,,,46.134577,13.073890
Q3640232,plages,Biotopo Paludél - Biotop Adlermösl,Biotopo Paludél - Biotop Adlermösl,021,way/111459794,,,,46.244769,11.217324
Q3640265,plages,Biotopo Paludi del Corno,Biotopo Paludi del Corno,030,relation/1767897,,,,45.884410,13.223847
Q3640264,plages,Biotopo Palude di Fraghis,Biotopo Palude di Fraghis,030,way/131569425,,,,45.866774,13.227706
Q3640263,plages,Biotopo Palude di Fontana Abisso,Biotopo Palude di Fontana Abisso,030,way/131479999,,,,46.202066,13.094895
Q3640262,plages,Biotopo Palude di Cima Corso,Biotopo Palude di Cima Corso,030,relation/3640495,,,,46.395829,12.744577
Q93637645,plages,Biotopo Laghetti delle Noghere,Biotopo Laghetti delle Noghere,032,way/398417659,,,,45.586520,13.815863
