decision,curator_note,name,theme,origine,departement,best_tier,changement,score,notoriete,bonus_labels,bonus_article,bonus_image,bonus_frwiki,bonus_acces,bonus_visiteurs,sitelinks,labels,collections,alertes,ouvert_au_public,entre_par_remise,horaires,lat,lon,wikidata_id,wikipedia_url,image_url
,,Abbaye Saint-Michel-de-la-Cluse,abbayes,wikidata,Turin,1,,115.5,52.7,0.0,23.5,8.0,5.0,0.0,14.4,26,,3,,inconnu,,,45.097786,7.343282,Q19881,https://fr.wikipedia.org/wiki/Abbaye_Saint-Michel-de-la-Cluse,http://commons.wikimedia.org/wiki/Special:FilePath/Sant%27Ambrogio%20di%20Torino%20-%20Sacra%20di%20San%20Michele%20-%202025-09-29%2015-35-04%20003.jpeg
,,Abbaye du Mont-Cassin,abbayes,wikidata,Frosinone,1,,110.5,52.7,0.0,26.6,8.0,5.0,0.0,16.9,26,,3,,inconnu,,,41.490000,13.814000,Q334051,https://fr.wikipedia.org/wiki/Abbaye_du_Mont-Cassin,http://commons.wikimedia.org/wiki/Special:FilePath/Abbazia%20Montecassino.jpg
,,San Lazzaro degli Armeni,abbayes,wikidata,Venise,1,,109.4,54.9,0.0,36.5,8.0,5.0,0.0,0.0,30,,3,,inconnu,,,45.411979,12.361422,Q1791020,https://fr.wikipedia.org/wiki/San_Lazzaro_degli_Armeni,http://commons.wikimedia.org/wiki/Special:FilePath/San%20Lazzaro%20degli%20Armeni%2C%20Venice%20aerial%20photo%202013.jpg
,,Chartreuse de Pavie,abbayes,wikidata,Pavie,1,,106.8,53.9,0.0,32.7,8.0,5.0,0.0,0.0,28,,3,,inconnu,,,45.257000,9.148278,Q654443,https://fr.wikipedia.org/wiki/Chartreuse_de_Pavie,http://commons.wikimedia.org/wiki/Special:FilePath/748CertosaPaviaChiesa.JPG
,,Église et couvent de la Trinité-des-Monts de Rome,abbayes,wikidata,Rome,1,,100.8,55.9,0.0,24.4,8.0,5.0,0.0,0.0,32,,3,,inconnu,,,41.906250,12.483580,Q1229008,https://fr.wikipedia.org/wiki/%C3%89glise_et_couvent_de_la_Trinit%C3%A9-des-Monts,http://commons.wikimedia.org/wiki/Special:FilePath/Trinit%C3%A0%20dei%20Monti%20%28Rome%29%20-%20esterno.jpg
,,Chartreuse de Padula,abbayes,wikidata,Salerne,1,,99.6,52.1,0.0,21.4,8.0,5.0,0.0,11.6,25,,3,,inconnu,,,40.337222,15.651944,Q1051820,https://fr.wikipedia.org/wiki/Chartreuse_de_Padula,http://commons.wikimedia.org/wiki/Special:FilePath/Aerial%20image%20of%20Certosa%20di%20Padula%20%28view%20from%20the%20southeast%29.jpg
,,Abbaye de Pomposa,abbayes,wikidata,Ferrare,1,,98.4,47.1,0.0,25.3,8.0,5.0,0.0,10.5,18,,3,,inconnu,,,44.831880,12.175670,Q514366,https://fr.wikipedia.org/wiki/Abbaye_de_Pomposa,http://commons.wikimedia.org/wiki/Special:FilePath/Abbazia%20di%20pomposa%2002.jpg
,,Chartreuse Saint-Martin,abbayes,wikidata,Naples,1,,89.8,50.8,0.0,22.8,8.0,5.0,0.0,0.0,23,,3,,inconnu,,,40.843410,14.241129,Q859732,https://fr.wikipedia.org/wiki/Chartreuse_Saint-Martin_de_Naples,http://commons.wikimedia.org/wiki/Special:FilePath/Certosa%20di%20San%20Martino%20from%20Sant%27Elmo.jpg
,,Basilique Sainte-Claire de Naples,abbayes,wikidata,Naples,1,,89.5,47.9,0.0,24.2,8.0,5.0,0.0,0.0,19,,2,,inconnu,,,40.846880,14.252870,Q810104,https://fr.wikipedia.org/wiki/Basilique_Sainte-Claire_de_Naples,http://commons.wikimedia.org/wiki/Special:FilePath/Monastero%20di%20SantaChiaraNaples.jpg
,,Abbaye de Casamari,abbayes,wikidata,Frosinone,1,,87.7,36.8,0.0,20.9,8.0,5.0,0.0,16.1,9,,3,,inconnu,,,41.671111,13.487222,Q833129,https://fr.wikipedia.org/wiki/Abbaye_de_Casamari,http://commons.wikimedia.org/wiki/Special:FilePath/Veroli%2C%20Abbazia%20di%20Casamari%20001.JPG
,,Cascata delle Marmore,cascades,wikidata,Terni,1,,86.5,56.4,0.0,13.2,8.0,5.0,0.0,0.0,33,,3,,inconnu,,,42.551056,12.715222,Q38580,https://fr.wikipedia.org/wiki/Cascade_des_Marmore,http://commons.wikimedia.org/wiki/Special:FilePath/Aerial%20image%20of%20Cascata%20delle%20Marmore%20%28view%20from%20the%20northwest%29.jpg
,,Cascate del Serio,cascades,wikidata,Bergame,1,,67.8,38.4,0.0,16.1,8.0,5.0,0.0,0.0,10,,3,,inconnu,,,46.062111,10.036611,Q3661556,https://fr.wikipedia.org/wiki/Cascades_du_Serio,http://commons.wikimedia.org/wiki/Special:FilePath/Cascatedelserio.JPG
,,Cascade du Toce,cascades,wikidata,Verbano-Cusio-Ossola,1,,64.1,41.0,0.0,9.6,8.0,5.0,0.0,0.0,12,,3,,inconnu,,,46.408000,8.413000,Q37329,https://fr.wikipedia.org/wiki/Cascade_du_Toce,http://commons.wikimedia.org/wiki/Special:FilePath/CascataDelToceAug122024%2002.jpg
,,Cascades de Riva,cascades,wikidata,Bolzano,1,,53.2,25.8,0.0,14.2,8.0,5.0,0.0,0.0,4,,4,,inconnu,,,46.916500,11.980800,Q60847935,https://fr.wikipedia.org/wiki/Cascades_de_Riva,http://commons.wikimedia.org/wiki/Special:FilePath/Cascata%20alta%20-%20Tures.JPG
,,Cascades de Barbiano,cascades,wikidata,Bolzano,1,,50.6,22.2,0.0,15.4,8.0,5.0,0.0,0.0,3,,4,,inconnu,,,46.601558,11.501527,Q3661559,https://fr.wikipedia.org/wiki/Cascades_de_Barbiano,http://commons.wikimedia.org/wiki/Special:FilePath/Cascbarbinf.JPG
,,Cascades de Nardis,cascades,wikidata,Trente,1,,50.0,31.1,0.0,5.6,8.0,5.0,0.0,0.0,6,,4,,inconnu,,,46.168747,10.714803,Q3661552,https://fr.wikipedia.org/wiki/Cascades_de_Nardis,http://commons.wikimedia.org/wiki/Special:FilePath/Cascades%20Nardi%20Italia.jpg
,,Cascade Piscina Irgas,cascades,wikidata,Carbonia-Iglesias,1,,49.8,28.7,0.0,8.0,8.0,5.0,0.0,0.0,5,,4,,inconnu,,,39.402344,8.629075,Q48315714,https://fr.wikipedia.org/wiki/Cascade_Piscina_Irgas,http://commons.wikimedia.org/wiki/Special:FilePath/Piscina%20Irgas%20immersa%20nella%20natura.jpg
,,Cascade de Parcines,cascades,wikidata,Bolzano,1,,49.1,25.8,0.0,10.2,8.0,5.0,0.0,0.0,4,,4,,inconnu,,,46.695833,11.048889,Q3661539,https://fr.wikipedia.org/wiki/Cascade_de_Parcines,http://commons.wikimedia.org/wiki/Special:FilePath/Partschins%20wasserfall.jpg
,,Cascade de Lillaz,cascades,wikidata,Aoste,1,,48.1,28.7,0.0,6.2,8.0,5.0,0.0,0.0,5,,3,,inconnu,,,45.594250,7.397230,Q36989690,https://fr.wikipedia.org/wiki/Cascade_de_Lillaz,http://commons.wikimedia.org/wiki/Special:FilePath/CascateDiLillazJuly292024.jpg
,,Chute d'Isollaz,cascades,wikidata,Aoste,1,,48.1,28.7,0.0,6.3,8.0,5.0,0.0,0.0,5,,3,,inconnu,,,45.684631,7.711295,Q68663076,https://fr.wikipedia.org/wiki/Cascade_d%27Isollaz,http://commons.wikimedia.org/wiki/Special:FilePath/Cascade%20d%27Isollaz.JPG
,,Basilique Saint-Pierre,cathedrales,wikidata,Rome,1,,187.8,77.9,0.0,37.3,8.0,5.0,0.0,35.0,129,,3,,inconnu,,,41.902222,12.453417,Q12512,https://fr.wikipedia.org/wiki/Basilique_Saint-Pierre,http://commons.wikimedia.org/wiki/Special:FilePath/Basilica%20di%20San%20Pietro%20in%20Vaticano%20September%202015-1a.jpg
,,Dôme de Milan,cathedrales,wikidata,Milan,1,,164.9,69.9,0.0,33.8,8.0,5.0,0.0,26.9,78,,3,,inconnu,,,45.463968,9.190578,Q18068,https://fr.wikipedia.org/wiki/D%C3%B4me_de_Milan,http://commons.wikimedia.org/wiki/Special:FilePath/20110724%20Milan%20Cathedral%205260.jpg
,,Cathédrale de Modène,cathedrales,wikidata,Modène,1,,149.4,58.6,40.0,33.7,8.0,5.0,0.0,0.0,38,unesco,4,,inconnu,,,44.646444,10.925250,Q753721,https://fr.wikipedia.org/wiki/Cath%C3%A9drale_de_Mod%C3%A8ne,http://commons.wikimedia.org/wiki/Special:FilePath/Duomo%20di%20Modena%2020.JPG
,,Église Santa Maria delle Grazie de Milan,cathedrales,wikidata,Milan,1,,143.3,64.1,40.0,17.7,8.0,5.0,0.0,0.0,54,unesco,4,,inconnu,,,45.465833,9.171111,Q244952,https://fr.wikipedia.org/wiki/%C3%89glise_Santa_Maria_delle_Grazie_(Milan),http://commons.wikimedia.org/wiki/Special:FilePath/3048%20-%20Milano%20-%20S.%20Maria%20delle%20Grazie%20-%20Facciata%20-%20Foto%20Giovanni%20Dall%27Orto%20-%206-Mar-2008.jpg
,,Chapelle Sixtine,cathedrales,wikidata,Rome,1,,138.0,72.2,0.0,33.0,8.0,5.0,0.0,0.0,90,,3,,inconnu,,,41.902956,12.454433,Q2943,https://fr.wikipedia.org/wiki/Chapelle_Sixtine,http://commons.wikimedia.org/wiki/Special:FilePath/Sistina-interno.jpg
,,Basilique Santa Maria Novella,cathedrales,wikidata,Florence,1,,135.0,59.0,0.0,33.1,8.0,5.0,0.0,18.7,39,,3,,inconnu,,,43.774300,11.249367,Q51175,https://fr.wikipedia.org/wiki/Basilique_Santa_Maria_Novella,http://commons.wikimedia.org/wiki/Special:FilePath/Santa%20Maria%20Novella%20%28Florence%29.jpg
,,Cathédrale Santa Maria del Fiore,cathedrales,wikidata,Florence,1,,132.9,68.4,0.0,31.8,8.0,5.0,0.0,0.0,71,,3,,inconnu,,,43.773056,11.256944,Q191739,https://fr.wikipedia.org/wiki/Cath%C3%A9drale_Santa_Maria_del_Fiore,http://commons.wikimedia.org/wiki/Special:FilePath/Florence%20Duomo%20from%20Michelangelo%20hill.jpg
,,Basilique Sainte-Marie-Majeure de Rome,cathedrales,wikidata,Rome,1,,130.8,65.2,0.0,35.3,8.0,5.0,0.0,0.0,58,,3,,inconnu,,,41.897500,12.498611,Q186282,https://fr.wikipedia.org/wiki/Basilique_Sainte-Marie-Majeure,http://commons.wikimedia.org/wiki/Special:FilePath/Basilica%20di%20Santa%20Maria%20Maggiore%20-%20Roma.jpg
,,Basilique Saint-Vital,cathedrales,wikidata,Ravenne,1,,126.2,63.2,0.0,24.8,8.0,5.0,0.0,13.0,51,,3,,inconnu,,,44.420556,12.196389,Q721817,https://fr.wikipedia.org/wiki/Basilique_Saint-Vital_de_Ravenne,http://commons.wikimedia.org/wiki/Special:FilePath/Basilica%20of%20San%20Vitale.jpg
,,Basilique Saint-Jean-de-Latran,cathedrales,wikidata,Rome,1,,124.8,66.3,0.0,27.8,8.0,5.0,0.0,0.0,62,,3,,inconnu,,,41.885906,12.506156,Q84090,https://fr.wikipedia.org/wiki/Basilique_Saint-Jean-de-Latran,http://commons.wikimedia.org/wiki/Special:FilePath/San%20Giovanni%20in%20Laterano%202021.jpg
,,Dôme de Pise,cathedrales,wikidata,Pise,1,,123.9,58.6,0.0,18.6,8.0,5.0,0.0,25.8,38,,3,,inconnu,,,43.723293,10.395502,Q1754247,https://fr.wikipedia.org/wiki/Cath%C3%A9drale_Notre-Dame-de-l%27Assomption_de_Pise,http://commons.wikimedia.org/wiki/Special:FilePath/Duomo%20of%20the%20Archdiocese%20of%20Pisa.jpeg
,,Basilique Saint-Marc,cathedrales,wikidata,Venise,1,,121.8,67.0,0.0,26.6,8.0,5.0,0.0,0.0,65,,3,,inconnu,,,45.434444,12.339722,Q172988,https://fr.wikipedia.org/wiki/Basilique_Saint-Marc_de_Venise,http://commons.wikimedia.org/wiki/Special:FilePath/Venice%20-%20St.%20Marc%27s%20Basilica%2001.jpg
,,Basilique Saint-François,cathedrales,wikidata,Pérouse,1,,115.4,62.6,0.0,30.6,8.0,5.0,0.0,0.0,49,,3,,inconnu,,,43.074840,12.605810,Q207486,https://fr.wikipedia.org/wiki/Basilique_Saint-Fran%C3%A7ois_d%27Assise,http://commons.wikimedia.org/wiki/Special:FilePath/BasilicaDiSanFrancescoAssisiMar262024%2002.jpg
,,Castel del Monte,chateaux,wikidata,Barletta-Andria-Trani,1,,173.0,65.2,40.0,27.4,8.0,5.0,0.0,15.5,58,unesco,5,,inconnu,,,41.084753,16.270935,Q215897,https://fr.wikipedia.org/wiki/Castel_del_Monte,http://commons.wikimedia.org/wiki/Special:FilePath/Castel%20del%20Monte%20-%20Andria.jpg
,,Château Saint-Ange,chateaux,wikidata,Rome,1,,149.7,65.2,0.0,30.6,8.0,5.0,0.0,22.7,58,,3,,inconnu,,,41.903044,12.466307,Q486382,https://fr.wikipedia.org/wiki/Ch%C3%A2teau_Saint-Ange,http://commons.wikimedia.org/wiki/Special:FilePath/Castel%20Sant%27Angelo%20at%20Night.jpg
,,Château de Miramare,chateaux,wikidata,Trieste,1,,119.5,58.6,0.0,23.3,8.0,5.0,0.0,16.4,38,,3,,inconnu,,,45.702454,13.712318,Q165069,https://fr.wikipedia.org/wiki/Ch%C3%A2teau_de_Miramare,http://commons.wikimedia.org/wiki/Special:FilePath/Castello%20di%20Miramare%20%28Trieste%29%20%287%29.jpg
,,Château d'Este,chateaux,wikidata,Ferrare,1,,109.1,50.2,0.0,27.3,8.0,5.0,0.0,15.0,22,,3,,inconnu,,,44.837628,11.619426,Q1048836,https://fr.wikipedia.org/wiki/Ch%C3%A2teau_d%27Este,http://commons.wikimedia.org/wiki/Special:FilePath/Castello%20dall%27alto.jpg
,,Château des Sforza,chateaux,wikidata,Milan,1,,108.6,60.9,0.0,21.4,8.0,5.0,0.0,0.0,44,,3,,inconnu,,,45.471005,9.179693,Q23354,https://fr.wikipedia.org/wiki/Ch%C3%A2teau_des_Sforza,http://commons.wikimedia.org/wiki/Special:FilePath/20110725%20Castello%20Sforzesco%20Milan%205557.jpg
,,Palais royal de Venaria,chateaux,wikidata,Turin,1,,107.1,49.5,0.0,17.4,8.0,5.0,0.0,22.9,21,,5,,inconnu,,,45.135834,7.623519,Q19838,https://fr.wikipedia.org/wiki/Palais_royal_de_Venaria,http://commons.wikimedia.org/wiki/Special:FilePath/Reggia%20di%20Venaria%20Reale%20%28Italy%29.jpg
,,Château de Torrechiara,chateaux,wikidata,Parme,1,,99.8,41.0,0.0,33.8,8.0,5.0,0.0,10.0,12,,3,,inconnu,,,44.655370,10.273710,Q13291063,https://fr.wikipedia.org/wiki/Ch%C3%A2teau_de_Torrechiara,http://commons.wikimedia.org/wiki/Special:FilePath/Torrechiara-Drone-2%20%2827270845692%29.jpg
,,Fort de Bard,chateaux,wikidata,Aoste,1,,99.7,44.4,0.0,20.9,8.0,5.0,0.0,16.9,15,,5,,inconnu,,,45.608168,7.744582,Q2255867,https://fr.wikipedia.org/wiki/Fort_de_Bard,http://commons.wikimedia.org/wiki/Special:FilePath/ForteDiBardHoneAug052023%2002.jpg
,,Castel Nuovo,chateaux,wikidata,Naples,1,,95.3,57.3,0.0,18.5,8.0,5.0,0.0,0.0,35,,3,,inconnu,,,40.838376,14.253807,Q781219,https://fr.wikipedia.org/wiki/Castel_Nuovo,http://commons.wikimedia.org/wiki/Special:FilePath/Naples-Castel%20Nuovo.jpg
,,Château aragonais,chateaux,wikidata,Naples,1,,92.4,48.7,0.0,17.0,8.0,5.0,0.0,9.6,20,,3,,inconnu,,,40.731620,13.964930,Q1048809,https://fr.wikipedia.org/wiki/Ch%C3%A2teau_aragonais_(Ischia),http://commons.wikimedia.org/wiki/Special:FilePath/Ischia%20castello%20Aragonese.JPG
,,Rocca Scaligera,chateaux,wikidata,Brescia,1,monte,90.0,38.4,0.0,17.9,8.0,5.0,0.0,17.3,10,,3,,inconnu,,,45.492311,10.608322,Q3662370,https://fr.wikipedia.org/wiki/Rocca_Scaligera,http://commons.wikimedia.org/wiki/Special:FilePath/Italy%20-%20Sirmione%20-%20Scaligero%20Castle.jpg
,,Gorges de l'Alcantara,gorges,wikidata,Messine,1,,72.5,38.4,0.0,15.9,8.0,5.0,0.0,0.0,10,,3,,inconnu,,,37.880070,15.173440,Q1536232,https://fr.wikipedia.org/wiki/Gorges_de_l%27Alcantara,http://commons.wikimedia.org/wiki/Special:FilePath/Alcantara%20Canyon%20-%202018-07-27-A.jpg
,,Gorge de Su Gorroppu,gorges,wikidata,Ogliastra,1,,61.5,31.1,0.0,15.6,8.0,5.0,0.0,0.0,6,,3,,inconnu,,,40.185278,9.501667,Q1534505,https://fr.wikipedia.org/wiki/Canyon_de_Su_Gorroppu,http://commons.wikimedia.org/wiki/Special:FilePath/Gorropu%20-%20interno.JPG
,,Gorges du Furlo,gorges,wikidata,Pesaro et Urbin,1,,60.3,33.3,0.0,13.4,8.0,5.0,0.0,0.0,7,,3,,inconnu,,,43.653284,12.730915,Q110589478,https://fr.wikipedia.org/wiki/Gorges_du_Furlo,http://commons.wikimedia.org/wiki/Special:FilePath/Furlo%20Gorge.jpg
,,Vallée Sessera,gorges,wikidata,Vercelli,1,monte,59.3,35.2,0.0,11.0,8.0,5.0,0.0,0.0,8,,2,,inconnu,,,45.716667,8.233333,Q392980,https://fr.wikipedia.org/wiki/Vall%C3%A9e_Sessera,http://commons.wikimedia.org/wiki/Special:FilePath/Valsessera%20001.png
,,Vallée Antrona,gorges,wikidata,Verbano-Cusio-Ossola,1,monte,58.9,36.8,0.0,8.8,8.0,5.0,0.0,0.0,9,,3,,inconnu,,,46.067000,8.117000,Q1918992,https://fr.wikipedia.org/wiki/Vall%C3%A9e_Antrona,http://commons.wikimedia.org/wiki/Special:FilePath/LagoAntrona0001.jpg
,,Ridnauntal,gorges,wikidata,Bolzano,1,monte,56.6,35.2,0.0,8.1,8.0,5.0,0.0,0.0,8,,3,,inconnu,,,46.900000,11.330000,Q365867,https://fr.wikipedia.org/wiki/Val_Ridanna,http://commons.wikimedia.org/wiki/Special:FilePath/Ridnaun-Ridanna.JPG
,,Val Formazza,gorges,wikidata,Verbano-Cusio-Ossola,1,monte,56.6,35.2,0.0,7.8,8.0,5.0,0.0,0.0,8,,2,,inconnu,,,46.383000,8.433000,Q1053520,https://fr.wikipedia.org/wiki/Val_Formazza,http://commons.wikimedia.org/wiki/Special:FilePath/CascataDelToceAug122024%2002.jpg
,,Gorges d'Uriezzo,gorges,wikidata,Verbano-Cusio-Ossola,1,monte,55.0,25.8,0.0,15.9,8.0,5.0,0.0,0.0,4,,2,,inconnu,,,46.254400,8.329750,Q17637767,https://fr.wikipedia.org/wiki/Gorges_d%27Uriezzo,http://commons.wikimedia.org/wiki/Special:FilePath/Orridi%20Uriezzo.JPG
,,Vallée de Comino,gorges,wikidata,Frosinone,1,monte,54.7,36.8,0.0,4.4,8.0,5.0,0.0,0.0,9,,3,,inconnu,,,41.630000,13.800000,Q4008183,https://fr.wikipedia.org/wiki/Vall%C3%A9e_de_Comino,http://commons.wikimedia.org/wiki/Special:FilePath/CominoValley.jpg
,,Cascades de Stanghe,gorges,wikidata,Bolzano,1,monte,53.8,28.7,0.0,11.9,8.0,5.0,0.0,0.0,5,,3,,inconnu,,,46.879700,11.371600,Q3661568,https://fr.wikipedia.org/wiki/Cascades_de_Stanghe,http://commons.wikimedia.org/wiki/Special:FilePath/Stanghe%2C%20cascate.JPG
,,Grotte Bleue,grottes,wikidata,Naples,1,,105.2,59.0,0.0,12.1,8.0,5.0,0.0,16.0,39,,3,,inconnu,,,40.561020,14.205419,Q605185,https://fr.wikipedia.org/wiki/Grotte_bleue_(Italie),http://commons.wikimedia.org/wiki/Special:FilePath/Grotta%20azzurra.capri.JPG
,,Grottes de Castellana,grottes,wikidata,Bari,1,,85.1,44.4,0.0,25.0,8.0,5.0,0.0,0.0,15,,3,,inconnu,,,40.875556,17.148611,Q1547653,https://fr.wikipedia.org/wiki/Grottes_de_Castellana,http://commons.wikimedia.org/wiki/Special:FilePath/Castellana%27s%20caves%20wolf.jpg
,,Grottes de Frasassi,grottes,wikidata,Ancône,1,,84.4,50.8,0.0,18.7,8.0,5.0,0.0,0.0,23,,3,,inconnu,,,43.400900,12.963200,Q1994964,https://fr.wikipedia.org/wiki/Grottes_de_Frasassi,http://commons.wikimedia.org/wiki/Special:FilePath/Grotte%20di%20Frasassi%20%2818619%29.jpg
,,Grotte de Neptune,grottes,wikidata,Sassari,1,,84.2,52.1,0.0,15.6,8.0,5.0,0.0,0.0,25,,3,,inconnu,,,40.564849,8.160140,Q1501051,https://fr.wikipedia.org/wiki/Grotte_de_Neptune_(Alghero),http://commons.wikimedia.org/wiki/Special:FilePath/Grotta%20di%20nettuno%20sardinien.jpg
,,Oreille de Denys,grottes,wikidata,Syracuse,1,,80.3,48.7,0.0,12.2,8.0,5.0,0.0,0.0,20,,3,,inconnu,,,37.076236,15.276250,Q282839,https://fr.wikipedia.org/wiki/Oreille_de_Denys,http://commons.wikimedia.org/wiki/Special:FilePath/Ear%20of%20Dionysus%20%28356526952%29.jpg
,,Grottes de Toirano,grottes,wikidata,Savone,1,,73.1,36.8,0.0,22.2,8.0,5.0,0.0,0.0,9,,3,,inconnu,,,44.137801,8.202012,Q1332930,https://fr.wikipedia.org/wiki/Grottes_de_Toirano,http://commons.wikimedia.org/wiki/Special:FilePath/Grotte%20di%20Toirano%20%2844%29.JPG
,,Arene Candide,grottes,wikidata,Savone,1,,71.5,38.4,0.0,19.3,8.0,5.0,0.0,0.0,10,,3,,inconnu,,,44.162326,8.328271,Q642002,https://fr.wikipedia.org/wiki/Arene_Candide,http://commons.wikimedia.org/wiki/Special:FilePath/Caverna%20delle%20Arene%20Candide%20-%20Finale%20Ligure.jpg
,,Grotta Gigante,grottes,wikidata,Trieste,1,,67.6,44.4,0.0,9.4,8.0,5.0,0.0,0.0,15,,3,,inconnu,,,45.709217,13.763831,Q1547628,https://fr.wikipedia.org/wiki/Grotta_Gigante,http://commons.wikimedia.org/wiki/Special:FilePath/Stalagmite-Grotta-Gigante.JPG
,,Cascades du Varone,grottes,wikidata,Trente,1,,65.2,39.8,0.0,11.9,8.0,5.0,0.0,0.0,11,,3,,inconnu,,,45.911417,10.834331,Q3661554,https://fr.wikipedia.org/wiki/Cascades_du_Varone,http://commons.wikimedia.org/wiki/Special:FilePath/GrottaCascataVarone.jpg
,,Grottes du Bue Marino,grottes,wikidata,Nuoro,1,,64.6,35.2,0.0,15.6,8.0,5.0,0.0,0.0,8,,3,,inconnu,,,40.246740,9.622779,Q1225474,https://fr.wikipedia.org/wiki/Grottes_du_Bue_Marino,http://commons.wikimedia.org/wiki/Special:FilePath/Tourist%20in%20Grotta%20del%20Bue%20Marino.jpg
,,Île d'Elbe,iles,wikidata,Livourne,1,,136.3,73.7,0.0,28.8,8.0,5.0,0.0,0.0,99,,4,,inconnu,,,42.780000,10.275000,Q45328,https://fr.wikipedia.org/wiki/%C3%8Ele_d%27Elbe,http://commons.wikimedia.org/wiki/Special:FilePath/Aerial%20view%20of%20Elba%202.jpg
,,Stromboli,iles,wikidata,Messine,1,,128.6,71.1,0.0,25.8,8.0,5.0,0.0,0.0,84,,5,,inconnu,,,38.804000,15.223300,Q131148,https://fr.wikipedia.org/wiki/Stromboli,http://commons.wikimedia.org/wiki/Special:FilePath/Aerial%20image%20of%20Stromboli%20%28view%20from%20the%20northeast%29.jpg
,,Capri,iles,wikidata,Naples,1,,122.4,72.3,0.0,22.1,8.0,5.0,0.0,0.0,91,,3,,inconnu,,,40.550000,14.233333,Q173292,https://fr.wikipedia.org/wiki/Capri,http://commons.wikimedia.org/wiki/Special:FilePath/Capri%20-%20veduta%201.JPG
,,Lampedusa,iles,wikidata,Agrigento,1,,119.4,69.5,0.0,24.9,8.0,5.0,0.0,0.0,76,,4,,inconnu,,,35.515000,12.580000,Q107338,https://fr.wikipedia.org/wiki/Lampedusa,http://commons.wikimedia.org/wiki/Special:FilePath/Lampedusa%20Nordk%C3%BCste.jpg
,,Ischia,iles,wikidata,Naples,1,,117.3,68.0,0.0,24.1,8.0,5.0,0.0,0.0,69,,3,,inconnu,,,40.731111,13.895556,Q189387,https://fr.wikipedia.org/wiki/%C3%8Ele_d%27Ischia,http://commons.wikimedia.org/wiki/Special:FilePath/Ischia%20da%20procida.jpg
,,Murano,iles,wikidata,Venise,1,,108.1,63.5,0.0,22.3,8.0,5.0,0.0,0.0,52,,4,,inconnu,,,45.457500,12.353611,Q52437,https://fr.wikipedia.org/wiki/Murano,http://commons.wikimedia.org/wiki/Special:FilePath/Aerial%20photographs%20of%20Venice%202013%2C%20Anton%20Nossik%2C%20009.jpg
,,Vulcano,iles,wikidata,Messine,1,,107.7,65.5,0.0,19.9,8.0,5.0,0.0,0.0,59,,5,,inconnu,,,38.404200,14.965800,Q207323,https://fr.wikipedia.org/wiki/Vulcano,http://commons.wikimedia.org/wiki/Special:FilePath/Aerial%20image%20of%20Vulcano%20%28view%20from%20the%20east%29.jpg
,,Burano,iles,wikidata,Venise,1,,103.2,61.9,0.0,18.2,8.0,5.0,0.0,0.0,47,,4,,inconnu,,,45.485556,12.417500,Q52439,https://fr.wikipedia.org/wiki/Burano,http://commons.wikimedia.org/wiki/Special:FilePath/Burano%20Vendig%20Aug%202021%204.jpg
,,Torcello,iles,wikidata,Venise,1,,102.8,60.5,0.0,24.2,8.0,5.0,0.0,0.0,43,,4,,inconnu,,,45.498333,12.418333,Q52441,https://fr.wikipedia.org/wiki/Torcello,http://commons.wikimedia.org/wiki/Special:FilePath/Venezia%20-%20Torcello%2001.JPG
,,Linosa,iles,wikidata,Agrigento,1,,99.8,62.6,0.0,20.3,8.0,5.0,0.0,0.0,49,,4,,inconnu,,,35.859180,12.862720,Q497321,https://fr.wikipedia.org/wiki/Linosa,http://commons.wikimedia.org/wiki/Special:FilePath/Linosa.jpg
,,Île d'Ortygie,iles,wikidata,Syracuse,1,monte,90.6,55.5,0.0,14.9,8.0,5.0,0.0,0.0,31,,4,,inconnu,,,37.061000,15.294500,Q1233234,https://fr.wikipedia.org/wiki/%C3%8Ele_d%27Ortygie,http://commons.wikimedia.org/wiki/Special:FilePath/Siracuse%20OrtigiaSeafront%20010%202007.jpg
,,Villa d'Este,jardins,wikidata,Rome,1,,166.4,61.9,40.0,19.7,8.0,5.0,0.0,19.5,47,unesco,4,,inconnu,,,41.962500,12.796111,Q746063,https://fr.wikipedia.org/wiki/Villa_d%27Este,http://commons.wikimedia.org/wiki/Special:FilePath/Villa%20d%27Este%2001.jpg
,,Jardin botanique de Padoue,jardins,wikidata,Padoue,1,,133.7,59.4,40.0,18.9,8.0,5.0,0.0,0.0,40,unesco,4,,inconnu,,,45.399530,11.880682,Q598892,https://fr.wikipedia.org/wiki/Jardin_botanique_de_Padoue,http://commons.wikimedia.org/wiki/Special:FilePath/Orto%20botanico%20padova.JPG
,,Villa Borghèse,jardins,wikidata,Rome,1,,98.2,57.3,0.0,13.4,8.0,5.0,0.0,0.0,35,,3,,inconnu,,,41.913647,12.485104,Q678313,https://fr.wikipedia.org/wiki/Villa_Borgh%C3%A8se,http://commons.wikimedia.org/wiki/Special:FilePath/Villa%20Borghese%20-%20entrata%202669.JPG
,,Jardins du Vatican,jardins,wikidata,Rome,1,,88.4,55.9,0.0,17.5,8.0,5.0,0.0,0.0,32,,2,,inconnu,,,41.903056,12.450556,Q42003,https://fr.wikipedia.org/wiki/Jardins_du_Vatican,http://commons.wikimedia.org/wiki/Special:FilePath/Vatikanische%20Gaerten%20Museen%20Rom.jpg
,,Jardin botanique Hanbury,jardins,wikidata,Imperia,1,,84.2,39.8,0.0,19.9,8.0,5.0,0.0,7.8,11,,3,,inconnu,,,43.782967,7.554484,Q894646,https://fr.wikipedia.org/wiki/Jardin_botanique_Hanbury,http://commons.wikimedia.org/wiki/Special:FilePath/Fale%20-%20Giardini%20Botanici%20Hanbury%20in%20Ventimiglia%20-%20656.jpg
,,Jardin botanique de Palerme,jardins,wikidata,Palerme,1,,79.9,38.4,0.0,26.1,8.0,5.0,0.0,0.0,10,,3,,inconnu,,,38.112500,13.372500,Q894656,https://fr.wikipedia.org/wiki/Jardin_botanique_de_Palerme,http://commons.wikimedia.org/wiki/Special:FilePath/Orto%20botanico%20palermo.jpg
,,Parco Sempione,jardins,wikidata,Milan,1,,75.4,45.3,0.0,15.1,8.0,5.0,0.0,0.0,16,,4,,inconnu,,,45.473333,9.175278,Q133963,https://fr.wikipedia.org/wiki/Parco_Sempione,http://commons.wikimedia.org/wiki/Special:FilePath/Parco%20Sempione%20Milano.jpg
,,Parc du Valentino,jardins,wikidata,Turin,1,,69.6,44.4,0.0,11.1,8.0,5.0,0.0,0.0,15,,3,,inconnu,,,45.054000,7.686000,Q1061804,https://fr.wikipedia.org/wiki/Parc_du_Valentino,http://commons.wikimedia.org/wiki/Special:FilePath/Torino%2C%20parco%20del%20Valentino%20%2802%29.jpg
,,Jardin botanique de Naples,jardins,wikidata,Naples,1,,67.2,35.2,0.0,18.6,8.0,5.0,0.0,0.0,8,,3,,inconnu,,,40.861359,14.262462,Q848422,https://fr.wikipedia.org/wiki/Jardin_botanique_de_Naples,http://commons.wikimedia.org/wiki/Special:FilePath/Napoli%20-%20Real%20orto%20botanico.jpg
,,Jardin de Ninfa,jardins,wikidata,Latina,1,,66.6,41.0,0.0,11.3,8.0,5.0,0.0,0.0,12,,2,,inconnu,,,41.578200,12.950300,Q1071076,https://fr.wikipedia.org/wiki/Jardin_de_Ninfa,http://commons.wikimedia.org/wiki/Special:FilePath/Castello%20di%20ninfa%20e%20giardino.jpg
,,Lac de Côme,lacs,wikidata,Côme,1,,138.4,71.5,0.0,33.5,8.0,5.0,0.0,0.0,86,,4,,inconnu,,,46.000000,9.266667,Q15523,https://fr.wikipedia.org/wiki/Lac_de_C%C3%B4me,http://commons.wikimedia.org/wiki/Special:FilePath/Panoramic%20view%20of%20Como%20Lake%20%28Lago%20di%20Como%29%2C%20seen%20from%20the%20mountain%20Monte%20Grona%20-%20Plesio%20%28Como%29%202015-10-25.JPG
,,Lac de Garde,lacs,wikidata,Vérone,1,,129.3,71.6,0.0,24.9,8.0,5.0,0.0,0.0,87,,3,,inconnu,,,45.633333,10.666667,Q6414,https://fr.wikipedia.org/wiki/Lac_de_Garde,http://commons.wikimedia.org/wiki/Special:FilePath/Punta%20San%20Vigilio.jpg
,,Lac Majeur,lacs,wikidata,Verbano-Cusio-Ossola,1,,123.8,70.5,0.0,21.5,8.0,5.0,0.0,0.0,81,,3,,inconnu,,,46.098056,8.714722,Q14379,https://fr.wikipedia.org/wiki/Lac_Majeur,http://commons.wikimedia.org/wiki/Special:FilePath/Lago%20Maggiore%20Traghetto.JPG
,,Lac de Lugano,lacs,wikidata,Côme,1,,106.3,66.8,0.0,18.6,8.0,5.0,0.0,0.0,64,,4,,inconnu,,,46.000000,9.000000,Q14418,https://fr.wikipedia.org/wiki/Lac_de_Lugano,http://commons.wikimedia.org/wiki/Special:FilePath/Lake%20Lugano%20Panorama.jpg
,,Lac d'Iseo,lacs,wikidata,Brescia,1,,104.6,63.2,0.0,18.6,8.0,5.0,0.0,0.0,51,,4,,inconnu,,,45.711667,10.071944,Q15648,https://fr.wikipedia.org/wiki/Lac_d%27Iseo,http://commons.wikimedia.org/wiki/Special:FilePath/Isola%20di%20Loreto.jpg
,,Lac d'Orta,lacs,wikidata,Novara,1,,102.4,59.4,0.0,20.5,8.0,5.0,0.0,0.0,40,,3,,inconnu,,,45.809800,8.396300,Q63141,https://fr.wikipedia.org/wiki/Lac_d%27Orta,http://commons.wikimedia.org/wiki/Special:FilePath/LagoOrtaOmegnaJune052026%2001.jpg
,,Lac de Bolsena,lacs,wikidata,Viterbo,1,,99.6,62.6,0.0,18.8,8.0,5.0,0.0,0.0,49,,3,,inconnu,,,42.600000,11.933333,Q208180,https://fr.wikipedia.org/wiki/Lac_de_Bolsena,http://commons.wikimedia.org/wiki/Special:FilePath/1lago%20da%20san%20vittore.JPG
,,Lac Trasimène,lacs,wikidata,Pérouse,1,,98.1,65.5,0.0,10.5,8.0,5.0,0.0,0.0,59,,3,,inconnu,,,43.140000,12.100000,Q188487,https://fr.wikipedia.org/wiki/Lac_Trasim%C3%A8ne,http://commons.wikimedia.org/wiki/Special:FilePath/Lago%20Trasimeno%20vito%20con%20il%20drone.jpg
,,Lac de Resia,lacs,wikidata,Bolzano,1,,91.8,51.5,0.0,20.7,8.0,5.0,0.0,0.0,24,,5,,inconnu,,,46.801000,10.531000,Q1249840,https://fr.wikipedia.org/wiki/Lac_de_Resia,http://commons.wikimedia.org/wiki/Special:FilePath/LagoResiadanord2.jpg
,,Lac de Bracciano,lacs,wikidata,Rome,1,,91.6,56.9,0.0,18.1,8.0,5.0,0.0,0.0,34,,3,,inconnu,,,42.121111,12.231944,Q896551,https://fr.wikipedia.org/wiki/Lac_de_Bracciano,http://commons.wikimedia.org/wiki/Special:FilePath/Lago%20di%20bracciano.jpg
,,Lac de Braies,lacs,wikidata,Bolzano,1,monte,89.5,48.7,0.0,21.7,8.0,5.0,0.0,0.0,20,,5,,inconnu,,,46.693611,12.085000,Q445369,https://fr.wikipedia.org/wiki/Lac_de_Braies,http://commons.wikimedia.org/wiki/Special:FilePath/Pragser%20Wildsee%20Seekofel%20von%20Bucht.jpg
,,Villa Médicis,maisons,wikidata,Rome,1,,110.0,57.3,0.0,22.8,8.0,5.0,0.0,0.0,35,,3,,inconnu,,,41.908270,12.482520,Q1362663,https://fr.wikipedia.org/wiki/Villa_M%C3%A9dicis,http://commons.wikimedia.org/wiki/Special:FilePath/Roma%20-%20Villa%20Medici%20-%202023-09-10%2018-13-14%20006.jpeg
,,Villa Farnèse,maisons,wikidata,Viterbo,1,,106.8,50.2,0.0,25.9,8.0,5.0,0.0,11.7,22,,3,,inconnu,,,42.328632,12.237010,Q597957,https://fr.wikipedia.org/wiki/Villa_Farn%C3%A8se,http://commons.wikimedia.org/wiki/Special:FilePath/Palazzo%20Farnese%20%28Caprarola%29.jpg
,,Villa Almerico Capra,maisons,wikidata,Vicence,1,theme,105.0,59.0,0.0,18.3,8.0,5.0,0.0,8.0,39,,5,,inconnu,,,45.531524,11.560268,Q505574,https://fr.wikipedia.org/wiki/Villa_Rotonda,http://commons.wikimedia.org/wiki/Special:FilePath/07-Villa-Rotonda-Palladio.jpg
,,Villa Balbianello,maisons,wikidata,Côme,1,,103.4,46.2,0.0,16.5,8.0,5.0,0.0,14.4,17,,3,,inconnu,,,45.965056,9.202473,Q1759446,https://fr.wikipedia.org/wiki/Villa_Balbianello,http://commons.wikimedia.org/wiki/Special:FilePath/Tremezzina%20-%20Villa%20del%20Balbianello%20-%202024-09-08%2016-26-39%20007.jpg
,,Musée Poldi-Pezzoli,maisons,wikidata,Milan,1,,99.7,50.8,0.0,24.2,8.0,5.0,0.0,10.0,23,,3,,inconnu,,,45.468664,9.191583,Q1190657,https://fr.wikipedia.org/wiki/Mus%C3%A9e_Poldi-Pezzoli,http://commons.wikimedia.org/wiki/Special:FilePath/Il%20palazzo%20che%20ospita%20il%20Museo%20Poldi-Pezzoli%20in%20via%20Manzoni%2C%20Milano.jpg
,,Casa di Giulietta,maisons,wikidata,Vérone,1,,93.4,35.2,0.0,15.5,8.0,5.0,0.0,18.2,8,,4,,inconnu,,,45.442000,10.998694,Q3661293,https://fr.wikipedia.org/wiki/Maison_de_Juliette,http://commons.wikimedia.org/wiki/Special:FilePath/Casa%20Giulietta.jpg
,,Palais du Te,maisons,wikidata,Mantoue,1,,92.6,52.1,0.0,21.1,8.0,5.0,0.0,0.0,25,,3,,inconnu,,,45.147554,10.786583,Q1261544,https://fr.wikipedia.org/wiki/Palais_du_Te,http://commons.wikimedia.org/wiki/Special:FilePath/Palazzo%20te%2C%20loggia%20di%20david%2003.jpg
,,Vittoriale degli italiani,maisons,wikidata,Brescia,1,,90.7,38.4,0.0,21.0,8.0,5.0,0.0,16.8,10,,3,,inconnu,,,45.622770,10.566923,Q1547160,https://fr.wikipedia.org/wiki/Vittoriale_degli_Italiani,http://commons.wikimedia.org/wiki/Special:FilePath/Vittoriale%201.jpg
,,Musée Bagatti Valsecchi,maisons,wikidata,Milan,1,,90.2,42.2,0.0,27.7,8.0,5.0,0.0,6.3,13,,3,,inconnu,,,45.469632,9.195266,Q838986,https://fr.wikipedia.org/wiki/Mus%C3%A9e_Bagatti_Valsecchi,http://commons.wikimedia.org/wiki/Special:FilePath/20161101%20Palazzo%20Bagatti%20Valsecchi%2C%20Facciata%20via%20Santo%20Spirito.jpg
,,Villa San Michele,maisons,wikidata,Naples,1,,89.5,45.3,0.0,13.6,8.0,5.0,0.0,13.0,16,,3,,inconnu,,,40.557222,14.225000,Q1041718,https://fr.wikipedia.org/wiki/Villa_San_Michele,http://commons.wikimedia.org/wiki/Special:FilePath/Villa%20San%20Michele%20Sphinx.jpg
,,Colisée,megalithes,wikidata,Rome,1,,192.1,80.0,0.0,37.4,8.0,5.0,0.0,31.9,147,,5,,inconnu,,,41.890278,12.492222,Q10285,https://fr.wikipedia.org/wiki/Colis%C3%A9e,http://commons.wikimedia.org/wiki/Special:FilePath/Colosseo%202020.jpg
,,Panthéon,megalithes,wikidata,Rome,1,,184.6,70.5,0.0,35.7,8.0,5.0,0.0,40.0,81,,5,,inconnu,,,41.898611,12.476944,Q99309,https://fr.wikipedia.org/wiki/Panth%C3%A9on_(Rome),http://commons.wikimedia.org/wiki/Special:FilePath/Pantheon%20%28Rome%29%20-%20Right%20side%20and%20front.jpg
,,Vallée des Temples,megalithes,wikidata,Agrigento,1,,177.9,58.6,40.0,32.0,8.0,5.0,0.0,22.9,38,unesco,5,,inconnu,,,37.289722,13.590000,Q636774,https://fr.wikipedia.org/wiki/Vall%C3%A9e_des_Temples,http://commons.wikimedia.org/wiki/Special:FilePath/Agrigento%20TemplesValley%200066.jpg
,,Villa d'Hadrien,megalithes,wikidata,Rome,1,,173.0,63.5,40.0,27.2,8.0,5.0,0.0,16.0,52,unesco,6,,inconnu,,,41.941944,12.775278,Q272777,https://fr.wikipedia.org/wiki/Villa_d%27Hadrien,http://commons.wikimedia.org/wiki/Special:FilePath/Villa%20adriana.jpg
,,Villa romaine du Casale,megalithes,wikidata,Enna,1,,166.4,62.3,40.0,21.7,8.0,5.0,0.0,17.9,48,unesco,5,,inconnu,,,37.364723,14.334553,Q505617,https://fr.wikipedia.org/wiki/Villa_romaine_du_Casale,http://commons.wikimedia.org/wiki/Special:FilePath/Villa%20Romana%20del%20Casale%20BW%202025-04-28%2011-11-12.jpg
,,Pompéi,megalithes,wikidata,Naples,1,,159.3,77.0,0.0,43.4,8.0,5.0,0.0,0.0,122,,5,,inconnu,,,40.750556,14.489722,Q43332,https://fr.wikipedia.org/wiki/Pomp%C3%A9i,http://commons.wikimedia.org/wiki/Special:FilePath/Pompeii%20%284873744179%29.jpg
,,Herculanum,megalithes,wikidata,Naples,1,,159.0,68.6,0.0,40.1,8.0,5.0,0.0,20.2,72,,5,,inconnu,,,40.806111,14.347500,Q178813,https://fr.wikipedia.org/wiki/Herculanum,http://commons.wikimedia.org/wiki/Special:FilePath/Antigua%20ciudad%20de%20Herculano%2C%20Italia%2C%202023-03-27%2C%20DD%20141.jpg
,,Su Nuraxi,megalithes,wikidata,Medio Campidano,1,,156.0,58.6,40.0,27.5,8.0,5.0,0.0,11.9,38,unesco,4,,inconnu,,,39.702857,8.999884,Q253241,https://fr.wikipedia.org/wiki/Su_Nuraxi,http://commons.wikimedia.org/wiki/Special:FilePath/Central%20tower%20of%20the%20Nuraghe%20at%20Saint%20Antine%20of%20Torralba.jpg
,,Sélinonte,megalithes,wikidata,Trapani,1,,133.9,60.5,0.0,33.6,8.0,5.0,0.0,16.7,43,,5,,inconnu,,,37.583611,12.824722,Q952173,https://fr.wikipedia.org/wiki/S%C3%A9linonte,http://commons.wikimedia.org/wiki/Special:FilePath/Sicily%20Selinunte%20Temple%20E%20%28Hera%29.JPG
,,Thermes de Caracalla,megalithes,wikidata,Rome,1,,130.9,60.5,0.0,26.7,8.0,5.0,0.0,16.5,43,,5,,inconnu,,,41.880264,12.492764,Q502098,https://fr.wikipedia.org/wiki/Thermes_de_Caracalla,http://commons.wikimedia.org/wiki/Special:FilePath/Baths%20of%20Caracalla%2C%20facing%20Caldarium.jpg
,,Paestum,megalithes,wikidata,Salerne,1,,116.3,65.0,0.0,25.6,8.0,5.0,0.0,0.0,57,,4,,inconnu,,,40.422631,15.005569,Q329967,https://fr.wikipedia.org/wiki/Paestum,http://commons.wikimedia.org/wiki/Special:FilePath/Aerial%20image%20of%20Paestum%20%28view%20from%20the%20south%29.jpg
,,Tour de Pise,monuments,wikidata,Pise,1,,166.1,76.5,0.0,22.2,8.0,5.0,0.0,28.9,118,,3,,inconnu,,,43.723010,10.396624,Q39054,https://fr.wikipedia.org/wiki/Tour_de_Pise,http://commons.wikimedia.org/wiki/Special:FilePath/Campanile%20D%C3%B4me%20-%20Pise%20%28IT52%29%20-%202022-08-31%20-%2020.jpg
,,Monument à Victor-Emmanuel II,monuments,wikidata,Rome,1,,136.2,60.5,0.0,15.1,8.0,5.0,0.0,28.7,43,,3,,inconnu,,,41.894722,12.483056,Q506234,https://fr.wikipedia.org/wiki/Monument_%C3%A0_Victor-Emmanuel_II,http://commons.wikimedia.org/wiki/Special:FilePath/Altare%20della%20Patria%20%28Roma%29.jpg
,,Colonne Trajane,monuments,wikidata,Rome,1,,121.4,64.7,0.0,28.4,8.0,5.0,0.0,0.0,56,,3,,inconnu,,,41.895833,12.484167,Q192784,https://fr.wikipedia.org/wiki/Colonne_Trajane,http://commons.wikimedia.org/wiki/Special:FilePath/Trajan%20column%20%28Rome%29%20September%202015-2.jpg
,,Palais du Vatican,monuments,wikidata,Rome,1,,120.6,65.5,0.0,31.0,8.0,5.0,0.0,0.0,59,,3,,inconnu,,,41.903611,12.456389,Q145093,https://fr.wikipedia.org/wiki/Palais_du_Vatican,http://commons.wikimedia.org/wiki/Special:FilePath/2018-03-18%20Apostolischer%20Palast.jpg
,,Palais Farnèse,monuments,wikidata,Rome,1,,118.7,58.6,0.0,35.1,8.0,5.0,0.0,0.0,38,,3,,inconnu,,,41.894694,12.470806,Q848386,https://fr.wikipedia.org/wiki/Palais_Farn%C3%A8se,http://commons.wikimedia.org/wiki/Special:FilePath/Palais%20Farnese.jpg
,,La Scala,monuments,wikidata,Milan,1,,116.8,69.1,0.0,22.0,8.0,5.0,0.0,0.0,74,,3,,inconnu,,,45.467500,9.189167,Q5471,https://fr.wikipedia.org/wiki/La_Scala,http://commons.wikimedia.org/wiki/Special:FilePath/20110725%20Milano%20La%20Scala%205507.jpg
,,Campo Santo,monuments,wikidata,Pise,1,,115.7,48.7,0.0,29.8,8.0,5.0,0.0,18.8,20,,3,,inconnu,,,43.724000,10.394950,Q1031614,https://fr.wikipedia.org/wiki/Camposanto_monumentale,http://commons.wikimedia.org/wiki/Special:FilePath/Pisa%20-%20Camposanto%20monumentale%2001.JPG
,,Baptistère de Pise,monuments,wikidata,Pise,1,,115.5,49.5,0.0,25.9,8.0,5.0,0.0,21.1,21,,3,,inconnu,,,43.723270,10.394200,Q1278477,https://fr.wikipedia.org/wiki/Baptist%C3%A8re_Saint-Jean_de_Pise,http://commons.wikimedia.org/wiki/Special:FilePath/The%20Baptistery%20in%20Pisa%20Italy.jpg
,,Arc de Constantin,monuments,wikidata,Rome,1,,115.4,62.6,0.0,28.0,8.0,5.0,0.0,0.0,49,,3,,inconnu,,,41.889828,12.490605,Q5786,https://fr.wikipedia.org/wiki/Arc_de_Constantin,http://commons.wikimedia.org/wiki/Special:FilePath/Arch%20of%20Constantine%20%28Rome%29%20-%20South%20side%2C%20from%20Via%20triumphalis.jpg
,,Palais du Quirinal,monuments,wikidata,Rome,1,,114.9,63.8,0.0,24.9,8.0,5.0,0.0,0.0,53,,3,,inconnu,,,41.900000,12.487500,Q223079,https://fr.wikipedia.org/wiki/Palais_du_Quirinal,http://commons.wikimedia.org/wiki/Special:FilePath/Quirinale%20palazzo%20e%20obelisco%20con%20dioscuri%20Roma.jpg
,,Palais Pitti,musees,wikidata,Florence,1,,141.9,65.5,0.0,29.0,8.0,5.0,0.0,21.0,59,,3,,inconnu,,,43.765153,11.250008,Q29286,https://fr.wikipedia.org/wiki/Palais_Pitti,http://commons.wikimedia.org/wiki/Special:FilePath/Palazzo%20Pitti%20nel%20tardo%20pomeriggio.jpg
,,Musées du Capitole,musees,wikidata,Rome,1,,141.8,61.6,0.0,37.8,8.0,5.0,0.0,19.8,46,,3,,inconnu,,,41.893056,12.482778,Q333906,https://fr.wikipedia.org/wiki/Mus%C3%A9es_du_Capitole,http://commons.wikimedia.org/wiki/Special:FilePath/Palazzo%20dei%20Conservatori%20in%20Rome%20%282%29.jpg
,,Arènes de Vérone,musees,wikidata,Vérone,1,,140.1,60.5,0.0,32.4,8.0,5.0,0.0,22.1,43,,3,,inconnu,,,45.438889,10.994444,Q641556,https://fr.wikipedia.org/wiki/Ar%C3%A8nes_de_V%C3%A9rone,http://commons.wikimedia.org/wiki/Special:FilePath/Arena-XE3F2406a.jpg
,,Galerie des Offices,musees,wikidata,Florence,1,,139.9,68.9,0.0,29.9,8.0,5.0,0.0,22.9,73,,3,,inconnu,,,43.768333,11.255278,Q51252,https://fr.wikipedia.org/wiki/Palais_des_Offices,http://commons.wikimedia.org/wiki/Special:FilePath/Florence%2C%20Italy%20-%20panoramio%20%28125%29.jpg
,,Palais de Caserte,musees,wikidata,Caserta,1,,139.4,64.1,0.0,26.6,8.0,5.0,0.0,23.2,54,,3,,inconnu,,,41.073167,14.327111,Q327983,https://fr.wikipedia.org/wiki/Palais_de_Caserte,http://commons.wikimedia.org/wiki/Special:FilePath/Aerial%20image%20of%20the%20Palace%20of%20Caserta%20%28view%20from%20the%20south%29.jpg
,,Palais des Doges,musees,wikidata,Venise,1,,138.1,65.8,0.0,24.7,8.0,5.0,0.0,19.0,60,,3,,inconnu,,,45.433667,12.340417,Q189883,https://fr.wikipedia.org/wiki/Palais_des_Doges,http://commons.wikimedia.org/wiki/Special:FilePath/%28Venice%29%20Doge%27s%20Palace%20facing%20the%20sea.jpg
,,Galerie Borghèse,musees,wikidata,Rome,1,,133.1,61.6,0.0,26.2,8.0,5.0,0.0,20.1,46,,3,,inconnu,,,41.914210,12.492144,Q841506,https://fr.wikipedia.org/wiki/Galerie_Borgh%C3%A8se,http://commons.wikimedia.org/wiki/Special:FilePath/Roma%20Museo%20Borghese.jpg
,,Musée archéologique national de Paestum,musees,wikidata,Salerne,1,,132.9,35.2,40.0,23.7,8.0,5.0,0.0,19.1,8,unesco,4,,inconnu,oui,,40.423390,15.006858,Q3329487,https://fr.wikipedia.org/wiki/Mus%C3%A9e_arch%C3%A9ologique_national_de_Paestum,http://commons.wikimedia.org/wiki/Special:FilePath/Museo%20archeologico%20Paestum.jpg
,,Galleria dell'Accademia de Florence,musees,wikidata,Florence,1,,132.3,54.9,0.0,30.7,8.0,5.0,0.0,25.8,30,,3,,inconnu,,,43.776944,11.258889,Q10855544,https://fr.wikipedia.org/wiki/Galleria_dell%27Accademia_de_Florence,http://commons.wikimedia.org/wiki/Special:FilePath/Galleria%20dell%27accademia%2C%20firenze.JPG
,,Chapelle des Scrovegni,musees,wikidata,Padoue,1,,129.5,58.6,0.0,29.3,8.0,5.0,0.0,17.9,38,,3,,inconnu,,,45.411818,11.879536,Q963954,https://fr.wikipedia.org/wiki/Chapelle_des_Scrovegni,http://commons.wikimedia.org/wiki/Special:FilePath/La%20Cappella%20degli%20Scrovegni.JPG
,,Musée archéologique national de Naples,musees,wikidata,Naples,1,,128.9,59.0,0.0,26.7,8.0,5.0,0.0,21.1,39,,3,,inconnu,,,40.853611,14.250556,Q637248,https://fr.wikipedia.org/wiki/Mus%C3%A9e_arch%C3%A9ologique_national_de_Naples,http://commons.wikimedia.org/wiki/Special:FilePath/Museo%20Archeologico%20Nazionale%20di%20Napoli%20-%20panoramio%20%281%29.jpg
,,Musée Égyptologique de Turin,musees,wikidata,Turin,1,,126.1,58.6,0.0,23.0,8.0,5.0,0.0,22.5,38,,3,,inconnu,,,45.068333,7.684444,Q19877,https://fr.wikipedia.org/wiki/Mus%C3%A9e_%C3%A9gyptologique_de_Turin,http://commons.wikimedia.org/wiki/Special:FilePath/Museo%20Egizio%20e%20Galleria%20sabauda%2C%20Torino.jpg
,,Musée de Capodimonte,musees,wikidata,Naples,1,,124.7,57.3,0.0,31.1,8.0,5.0,0.0,16.3,35,,3,,inconnu,,,40.866990,14.250346,Q290549,https://fr.wikipedia.org/wiki/Mus%C3%A9e_de_Capodimonte,http://commons.wikimedia.org/wiki/Special:FilePath/Reggia%20di%20Capodimonte%201.JPG
,,Phare de Punta Carena,phares,wikidata,Naples,1,,65.2,38.4,0.0,13.7,8.0,5.0,0.0,0.0,10,,3,,inconnu,,,40.536111,14.198889,Q372769,https://fr.wikipedia.org/wiki/Phare_de_Punta_Carena,http://commons.wikimedia.org/wiki/Special:FilePath/2016%20Capri%2007.jpg
,,Phare de la Victoire,phares,wikidata,Trieste,1,,62.7,35.2,0.0,14.2,8.0,5.0,0.0,0.0,8,,3,,inconnu,,,45.675566,13.757047,Q752327,https://fr.wikipedia.org/wiki/Phare_de_la_Victoire,http://commons.wikimedia.org/wiki/Special:FilePath/Faro%20della%20Vittoria.jpg
,,Phare de San Venerio,phares,wikidata,La Spezia,1,,57.0,31.1,0.0,12.8,8.0,5.0,0.0,0.0,6,,3,,inconnu,,,44.026667,9.849444,Q431403,https://fr.wikipedia.org/wiki/Phare_de_San_Venerio,http://commons.wikimedia.org/wiki/Special:FilePath/Faro%20dell%27isola%20del%20Tino-Flickr.jpg
,,Phare de Santa Maria di Leuca,phares,wikidata,Lecce,1,,54.5,28.7,0.0,11.9,8.0,5.0,0.0,0.0,5,,3,,inconnu,,,39.795917,18.368528,Q28375947,https://fr.wikipedia.org/wiki/Phare_de_Santa_Maria_di_Leuca,http://commons.wikimedia.org/wiki/Special:FilePath/Faro%20di%20Santa%20Maria%20di%20Leuca%202.JPG
,,Phare de Portoferraio,phares,wikidata,Livourne,1,,54.4,28.7,0.0,12.5,8.0,5.0,0.0,0.0,5,,2,,inconnu,,,42.816348,10.334060,Q16555281,https://fr.wikipedia.org/wiki/Phare_de_Portoferraio,http://commons.wikimedia.org/wiki/Special:FilePath/Portoferraio%20Lighthouse%2001.jpg
,,Phare du Janicule,phares,wikidata,Rome,1,,54.3,28.7,0.0,12.1,8.0,5.0,0.0,0.0,5,,3,,inconnu,,,41.893805,12.460813,Q28375369,https://fr.wikipedia.org/wiki/Phare_du_Janicule,http://commons.wikimedia.org/wiki/Special:FilePath/Roma%202011%2008%2015%20Faro%20di%20Roma.jpg
,,Phare de Bari,phares,wikidata,Bari,1,,53.7,28.7,0.0,11.8,8.0,5.0,0.0,0.0,5,,2,,inconnu,,,41.139106,16.845119,Q3378175,https://fr.wikipedia.org/wiki/Phare_de_Bari,http://commons.wikimedia.org/wiki/Special:FilePath/Bari%20Light%202009.jpg
,,Phare de Capo Testa,phares,wikidata,Olbia-Tempio,1,,53.6,28.7,0.0,11.6,8.0,5.0,0.0,0.0,5,,3,,inconnu,,,41.243611,9.144167,Q3739765,https://fr.wikipedia.org/wiki/Phare_de_Capo_Testa,http://commons.wikimedia.org/wiki/Special:FilePath/Santa%20Teresa%20di%20Gallura%20Capo%20Testa%20Lighthouse.jpg
,,Phare de Punta Penna,phares,wikidata,Chieti,1,,50.6,31.1,0.0,6.4,8.0,5.0,0.0,0.0,6,,3,,inconnu,,,42.171086,14.714578,Q973243,https://fr.wikipedia.org/wiki/Phare_de_Punta_Penna,http://commons.wikimedia.org/wiki/Special:FilePath/Faro%20Punta%20Penna%20Vasto.jpg
,,Piazza dei Miracoli,piazzas,wikidata,Pise,1,,163.0,62.9,40.0,18.2,8.0,5.0,0.0,23.9,50,unesco,4,,inconnu,,,43.723428,10.394778,Q750245,https://fr.wikipedia.org/wiki/Piazza_dei_Miracoli,http://commons.wikimedia.org/wiki/Special:FilePath/Italy%20-%20Pisa%20-%20Leaning%20Tower%20of%20Pisa.jpg
,,Place Saint-Pierre,piazzas,wikidata,Rome,1,,116.9,67.3,0.0,25.0,8.0,5.0,0.0,0.0,66,,3,,inconnu,,,41.902183,12.457239,Q83425,https://fr.wikipedia.org/wiki/Place_Saint-Pierre,http://commons.wikimedia.org/wiki/Special:FilePath/St%20Peter%27s%20Square%2C%20Vatican%20City%20-%20April%202007.jpg
,,Place Saint-Marc,piazzas,wikidata,Venise,1,,109.9,64.1,0.0,21.2,8.0,5.0,0.0,0.0,54,,4,,inconnu,,,45.434000,12.338000,Q217527,https://fr.wikipedia.org/wiki/Place_Saint-Marc_(Venise),http://commons.wikimedia.org/wiki/Special:FilePath/Piazza%20San%20Marco%20%28Venice%29%20at%20night-msu-2021-6449-.jpg
,,Piazza Navona,piazzas,wikidata,Rome,1,,106.6,61.9,0.0,17.6,8.0,5.0,0.0,0.0,47,,3,,inconnu,,,41.898710,12.473160,Q463400,https://fr.wikipedia.org/wiki/Piazza_Navona,http://commons.wikimedia.org/wiki/Special:FilePath/PiazzaNavonaPanoramicaVerticale.jpg
,,Piazza del Popolo,piazzas,wikidata,Rome,1,,102.9,59.0,0.0,21.3,8.0,5.0,0.0,0.0,39,,3,,inconnu,,,41.910714,12.476317,Q824997,https://fr.wikipedia.org/wiki/Piazza_del_Popolo_(Rome),http://commons.wikimedia.org/wiki/Special:FilePath/PIAZZA%20DEL%20POPOLO%20VISTA%20AEREA.jpg
,,Place du Capitole,piazzas,wikidata,Rome,1,,102.4,50.2,0.0,29.8,8.0,5.0,0.0,0.0,22,,2,,inconnu,,,41.893336,12.482924,Q34921,https://fr.wikipedia.org/wiki/Place_du_Capitole_(Rome),http://commons.wikimedia.org/wiki/Special:FilePath/Piazza%20del%20Campidoglio%202015.jpg
,,Ghetto de Venise,piazzas,wikidata,Venise,1,,101.3,53.3,0.0,25.7,8.0,5.0,0.0,0.0,27,,4,,inconnu,,,45.445278,12.326389,Q649030,https://fr.wikipedia.org/wiki/Ghetto_de_Venise,http://commons.wikimedia.org/wiki/Special:FilePath/Venetian%20Ghetto%20from%20above.jpg
,,Piazza di Spagna,piazzas,wikidata,Rome,1,,99.5,59.4,0.0,17.8,8.0,5.0,0.0,0.0,40,,1,,inconnu,,,41.905950,12.482058,Q15124814,https://fr.wikipedia.org/wiki/Piazza_di_Spagna,http://commons.wikimedia.org/wiki/Special:FilePath/Scalinata%20della%20Trinit%C3%A0%20dei%20Monti.jpg
,,Piazza Venezia,piazzas,wikidata,Rome,1,,96.6,58.6,0.0,17.0,8.0,5.0,0.0,0.0,38,,1,,inconnu,,,41.896390,12.482500,Q874832,https://fr.wikipedia.org/wiki/Piazza_Venezia,http://commons.wikimedia.org/wiki/Special:FilePath/Piazza%20Venezia%20a%20Roma.jpg
,,Largo di Torre Argentina,piazzas,wikidata,Rome,1,,96.0,49.5,0.0,26.6,8.0,5.0,0.0,0.0,21,,1,,inconnu,,,41.895280,12.476940,Q1541068,https://fr.wikipedia.org/wiki/Largo_di_Torre_Argentina,http://commons.wikimedia.org/wiki/Special:FilePath/Largo%20di%20Torre%20Argentina%204.jpg
,,Prato della Valle,piazzas,wikidata,Padoue,1,,92.5,47.1,0.0,29.2,8.0,5.0,0.0,0.0,18,,4,,inconnu,,,45.398333,11.875839,Q2636862,https://fr.wikipedia.org/wiki/Prato_della_Valle,http://commons.wikimedia.org/wiki/Special:FilePath/Prato%20della%20Valle-Pianta%20Statue.jpg
,,Gargano,plages,wikidata,Foggia,1,,100.3,59.0,0.0,20.8,8.0,5.0,0.0,0.0,39,,3,,inconnu,,,41.733000,15.750000,Q763332,https://fr.wikipedia.org/wiki/Gargano,http://commons.wikimedia.org/wiki/Special:FilePath/Gargano%20da%20ISS.jpg
,,Péninsule de Sorrente,plages,wikidata,Naples,1,,81.8,58.2,0.0,7.9,8.0,5.0,0.0,0.0,37,,3,,inconnu,,,40.630556,14.416667,Q59116,https://fr.wikipedia.org/wiki/P%C3%A9ninsule_de_Sorrente,http://commons.wikimedia.org/wiki/Special:FilePath/CostieraSorrentina2.jpg
,,Scala dei Turchi,plages,wikidata,Agrigento,1,,76.4,44.4,0.0,11.1,8.0,5.0,0.0,0.0,15,,3,,inconnu,,,37.289930,13.472680,Q3951389,https://fr.wikipedia.org/wiki/Scala_dei_Turchi,http://commons.wikimedia.org/wiki/Special:FilePath/Scala%20dei%20Turchi%20panorama.jpg
,,Capo Vaticano,plages,wikidata,Vibo Valentia,1,,72.1,46.2,0.0,10.7,8.0,5.0,0.0,0.0,17,,3,,inconnu,,,38.621944,15.832222,Q1034760,https://fr.wikipedia.org/wiki/Capo_Vaticano,http://commons.wikimedia.org/wiki/Special:FilePath/CapoVaticano02.jpg
,,Capo Testa,plages,wikidata,Olbia-Tempio,1,,67.1,33.3,0.0,19.9,8.0,5.0,0.0,0.0,7,,5,,inconnu,,,41.238611,9.149167,Q1034748,https://fr.wikipedia.org/wiki/Capo_Testa,http://commons.wikimedia.org/wiki/Special:FilePath/Santa%20Teresa%20Gallura%20-%20Capo%20Testa%20%2804%29.JPG
,,Cap Caccia,plages,wikidata,Sassari,1,,66.0,36.8,0.0,14.4,8.0,5.0,0.0,0.0,9,,5,,inconnu,,,40.560830,8.162500,Q2256770,https://fr.wikipedia.org/wiki/Cap_Caccia,http://commons.wikimedia.org/wiki/Special:FilePath/Alghero%20-%20Capo%20Caccia%20%2807%29.JPG
,,Poetto,plages,wikidata,Cagliari,1,,65.7,36.8,0.0,14.2,8.0,5.0,0.0,0.0,9,,4,,inconnu,,,39.208306,9.177611,Q3393181,https://fr.wikipedia.org/wiki/Poetto,http://commons.wikimedia.org/wiki/Special:FilePath/Poetto%20beach.jpg
,,Promontoire de l'Argentario,plages,wikidata,Grosseto,1,,65.2,36.8,0.0,14.9,8.0,5.0,0.0,0.0,9,,3,,inconnu,,,42.398333,11.142778,Q1239373,https://fr.wikipedia.org/wiki/Promontoire_de_l%27Argentario,http://commons.wikimedia.org/wiki/Special:FilePath/Monte%20Argentario%20costa%20sud-est.jpg
,,Cala Goloritzé,plages,wikidata,Ogliastra,1,,64.0,35.2,0.0,9.8,8.0,5.0,0.0,0.0,8,,4,,inconnu,,,40.107930,9.689780,Q2933429,https://fr.wikipedia.org/wiki/Cala_Goloritz%C3%A9,http://commons.wikimedia.org/wiki/Special:FilePath/Cala%20Goloritz%C3%A9%201.JPG
,,Péninsule du Sinis,plages,wikidata,Oristano,1,,63.2,38.4,0.0,9.9,8.0,5.0,0.0,0.0,10,,4,,inconnu,,,39.919167,8.443056,Q1664412,https://fr.wikipedia.org/wiki/P%C3%A9ninsule_du_Sinis,http://commons.wikimedia.org/wiki/Special:FilePath/Penisola%20del%20Sinis.jpg
,,Ponte Vecchio,ponts,wikidata,Florence,1,,146.0,62.6,40.0,17.8,8.0,5.0,0.0,0.0,49,unesco,4,,inconnu,,,43.767989,11.253192,Q208633,https://fr.wikipedia.org/wiki/Ponte_Vecchio,http://commons.wikimedia.org/wiki/Special:FilePath/Ponte%20Vecchio%20from%20Ponte%20alle%20Grazie.jpg
,,Pont des Soupirs,ponts,wikidata,Venise,1,,107.5,63.2,0.0,18.1,8.0,5.0,0.0,0.0,51,,4,,inconnu,,,45.434056,12.340861,Q52517,https://fr.wikipedia.org/wiki/Pont_des_Soupirs,http://commons.wikimedia.org/wiki/Special:FilePath/Antonio%20Contin%20-%20Ponte%20dei%20sospiri%20%28Venice%29.jpg
,,Pont du Rialto,ponts,wikidata,Venise,1,,105.3,63.5,0.0,18.4,8.0,5.0,0.0,0.0,52,,4,,inconnu,,,45.438008,12.335639,Q52505,https://fr.wikipedia.org/wiki/Pont_du_Rialto,http://commons.wikimedia.org/wiki/Special:FilePath/Rialto%202025%204.jpg
,,Pont de la Constitution,ponts,wikidata,Venise,1,,85.1,51.5,0.0,17.7,8.0,5.0,0.0,0.0,24,,4,,inconnu,,,45.438889,12.319444,Q52501,https://fr.wikipedia.org/wiki/Pont_de_la_Constitution,http://commons.wikimedia.org/wiki/Special:FilePath/Ponte%20della%20Costituzione.JPG
,,Pont de l'Académie,ponts,wikidata,Venise,1,,83.9,53.9,0.0,14.4,8.0,5.0,0.0,0.0,28,,3,,inconnu,,,45.431660,12.328990,Q52509,https://fr.wikipedia.org/wiki/Pont_de_l%27Acad%C3%A9mie,http://commons.wikimedia.org/wiki/Special:FilePath/Ponte%20dell%27Accademia%20Venezia.jpg
,,Pont des Déchaussés,ponts,wikidata,Venise,1,,74.8,47.9,0.0,12.4,8.0,5.0,0.0,0.0,19,,3,,inconnu,,,45.441040,12.322780,Q52508,https://fr.wikipedia.org/wiki/Pont_des_D%C3%A9chauss%C3%A9s,http://commons.wikimedia.org/wiki/Special:FilePath/Ponte%20degli%20Scalzi%20%28Venice%29.jpg
,,Pont Santa Trinita,ponts,wikidata,Florence,1,,74.0,46.2,0.0,13.5,8.0,5.0,0.0,0.0,17,,3,disparu ou démoli (1944),inconnu,,,43.768889,11.250278,Q545578,https://fr.wikipedia.org/wiki/Pont_Santa_Trinita,http://commons.wikimedia.org/wiki/Special:FilePath/Ponte%20Santa%20Trinita%20seen%20from%20Ponte%20Vecchio.jpg
,,Pont Scaliger,ponts,wikidata,Vérone,1,,72.9,43.3,0.0,14.7,8.0,5.0,0.0,0.0,14,,3,,inconnu,,,45.440278,10.987222,Q1809027,https://fr.wikipedia.org/wiki/Pont_Scaliger,http://commons.wikimedia.org/wiki/Special:FilePath/Italy%20-%20Verona%20-%20Ponte%20Scaligero.jpg
,,Pont des Flèches,ponts,wikidata,Venise,1,,69.3,45.3,0.0,10.6,8.0,5.0,0.0,0.0,16,,3,,inconnu,,,45.443611,12.325556,Q1268698,https://fr.wikipedia.org/wiki/Pont_des_Fl%C3%A8ches,http://commons.wikimedia.org/wiki/Special:FilePath/Ponte%20delle%20Guglie%20%28Venice%29.jpg
,,Ponte Coperto,ponts,wikidata,Pavie,1,,69.0,36.8,0.0,18.3,8.0,5.0,0.0,0.0,9,,3,,inconnu,,,45.180656,9.153190,Q1053846,https://fr.wikipedia.org/wiki/Ponte_Coperto,http://commons.wikimedia.org/wiki/Special:FilePath/Pavia%20ponte%20coperto%20sul%20Ticino.jpg
,,Mont Titano,sommets,wikidata,Rimini,1,,91.4,63.8,0.0,12.5,8.0,5.0,0.0,0.0,53,,3,,inconnu,,,43.928333,12.452222,Q158526,https://fr.wikipedia.org/wiki/Mont_Titano,http://commons.wikimedia.org/wiki/Special:FilePath/San%20marino%2C%20veduta%20del%20monte%20titano%2002.jpg
,,Monte Pellegrino,sommets,wikidata,Palerme,1,,85.4,46.2,0.0,23.4,8.0,5.0,0.0,0.0,17,,3,,inconnu,,,38.170000,13.351389,Q731916,https://fr.wikipedia.org/wiki/Mont_Pellegrino,http://commons.wikimedia.org/wiki/Special:FilePath/Monte%20pellegrino.jpg
,,Mont Amiata,sommets,wikidata,Grosseto,1,,85.1,59.0,0.0,10.7,8.0,5.0,0.0,0.0,39,,3,,inconnu,,,42.887750,11.624369,Q470777,https://fr.wikipedia.org/wiki/Mont_Amiata,http://commons.wikimedia.org/wiki/Special:FilePath/UmbMonteAmiata.jpg
,,Monte Baldo,sommets,wikidata,Vérone,1,,85.0,49.5,0.0,19.4,8.0,5.0,0.0,0.0,21,,3,,inconnu,,,45.733000,10.833000,Q1945737,https://fr.wikipedia.org/wiki/Monte_Baldo,http://commons.wikimedia.org/wiki/Special:FilePath/Monte%20Baldo%20-%20Altissimo.jpg
,,Monte Grappa,sommets,wikidata,Vicence,1,,84.5,48.7,0.0,19.7,8.0,5.0,0.0,0.0,20,,3,,inconnu,,,45.873333,11.799167,Q701820,https://fr.wikipedia.org/wiki/Monte_Grappa,http://commons.wikimedia.org/wiki/Special:FilePath/Monte%20Grappa%202025.jpg
,,Monte Zoncolan,sommets,wikidata,Udine,1,,83.8,50.2,0.0,18.7,8.0,5.0,0.0,0.0,22,,5,,inconnu,,,46.500000,12.916667,Q1468844,https://fr.wikipedia.org/wiki/Monte_Zoncolan,http://commons.wikimedia.org/wiki/Special:FilePath/La%20salita%20sullo%20Zoncolan%20da%20Ovaro.jpg
,,Monts Sibyllins,sommets,wikidata,Ascoli Piceno,1,,81.1,50.2,0.0,15.7,8.0,5.0,0.0,0.0,22,,3,,inconnu,,,42.823889,13.275556,Q691073,https://fr.wikipedia.org/wiki/Monts_Sibyllins,http://commons.wikimedia.org/wiki/Special:FilePath/South%20Ridge%20-%20Monte%20Vettore.JPG
,,Mont Circé,sommets,wikidata,Latina,1,,79.9,46.2,0.0,17.6,8.0,5.0,0.0,0.0,17,,3,,inconnu,,,41.231090,13.055530,Q2530284,https://fr.wikipedia.org/wiki/Mont_Circ%C3%A9,http://commons.wikimedia.org/wiki/Special:FilePath/Terracina-vista01.jpg
,,Mont Cimone,sommets,wikidata,Modène,1,,79.2,50.2,0.0,14.6,8.0,5.0,0.0,0.0,22,,3,,inconnu,,,44.193889,10.701389,Q1945818,https://fr.wikipedia.org/wiki/Mont_Cimone,http://commons.wikimedia.org/wiki/Special:FilePath/Monte%20Cimone%20versante%20nord.jpg
,,Monte Generoso,sommets,wikidata,Côme,1,,77.7,51.5,0.0,11.3,8.0,5.0,0.0,0.0,24,,4,,inconnu,,,45.929444,9.019167,Q15271,https://fr.wikipedia.org/wiki/Monte_Generoso,http://commons.wikimedia.org/wiki/Special:FilePath/31MonteGeneroso.jpg
,,Vésuve,volcans,wikidata,Naples,1,,153.5,78.6,0.0,36.9,8.0,5.0,0.0,0.0,135,,3,,inconnu,,,40.822610,14.429190,Q524,https://fr.wikipedia.org/wiki/V%C3%A9suve,http://commons.wikimedia.org/wiki/Special:FilePath/Il%20cratere%20del%20Vulcano%20-%20panoramio.jpg
,,Etna,volcans,wikidata,Catane,1,,143.5,77.4,0.0,28.9,8.0,5.0,0.0,0.0,125,,3,,inconnu,,,37.750835,14.993220,Q16990,https://fr.wikipedia.org/wiki/Etna,http://commons.wikimedia.org/wiki/Special:FilePath/View%20of%20Mount%20Etna%20from%20Reggio%20Calabria%20-%20Italy%20-%2010%20Feb.%202017%20-%20%281%29.jpg
,,Champs Phlégréens,volcans,wikidata,Naples,1,,124.6,69.3,0.0,23.5,8.0,5.0,0.0,0.0,75,,3,,inconnu,,,40.827000,14.139000,Q755123,https://fr.wikipedia.org/wiki/Champs_Phl%C3%A9gr%C3%A9ens,http://commons.wikimedia.org/wiki/Special:FilePath/Pozzuoli%20NASA%20ISS004-E-5376%20added%20names.jpg
,,Monte Nuovo,volcans,wikidata,Naples,1,,72.9,47.1,0.0,11.4,8.0,5.0,0.0,0.0,18,,2,,inconnu,,,40.835066,14.087800,Q1084616,https://fr.wikipedia.org/wiki/Monte_Nuovo,http://commons.wikimedia.org/wiki/Special:FilePath/MonteNuovoTW3028.JPG
,,Vulcanello,volcans,wikidata,Messine,1,,66.3,33.3,0.0,19.9,8.0,5.0,0.0,0.0,7,,3,,inconnu,,,38.427080,14.963740,Q1321161,https://fr.wikipedia.org/wiki/Vulcanello,http://commons.wikimedia.org/wiki/Special:FilePath/Vulcano%20With%20Vulcanello.jpg
,,Volcan Albain,volcans,wikidata,Rome,1,,65.4,31.1,0.0,20.4,8.0,5.0,0.0,0.0,6,,3,,inconnu,,,41.756300,12.725400,Q4016622,https://fr.wikipedia.org/wiki/Volcan_Albain,http://commons.wikimedia.org/wiki/Special:FilePath/Colli%20Albani%20-%20Il%20Maschio%20delle%20Faete.jpg
,,Vulcano,volcans,wikidata,Messine,1,,49.0,41.0,0.0,0.0,8.0,0.0,0.0,0.0,12,,2,,inconnu,,,38.404000,14.962000,Q1648022,,http://commons.wikimedia.org/wiki/Special:FilePath/Aerial%20image%20of%20the%20La%20Fossa%20crater%20%28Vulcano%29.jpg
,,Basilique San Pietro in Ciel d'Oro,abbayes,wikidata,Pavie,2,,87.5,46.2,0.0,22.9,8.0,5.0,0.0,0.0,17,,3,,inconnu,,,45.191278,9.154944,Q2036332,https://fr.wikipedia.org/wiki/Basilique_San_Pietro_in_Ciel_d%27Oro,http://commons.wikimedia.org/wiki/Special:FilePath/0311%20-%20Pavia%20-%20S.%20Pietro%20-%20Facciata%20-%20Foto%20Giovanni%20Dall%27Orto%2C%20Oct%2017%202009.jpg
,,Basilique San Domenico,abbayes,wikidata,Bologne,2,,87.4,46.2,0.0,25.9,8.0,5.0,0.0,0.0,17,,3,,inconnu,,,44.489500,11.344500,Q862602,https://fr.wikipedia.org/wiki/Basilique_San_Domenico_de_Bologne,http://commons.wikimedia.org/wiki/Special:FilePath/Bologna%20-%20Piazza%20San%20Domenico%20%28DSCN0004-01-01%29.jpg
,,Ermitage de Santa Caterina del Sasso,abbayes,wikidata,Varese,2,,87.0,36.8,0.0,19.7,8.0,5.0,0.0,13.8,9,,3,,inconnu,,,45.877510,8.596810,Q1227391,https://fr.wikipedia.org/wiki/Ermitage_de_Santa_Caterina_del_Sasso,http://commons.wikimedia.org/wiki/Special:FilePath/Leggiuno%2C%20eremo%20di%20Santa%20Caterina%20del%20Sasso%20%2805%29.jpg
,,Abbaye de Fossanova,abbayes,wikidata,Latina,2,,86.5,44.4,0.0,17.1,8.0,5.0,0.0,9.9,15,,3,,inconnu,,,41.438080,13.195656,Q1775258,https://fr.wikipedia.org/wiki/Abbaye_de_Fossanova,http://commons.wikimedia.org/wiki/Special:FilePath/Abbazia%20di%20Fossanova%20%282008%29.jpg
,,Basilique Sainte-Justine,abbayes,wikidata,Padoue,2,,85.2,43.3,0.0,26.5,8.0,5.0,0.0,0.0,14,,3,,inconnu,,,45.396389,11.879722,Q219502,https://fr.wikipedia.org/wiki/Basilique_Sainte-Justine_de_Padoue,http://commons.wikimedia.org/wiki/Special:FilePath/Abbazia%20di%20Santa%20Giustina.jpg
,,Abbaye de Bobbio,abbayes,wikidata,Plaisance,2,,84.9,48.7,0.0,21.3,8.0,5.0,0.0,0.0,20,,3,,inconnu,,,44.766700,9.387000,Q333844,https://fr.wikipedia.org/wiki/Abbaye_de_Bobbio,http://commons.wikimedia.org/wiki/Special:FilePath/Abbazia%20di%20Bobbio.jpg
,,Abbaye de Tre Fontane,abbayes,wikidata,Rome,2,,84.6,47.1,0.0,22.4,8.0,5.0,0.0,0.0,18,,2,disparu ou démoli (1826),inconnu,,,41.834444,12.483333,Q114436,https://fr.wikipedia.org/wiki/Abbaye_Tre_Fontane,http://commons.wikimedia.org/wiki/Special:FilePath/Abbazia%20Tre%20Fontane%2020.jpg
,,Abbaye de Farfa,abbayes,wikidata,Rieti,2,,84.1,44.4,0.0,20.0,8.0,5.0,0.0,5.7,15,,2,,inconnu,,,42.221667,12.718611,Q2634480,https://fr.wikipedia.org/wiki/Abbaye_de_Farfa,http://commons.wikimedia.org/wiki/Special:FilePath/Abbazia%20di%20Farfa%20veduta.JPG
,,Ospedale della Pietà,abbayes,wikidata,Venise,2,,83.2,47.9,0.0,18.0,8.0,5.0,0.0,0.0,19,,3,,inconnu,,,45.434111,12.344611,Q1816328,https://fr.wikipedia.org/wiki/Pio_Ospedale_della_Piet%C3%A0,http://commons.wikimedia.org/wiki/Special:FilePath/Ospedale%20della%20Piet%C3%A0.jpg
,,Sacro Convento,abbayes,wikidata,Pérouse,2,,83.2,38.4,0.0,30.7,8.0,5.0,0.0,0.0,10,,3,,inconnu,,,43.074722,12.605556,Q495217,https://fr.wikipedia.org/wiki/Sacro_Convento,http://commons.wikimedia.org/wiki/Special:FilePath/Sacro%20Convento%20%28Assisi%29%20-%20Remote%20view.jpg
,,Monastère Mater Ecclesiae,abbayes,wikidata,Rome,2,,83.0,47.1,0.0,19.1,8.0,5.0,0.0,0.0,18,,2,,inconnu,,,41.903750,12.451083,Q4540172,https://fr.wikipedia.org/wiki/Monast%C3%A8re_Mater_Ecclesiae_(Vatican),http://commons.wikimedia.org/wiki/Special:FilePath/Giardini%20vaticani%2C%20monastero%20di%20mater%20ecclesiae%202.jpg
,,Abbaye de Saint-Clément de Casauria,abbayes,wikidata,Pescara,2,,81.7,35.2,0.0,27.1,8.0,5.0,0.0,5.8,8,,3,,inconnu,,,42.235203,13.930068,Q334414,https://fr.wikipedia.org/wiki/Abbaye_de_Saint-Cl%C3%A9ment_de_Casauria,http://commons.wikimedia.org/wiki/Special:FilePath/Abbazia%20di%20San%20Clemente%20a%20Casauria%20%2855%29.JPG
,,Basilique Sant'Andrea delle Fratte,abbayes,wikidata,Rome,2,,81.3,50.2,0.0,16.3,8.0,5.0,0.0,0.0,22,,2,,inconnu,,,41.903628,12.483553,Q1809794,https://fr.wikipedia.org/wiki/Basilique_Sant%27Andrea_delle_Fratte,http://commons.wikimedia.org/wiki/Special:FilePath/Facciata%20esterna%20Chiesa.jpg
,,Église de Sant'Onofrio au Janicule,abbayes,wikidata,Rome,2,,81.0,46.2,0.0,20.9,8.0,5.0,0.0,0.0,17,,1,,inconnu,,,41.897250,12.461190,Q1627320,https://fr.wikipedia.org/wiki/%C3%89glise_Sant%27Onofrio_al_Gianicolo,http://commons.wikimedia.org/wiki/Special:FilePath/Rom%2C%20die%20Kirche%20Sant%27Onofrio%20al%20Gianicolo.JPG
,,Musée national San Matteo,abbayes,wikidata,Pise,2,,80.1,41.0,0.0,22.9,8.0,5.0,0.0,2.2,12,,3,,inconnu,,,43.715202,10.407747,Q1081881,https://fr.wikipedia.org/wiki/Mus%C3%A9e_national_San_Matteo,http://commons.wikimedia.org/wiki/Special:FilePath/Claustro%20San%20Matteo%20Pisa%2008.jpg
,,Abbaye de Chiaravalle,abbayes,wikidata,Milan,2,,78.7,43.3,0.0,21.5,8.0,5.0,0.0,0.0,14,,3,,inconnu,,,45.416027,9.236915,Q860569,https://fr.wikipedia.org/wiki/Abbaye_de_Chiaravalle_de_Milan,http://commons.wikimedia.org/wiki/Special:FilePath/AbbaziaChiaravalle.jpg
,,Badia de Florence,abbayes,wikidata,Florence,2,,77.5,43.3,0.0,19.5,8.0,5.0,0.0,0.0,14,,3,disparu ou démoli (1273),inconnu,,,43.770433,11.257717,Q799026,https://fr.wikipedia.org/wiki/Badia_Fiorentina,http://commons.wikimedia.org/wiki/Special:FilePath/Badia%20Fiorentina%20from%20Palazzo%20Vecchio%20n01.jpg
,,Sanctuaire de l'Averne,abbayes,wikidata,Arezzo,2,,76.6,35.2,0.0,16.7,8.0,5.0,0.0,9.0,8,,3,,inconnu,,,43.707290,11.930770,Q14552418,https://fr.wikipedia.org/wiki/Sanctuaire_de_l%27Alverne,http://commons.wikimedia.org/wiki/Special:FilePath/Estermo%20del%20Santuario%20della%20Verna.jpg
,,Abbaye Saint-Jean-l'Évangéliste,abbayes,wikidata,Parme,2,,76.2,38.4,0.0,23.9,8.0,5.0,0.0,0.0,10,,2,,inconnu,,,44.802925,10.332190,Q3603222,https://fr.wikipedia.org/wiki/Abbaye_Saint-Jean-l%27%C3%89vang%C3%A9liste,http://commons.wikimedia.org/wiki/Special:FilePath/Sain%20Giovanni%20Evangelista.JPG
,,Chartreuse de Galluzzo,abbayes,wikidata,Florence,2,,75.2,39.8,0.0,16.7,8.0,5.0,0.0,3.5,11,,2,,inconnu,,,43.731414,11.221456,Q1056344,https://fr.wikipedia.org/wiki/Chartreuse_de_Galluzzo,http://commons.wikimedia.org/wiki/Special:FilePath/Certosa%20del%20Galluzzo%20-%20Overview%20from%20Le%20Gore.jpg
,,Basilique Sant'Eustorgio,abbayes,wikidata,Milan,2,,74.8,44.4,0.0,15.9,8.0,5.0,0.0,0.0,15,,2,,inconnu,,,45.453926,9.181407,Q672082,https://fr.wikipedia.org/wiki/Basilique_Sant%27Eustorgio,http://commons.wikimedia.org/wiki/Special:FilePath/7172MilanoSEustorgio.JPG
,,Chartreuse Saint-Ambroise de Garegnano,abbayes,wikidata,Milan,2,,74.7,41.0,0.0,20.4,8.0,5.0,0.0,0.0,12,,2,,inconnu,,,45.502305,9.129493,Q581827,https://fr.wikipedia.org/wiki/Chartreuse_Saint-Ambroise_de_Garegnano,http://commons.wikimedia.org/wiki/Special:FilePath/Milano%2C%20certosa%20di%20garegnano%2005.JPG
,,Abbaye de la Novalaise,abbayes,wikidata,Turin,2,,74.2,35.2,0.0,23.9,8.0,5.0,0.0,0.0,8,,3,,inconnu,,,45.179680,7.008450,Q2755827,https://fr.wikipedia.org/wiki/Abbaye_de_la_Novalaise,http://commons.wikimedia.org/wiki/Special:FilePath/Abbazia%20Novalesa%20003.JPG
,,Scuola Grande di San Marco,abbayes,wikidata,Venise,2,,74.2,44.4,0.0,15.1,8.0,5.0,0.0,0.0,15,,2,,inconnu,,,45.439707,12.341477,Q1273362,https://fr.wikipedia.org/wiki/Scuola_Grande_di_San_Marco,http://commons.wikimedia.org/wiki/Special:FilePath/Scuola%20Grande%20di%20San%20Marco%20Ospedale%20di%20Venezia%20facciata.jpg
,,Basilique Sainte-Claire d'Assise,abbayes,wikidata,Pérouse,2,,74.0,46.2,0.0,11.8,8.0,5.0,0.0,0.0,17,,3,,inconnu,,,43.068889,12.616944,Q810106,https://fr.wikipedia.org/wiki/Basilique_Sainte-Claire_d%27Assise,http://commons.wikimedia.org/wiki/Special:FilePath/Santa%20Chiara%20Assisi2.jpg
,,Fiumelatte,cascades,wikidata,Lecco,2,,55.4,31.1,0.0,10.9,8.0,5.0,0.0,0.0,6,,3,,inconnu,,,46.001200,9.291670,Q3746246,https://fr.wikipedia.org/wiki/Cascades_de_Fiumelatte,http://commons.wikimedia.org/wiki/Special:FilePath/Fiumelatte%20torrente.jpg
,,Cascade du loup,cascades,wikidata,Trente,2,,47.1,22.2,0.0,11.8,8.0,5.0,0.0,0.0,3,,4,,inconnu,,,46.163947,11.292542,Q24230614,https://fr.wikipedia.org/wiki/Cascade_du_loup,http://commons.wikimedia.org/wiki/Special:FilePath/Cascata%20del%20lupo%2007.jpg
,,Cascades de Lequarci,cascades,wikidata,Ogliastra,2,,45.6,25.8,0.0,6.4,8.0,5.0,0.0,0.0,4,,4,,inconnu,,,39.792500,9.452050,Q3661562,https://fr.wikipedia.org/wiki/Cascades_de_Lequarci,http://commons.wikimedia.org/wiki/Special:FilePath/Cascate%20di%20Lequarci%20Ulassai%20Sardegna%20Santa%20Barbara.jpg
,,Chutes du Cenghen,cascades,wikidata,Lecco,2,,42.8,22.2,0.0,7.5,8.0,5.0,0.0,0.0,3,,3,,inconnu,,,45.900000,9.360000,Q107265381,https://fr.wikipedia.org/wiki/Chutes_de_Cenghen,http://commons.wikimedia.org/wiki/Special:FilePath/Cascata%20Cenghen.jpg
,,Cascade de Troggia,cascades,wikidata,Lecco,2,,39.5,17.6,0.0,8.8,8.0,5.0,0.0,0.0,2,,2,,inconnu,,,45.979870,9.456261,Q56011954,https://fr.wikipedia.org/wiki/Cascade_de_Troggia,http://commons.wikimedia.org/wiki/Special:FilePath/Cascate%20Troggia%20Introbio.jpg
,,Sa Spendula,cascades,wikidata,Medio Campidano,2,,39.1,31.1,0.0,0.0,8.0,0.0,0.0,0.0,6,,4,,inconnu,,,39.467700,8.724780,Q3944154,,http://commons.wikimedia.org/wiki/Special:FilePath/Spendula1.jpg
,,Riserva naturale guidata Cascate del Verde,cascades,wikidata,Chieti,2,,33.8,25.8,0.0,0.0,8.0,0.0,0.0,0.0,4,,3,,inconnu,,,41.916094,14.314536,Q3936798,,http://commons.wikimedia.org/wiki/Special:FilePath/CascateVerde.jpg
,,Cascata del Serpente,cascades,wikidata,Gênes,2,,30.2,22.2,0.0,0.0,8.0,0.0,0.0,0.0,3,,3,,inconnu,,,44.497899,8.701815,Q23409550,,http://commons.wikimedia.org/wiki/Special:FilePath/Cascata%20del%20serpente%20masone%20close%20up.png
,,Cascate di Stroppia,cascades,wikidata,Cuneo,2,,30.2,22.2,0.0,0.0,8.0,0.0,0.0,0.0,3,,3,,inconnu,,,44.507580,6.897950,Q56692899,,http://commons.wikimedia.org/wiki/Special:FilePath/Cascate%20di%20stroppia.jpg
,,Massabari Waterfall,cascades,wikidata,Oristano,2,,30.2,22.2,0.0,0.0,8.0,0.0,0.0,0.0,3,,4,,inconnu,,,40.164497,8.598558,Q113625590,,http://commons.wikimedia.org/wiki/Special:FilePath/Cascata%20di%20Massabari%201.jpg
,,Orrido di Bellano,cascades,wikidata,Lecco,2,,30.2,22.2,0.0,0.0,8.0,0.0,0.0,0.0,3,,2,,inconnu,,,46.042490,9.305080,Q3886164,,http://commons.wikimedia.org/wiki/Special:FilePath/Orrido%20di%20Bellano3.jpg
,,Predas Rujas Waterfalls,cascades,wikidata,Oristano,2,,30.2,22.2,0.0,0.0,8.0,0.0,0.0,0.0,3,,4,,inconnu,,,40.135350,8.579140,Q114892456,,http://commons.wikimedia.org/wiki/Special:FilePath/Cascata%20di%20Predas%20Rujas%202.jpg
,,Rutor Falls,cascades,wikidata,Aoste,2,,30.2,22.2,0.0,0.0,8.0,0.0,0.0,0.0,3,,3,,inconnu,,,45.675440,6.965055,Q140523147,,http://commons.wikimedia.org/wiki/Special:FilePath/CascateDelRutorAugust152023%2004.jpg
,,S'Iscala 'e S'Atentu waterfall,cascades,wikidata,Oristano,2,,30.2,22.2,0.0,0.0,8.0,0.0,0.0,0.0,3,,3,,inconnu,,,40.141750,8.466360,Q116774401,,http://commons.wikimedia.org/wiki/Special:FilePath/Cascata%20di%20S%27Iscala%20%27e%20S%27Atentu%201.jpg
,,Sos Molinos Waterfalls,cascades,wikidata,Oristano,2,,30.2,22.2,0.0,0.0,8.0,0.0,0.0,0.0,3,,3,,inconnu,,,40.130446,8.645833,Q30260477,,http://commons.wikimedia.org/wiki/Special:FilePath/Santu%20Lussurgiu%2C%20cascata%20di%20S%27Istrampu%20de%20sos%20molinos%20%2809%29.jpg
,,Torrente Esino,cascades,wikidata,Lecco,2,,30.2,22.2,0.0,0.0,8.0,0.0,0.0,0.0,3,,2,,inconnu,,,46.014630,9.282670,Q25409611,,http://commons.wikimedia.org/wiki/Special:FilePath/Varenna%20001.jpg
,,Ampola waterfall,cascades,wikidata,Trente,2,,25.6,17.6,0.0,0.0,8.0,0.0,0.0,0.0,2,,4,,inconnu,,,45.843708,10.620862,Q113015071,,http://commons.wikimedia.org/wiki/Special:FilePath/Cascata%20d%27Ampola%2003.jpg
,,Bucamante Waterfall,cascades,wikidata,Modène,2,,25.6,17.6,0.0,0.0,8.0,0.0,0.0,0.0,2,,3,,inconnu,,,44.421430,10.829170,Q56323298,,http://commons.wikimedia.org/wiki/Special:FilePath/Cascate%20del%20Bucamante%20-%20Serramazzoni%2C%20Modena%2C%20Italia%20-%208%20Ottobre%202022.jpg
,,Cascata del Catafurco,cascades,wikidata,Messine,2,,25.6,17.6,0.0,0.0,8.0,0.0,0.0,0.0,2,,3,,inconnu,,,37.996800,14.806100,Q3661533,,http://commons.wikimedia.org/wiki/Special:FilePath/Cascata%20del%20catafurco%20galati%20mamertino.jpg
,,Cascata del Mughetto,cascades,wikidata,Trente,2,,25.6,17.6,0.0,0.0,8.0,0.0,0.0,0.0,2,,4,,inconnu,,,46.116744,11.127200,Q106540844,,http://commons.wikimedia.org/wiki/Special:FilePath/Cascata%20del%20Mughetto%2001.jpg
,,Cascata del salton,cascades,wikidata,Trente,2,,25.6,17.6,0.0,0.0,8.0,0.0,0.0,0.0,2,,3,,inconnu,,,46.063500,11.689220,Q121889310,,http://commons.wikimedia.org/wiki/Special:FilePath/Cascata%20del%20salton%2001.jpg
,,Cascata dell'Alferello,cascades,wikidata,Forlì-Cesena,2,,25.6,17.6,0.0,0.0,8.0,0.0,0.0,0.0,2,,3,,inconnu,,,43.852100,12.073340,Q109378078,,http://commons.wikimedia.org/wiki/Special:FilePath/Cascataalferello1.jpg
,,Cascata della Donnaiola,cascades,wikidata,Savone,2,,25.6,17.6,0.0,0.0,8.0,0.0,0.0,0.0,2,,2,,inconnu,,,44.275560,8.368760,Q56750046,,http://commons.wikimedia.org/wiki/Special:FilePath/Cascata%20della%20Donnaiola.jpg
,,Cascata delle Ninfe,cascades,wikidata,L'Aquila,2,,25.6,17.6,0.0,0.0,8.0,0.0,0.0,0.0,2,,3,,inconnu,,,41.759800,13.908300,Q3661538,,http://commons.wikimedia.org/wiki/Special:FilePath/Cascata%20delle%20Ninfe02.jpg
,,Cascata di Salino,cascades,wikidata,Udine,2,,25.6,17.6,0.0,0.0,8.0,0.0,0.0,0.0,2,,3,,inconnu,,,46.503620,13.109870,Q139980983,,http://commons.wikimedia.org/wiki/Special:FilePath/Cascata%20di%20Salino%20VP01.jpg
,,Cathédrale Notre-Dame-de-l'Assomption de Sienne,cathedrales,wikidata,Sienne,2,,119.2,61.3,0.0,32.5,8.0,5.0,0.0,0.0,45,,4,,inconnu,,,43.317583,11.328694,Q282554,https://fr.wikipedia.org/wiki/Cath%C3%A9drale_Santa_Maria_Assunta_de_Sienne,http://commons.wikimedia.org/wiki/Special:FilePath/Duomo%20di%20Siena-9635.jpg
,,Sanctuaire Madonna di San Luca,cathedrales,wikidata,Bologne,2,,118.6,47.9,40.0,12.7,8.0,5.0,0.0,0.0,19,unesco,4,,inconnu,,,44.479150,11.297885,Q2004104,https://fr.wikipedia.org/wiki/Sanctuaire_Madonna_di_San_Luca_(Bologne),http://commons.wikimedia.org/wiki/Special:FilePath/Bologna%20-%20Santuario%20della%20Madonna%20di%20San%20Luca.jpg
,,Basilique de Superga,cathedrales,wikidata,Turin,2,,118.3,56.9,0.0,28.2,8.0,5.0,0.0,12.0,34,,3,,inconnu,,,45.080620,7.767366,Q1145261,https://fr.wikipedia.org/wiki/Basilique_de_Superga,http://commons.wikimedia.org/wiki/Special:FilePath/Basilica%20di%20Superga%20%28Turin%29.jpg
,,Basilique Saint-Apollinaire-le-Neuf,cathedrales,wikidata,Ravenne,2,,116.9,56.4,0.0,22.1,8.0,5.0,0.0,18.7,33,,3,,inconnu,,,44.416738,12.204600,Q832278,https://fr.wikipedia.org/wiki/Basilique_Saint-Apollinaire-le-Neuf,http://commons.wikimedia.org/wiki/Special:FilePath/Basilica%20of%20Sant%27%20Apollinare%20Nuovo.%20Ravenna%2C%20Italy.jpg
,,Basilique Saint-Paul-hors-les-Murs,cathedrales,wikidata,Rome,2,,116.8,65.2,0.0,24.6,8.0,5.0,0.0,0.0,58,,3,,inconnu,,,41.858611,12.477222,Q231699,https://fr.wikipedia.org/wiki/Basilique_Saint-Paul-hors-les-Murs,http://commons.wikimedia.org/wiki/Special:FilePath/StPaul.jpg
,,Église Santa Maria del Popolo,cathedrales,wikidata,Rome,2,,112.0,57.3,0.0,36.5,8.0,5.0,0.0,0.0,35,,3,,inconnu,,,41.911448,12.476483,Q869513,https://fr.wikipedia.org/wiki/Basilique_Santa_Maria_del_Popolo,http://commons.wikimedia.org/wiki/Special:FilePath/Church%20St%20Maria%20del%20popolo%201.jpg
,,Basilique San Lorenzo,cathedrales,wikidata,Florence,2,,111.6,58.2,0.0,30.7,8.0,5.0,0.0,0.0,37,,3,,inconnu,,,43.775000,11.253889,Q573881,https://fr.wikipedia.org/wiki/Basilique_San_Lorenzo_de_Florence,http://commons.wikimedia.org/wiki/Special:FilePath/Florencia%2C%20Italia%20-%20panoramio%20%282%29.jpg
,,Abbaye de Monreale,cathedrales,wikidata,Palerme,2,,111.4,56.9,0.0,30.8,8.0,5.0,0.0,0.0,34,,3,,inconnu,,,38.081858,13.292067,Q1303856,https://fr.wikipedia.org/wiki/Cath%C3%A9drale_de_Monreale,http://commons.wikimedia.org/wiki/Special:FilePath/Monreale%20Cathedral%20009%206388.jpg
,,Basilique San Nicola de Bari,cathedrales,wikidata,Bari,2,,110.8,53.9,0.0,17.0,8.0,5.0,0.0,19.1,28,,4,,inconnu,,,41.130261,16.870281,Q550514,https://fr.wikipedia.org/wiki/Basilique_Saint-Nicolas_de_Bari,http://commons.wikimedia.org/wiki/Special:FilePath/Bari%20BW%202016-10-19%2013-35-11%20stitch.jpg
,,Basilique Santa Croce de Florence,cathedrales,wikidata,Florence,2,,110.7,61.9,0.0,22.7,8.0,5.0,0.0,0.0,47,,3,,inconnu,,,43.768450,11.262740,Q51177,https://fr.wikipedia.org/wiki/Basilique_Santa_Croce_de_Florence,http://commons.wikimedia.org/wiki/Special:FilePath/Basilica%20di%20Santa%20Croce%20%2812437%29.jpg
,,Basilique Saint-Apollinaire de Classe,cathedrales,wikidata,Ravenne,2,,109.7,54.9,0.0,22.1,8.0,5.0,0.0,15.2,30,,3,,inconnu,,,44.380117,12.232365,Q744552,https://fr.wikipedia.org/wiki/Basilique_Saint-Apollinaire_de_Classe,http://commons.wikimedia.org/wiki/Special:FilePath/Ravenna%20BW%201.JPG
,,Basilique Sainte-Marie-Glorieuse-des-Frères de Venise,cathedrales,wikidata,Venise,2,,107.7,55.9,0.0,32.6,8.0,5.0,0.0,0.0,32,,3,,inconnu,,,45.436930,12.326490,Q224961,https://fr.wikipedia.org/wiki/Basilique_Sainte-Marie-Glorieuse-des-Fr%C3%A8res_de_Venise,http://commons.wikimedia.org/wiki/Special:FilePath/Facade%20of%20Santa%20Maria%20Gloriosa%20dei%20Frari%20%28Venice%29.jpg
,,Basilique Santa Maria degli Angeli e dei Martiri,cathedrales,wikidata,Rome,2,,106.9,55.9,0.0,31.7,8.0,5.0,0.0,0.0,32,,2,,inconnu,,,41.903056,12.496944,Q569253,https://fr.wikipedia.org/wiki/Basilique_Santa_Maria_degli_Angeli_e_dei_Martiri,http://commons.wikimedia.org/wiki/Special:FilePath/Basilica%20di%20Santa%20Maria%20degli%20Angeli%20e%20dei%20Martiri%20-%2022-11-2019.jpg
,,Église Saint-Ignace-de-Loyola de Rome,cathedrales,wikidata,Rome,2,,106.6,54.4,0.0,28.6,8.0,5.0,0.0,0.0,29,,2,,inconnu,,,41.899040,12.479730,Q1465674,https://fr.wikipedia.org/wiki/%C3%89glise_Saint-Ignace-de-Loyola_(Rome),http://commons.wikimedia.org/wiki/Special:FilePath/Church%20of%20Sant%27Ignazio%20di%20Loyola.jpg
,,Basilique patriarcale d'Aquilée,cathedrales,wikidata,Udine,2,,105.9,47.1,0.0,27.7,8.0,5.0,0.0,15.1,18,,3,,inconnu,,,45.769750,13.371167,Q810128,https://fr.wikipedia.org/wiki/Basilique_patriarcale_d%27Aquil%C3%A9e,http://commons.wikimedia.org/wiki/Special:FilePath/Basilica%20Patriarcale%20%28Aquileia%29%20-%20Exterior.jpg
,,Église du Gesù,cathedrales,wikidata,Rome,2,,105.0,59.4,0.0,23.3,8.0,5.0,0.0,0.0,40,,2,,inconnu,,,41.895833,12.479722,Q719794,https://fr.wikipedia.org/wiki/%C3%89glise_du_Ges%C3%B9_de_Rome,http://commons.wikimedia.org/wiki/Special:FilePath/Jesus%20Church.jpg
,,Cathédrale Notre-Dame-de-l'Assomption de Naples,cathedrales,wikidata,Naples,2,,104.9,55.9,0.0,29.7,8.0,5.0,0.0,0.0,32,,3,,inconnu,,,40.852606,14.259528,Q256486,https://fr.wikipedia.org/wiki/Cath%C3%A9drale_Notre-Dame-de-l%27Assomption_de_Naples,http://commons.wikimedia.org/wiki/Special:FilePath/Naples%20duomo%20facade.jpg
,,Basilique Saint-Pierre-aux-Liens,cathedrales,wikidata,Rome,2,,104.5,60.2,0.0,23.8,8.0,5.0,0.0,0.0,42,,1,,inconnu,,,41.893872,12.493069,Q542070,https://fr.wikipedia.org/wiki/Basilique_Saint-Pierre-aux-Liens,http://commons.wikimedia.org/wiki/Special:FilePath/San%20Pietro%20in%20Vincoli%20-%20Roma%2C%20facciata.jpg
,,Église du Santo,cathedrales,wikidata,Padoue,2,,104.0,58.6,0.0,24.9,8.0,5.0,0.0,0.0,38,,3,,inconnu,,,45.401370,11.880530,Q810139,https://fr.wikipedia.org/wiki/Basilique_Saint-Antoine_de_Padoue,http://commons.wikimedia.org/wiki/Special:FilePath/Basilica%20of%20St.%20Anthony%20in%20Padua.jpg
,,Basilique de San Zanipolo,cathedrales,wikidata,Venise,2,,103.2,53.9,0.0,32.0,8.0,5.0,0.0,0.0,28,,3,,inconnu,,,45.439217,12.342397,Q155225,https://fr.wikipedia.org/wiki/Basilique_San_Zanipolo,http://commons.wikimedia.org/wiki/Special:FilePath/Basilica%20dei%20Santi%20Giovanni%20e%20Paolo.jpg
,,Basilique Saint-Ambroise,cathedrales,wikidata,Milan,2,,103.1,52.1,0.0,31.5,8.0,5.0,0.0,0.0,25,,3,,inconnu,,,45.462500,9.175833,Q1071570,https://fr.wikipedia.org/wiki/Basilique_Saint-Ambroise_de_Milan,http://commons.wikimedia.org/wiki/Special:FilePath/Milan%20Sant%27Ambrogio%20016%204923.jpg
,,Cathédrale de Palerme,cathedrales,wikidata,Palerme,2,,102.8,57.8,0.0,21.3,8.0,5.0,0.0,0.0,36,,3,,inconnu,,,38.114444,13.356111,Q1478407,https://fr.wikipedia.org/wiki/Cath%C3%A9drale_de_Palerme,http://commons.wikimedia.org/wiki/Special:FilePath/Palermo%20Cathedral%20BW%202025-04-29%2011-57-44.jpg
,,Basilique Santa Maria della Salute de Venise,cathedrales,wikidata,Venise,2,,101.8,61.3,0.0,19.4,8.0,5.0,0.0,0.0,45,,3,,inconnu,,,45.430570,12.334730,Q52531,https://fr.wikipedia.org/wiki/Basilique_Santa_Maria_della_Salute_de_Venise,http://commons.wikimedia.org/wiki/Special:FilePath/Santa%20Maria%20della%20Salute%20from%20Hotel%20Monaco.jpg
,,Cathédrale de Cefalù,cathedrales,wikidata,Palerme,2,,101.6,54.9,0.0,26.0,8.0,5.0,0.0,0.0,30,,3,,inconnu,,,38.039840,14.023410,Q1354756,https://fr.wikipedia.org/wiki/Cath%C3%A9drale_de_Cefal%C3%B9,http://commons.wikimedia.org/wiki/Special:FilePath/Cefalu%20Cathedral%20exterior%20BW%202012-10-11%2012-13-18.jpg
,,Basilique Saint-Clément-du-Latran,cathedrales,wikidata,Rome,2,,101.3,53.9,0.0,26.5,8.0,5.0,0.0,0.0,28,,1,,inconnu,,,41.889295,12.497563,Q385910,https://fr.wikipedia.org/wiki/Basilique_Saint-Cl%C3%A9ment-du-Latran,http://commons.wikimedia.org/wiki/Special:FilePath/Basilica%20di%20San%20Clemente%20al%20Laterano%20-%20esterno.jpg
,,Forteresse de Fenestrelle,chateaux,wikidata,Turin,2,,91.5,41.0,0.0,24.9,8.0,5.0,0.0,9.0,12,,5,,inconnu,,,45.032413,7.056989,Q256790,https://fr.wikipedia.org/wiki/Forteresse_de_Fenestrelle,http://commons.wikimedia.org/wiki/Special:FilePath/Fenestrelle-PortaReale.JPG
,,Palais de la Zisa,chateaux,wikidata,Palerme,2,,90.6,47.1,0.0,16.3,8.0,5.0,0.0,10.6,18,,3,,inconnu,,,38.116774,13.341060,Q1000054,https://fr.wikipedia.org/wiki/Palais_de_la_Zisa,http://commons.wikimedia.org/wiki/Special:FilePath/La%20Zisa%20%28Palermo%29-msu-1093.jpg
,,Château de Fénis,chateaux,wikidata,Aoste,2,,89.3,45.3,0.0,17.0,8.0,5.0,0.0,12.0,16,,5,,inconnu,,,45.736902,7.489013,Q607126,https://fr.wikipedia.org/wiki/Ch%C3%A2teau_de_F%C3%A9nis,http://commons.wikimedia.org/wiki/Special:FilePath/CastelloDiF%C3%A9nisJuly292023%2006.jpg
,,Castello dell’ovo,chateaux,wikidata,Naples,2,,88.2,53.9,0.0,15.6,8.0,5.0,0.0,0.0,28,,3,,inconnu,,,40.828315,14.247656,Q645041,https://fr.wikipedia.org/wiki/Castel_dell%27Ovo,http://commons.wikimedia.org/wiki/Special:FilePath/Castel%20dell%27%20Ovo.jpg
,,Château des Pic,chateaux,wikidata,Modène,2,,86.5,45.3,0.0,27.9,8.0,5.0,0.0,0.0,16,,3,,inconnu,,,44.889065,11.065453,Q27875946,https://fr.wikipedia.org/wiki/Ch%C3%A2teau_des_Pico,http://commons.wikimedia.org/wiki/Special:FilePath/Castello%20dei%20Pico%20a%20Mirandola%20-%201.jpg
,,Château San Giusto,chateaux,wikidata,Trieste,2,,85.3,36.8,0.0,20.9,8.0,5.0,0.0,13.9,9,,3,,inconnu,,,45.646902,13.773503,Q1048860,https://fr.wikipedia.org/wiki/Ch%C3%A2teau_San_Giusto,http://commons.wikimedia.org/wiki/Special:FilePath/Castello%20di%20San%20Giusto%2001.jpg
,,Château Visconti,chateaux,wikidata,Pavie,2,,84.5,42.2,0.0,27.2,8.0,5.0,0.0,0.0,13,,2,,inconnu,,,45.190575,9.159002,Q3183228,https://fr.wikipedia.org/wiki/Ch%C3%A2teau_Visconti,http://commons.wikimedia.org/wiki/Special:FilePath/Castello%20Sforzesco%20%282%29.JPG
,,Château de Melfi,chateaux,wikidata,Potenza,2,,83.1,47.9,0.0,21.2,8.0,5.0,0.0,0.0,19,,3,,inconnu,,,40.998355,15.652814,Q3662690,https://fr.wikipedia.org/wiki/Ch%C3%A2teau_de_Melfi,http://commons.wikimedia.org/wiki/Special:FilePath/Castello%20di%20melfi1.JPG
,,Château du Bon-Conseil,chateaux,wikidata,Trente,2,,82.7,44.4,0.0,23.6,8.0,5.0,0.0,0.0,15,,3,,inconnu,,,46.071571,11.127037,Q247451,https://fr.wikipedia.org/wiki/Ch%C3%A2teau_du_Bon-Conseil,http://commons.wikimedia.org/wiki/Special:FilePath/20110727%20Trento%20Buonconsiglio%20Castle%206609.jpg
,,Château de Rivoli,chateaux,wikidata,Turin,2,,81.8,47.1,0.0,18.6,8.0,5.0,0.0,0.0,18,,5,,inconnu,,,45.070028,7.510250,Q19844,https://fr.wikipedia.org/wiki/Ch%C3%A2teau_de_Rivoli,http://commons.wikimedia.org/wiki/Special:FilePath/CastelloRivoli.JPG
,,Château d'Issogne,chateaux,wikidata,Aoste,2,,81.7,35.2,0.0,24.7,8.0,5.0,0.0,7.9,8,,5,,inconnu,,,45.654424,7.685492,Q1147746,https://fr.wikipedia.org/wiki/Ch%C3%A2teau_d%27Issogne,http://commons.wikimedia.org/wiki/Special:FilePath/IssogneJuly292023%2001.jpg
,,Château royal de Racconigi,chateaux,wikidata,Cuneo,2,,81.2,47.1,0.0,10.5,8.0,5.0,0.0,8.8,18,,4,,inconnu,,,44.769389,7.675972,Q19851,https://fr.wikipedia.org/wiki/Ch%C3%A2teau_royal_de_Racconigi,http://commons.wikimedia.org/wiki/Special:FilePath/Racconigi%2C%20il%20castello%20%28063%29.jpg
,,Château souabe de Trani,chateaux,wikidata,Barletta-Andria-Trani,2,,80.4,31.1,0.0,26.0,8.0,5.0,0.0,9.1,6,,4,,inconnu,oui,,41.281886,16.415554,Q3662987,https://fr.wikipedia.org/wiki/Ch%C3%A2teau_souabe_de_Trani,http://commons.wikimedia.org/wiki/Special:FilePath/Castello%20lato%20orientale.jpg
,,Château de Moncalieri,chateaux,wikidata,Turin,2,,79.9,43.3,0.0,17.8,8.0,5.0,0.0,4.2,14,,5,,inconnu,,,45.002167,7.687225,Q19850,https://fr.wikipedia.org/wiki/Ch%C3%A2teau_de_Moncalieri,http://commons.wikimedia.org/wiki/Special:FilePath/Castle%20of%20Moncalieri%202818.jpg
,,Château de Duino,chateaux,wikidata,Trieste,2,,78.9,41.0,0.0,21.9,8.0,5.0,0.0,0.0,12,,3,,inconnu,,,45.771781,13.603923,Q2276731,https://fr.wikipedia.org/wiki/Ch%C3%A2teau_de_Duino,http://commons.wikimedia.org/wiki/Special:FilePath/Castello%20di%20Duino-DSCF1405.JPG
,,Forteresse de San Leo,chateaux,wikidata,Rimini,2,,77.8,36.8,0.0,16.1,8.0,5.0,0.0,10.4,9,,3,,inconnu,,,43.896233,12.346035,Q1753598,https://fr.wikipedia.org/wiki/Forteresse_de_San_Leo,http://commons.wikimedia.org/wiki/Special:FilePath/La%20rocca%20di%20San%20Leo.JPG
,,Château du Valentino,chateaux,wikidata,Turin,2,,77.6,47.9,0.0,11.3,8.0,5.0,0.0,2.8,19,,5,,inconnu,,,45.054030,7.686868,Q19830,https://fr.wikipedia.org/wiki/Ch%C3%A2teau_du_Valentino,http://commons.wikimedia.org/wiki/Special:FilePath/Castello%20del%20Valentino%20settembre%202023.jpg
,,Château Sant'Elmo,chateaux,wikidata,Naples,2,,77.3,50.8,0.0,9.9,8.0,5.0,0.0,0.0,23,,3,,inconnu,,,40.843620,14.239329,Q1048627,https://fr.wikipedia.org/wiki/Ch%C3%A2teau_Sant%27Elmo,http://commons.wikimedia.org/wiki/Special:FilePath/Napoli%20s%20Elmo%20da%20Castel%20dell%27Ovo%201040688.JPG
,,Trois tours de Saint-Marin,chateaux,wikidata,Rimini,2,,76.5,53.9,0.0,8.5,8.0,5.0,0.0,0.0,28,,2,,inconnu,,,43.935000,12.450000,Q2287080,https://fr.wikipedia.org/wiki/Trois_tours_de_Saint-Marin,http://commons.wikimedia.org/wiki/Special:FilePath/Fortress%20of%20Guaita%20-%20First%20Tower%20%28San%20Marino%29.jpg
,,Château Scaliger de Malcesine,chateaux,wikidata,Vérone,2,,76.4,35.2,0.0,26.6,8.0,5.0,0.0,0.0,8,,3,,inconnu,,,45.766165,10.808482,Q3662369,https://fr.wikipedia.org/wiki/Ch%C3%A2teau_Scaliger_de_Malcesine,http://commons.wikimedia.org/wiki/Special:FilePath/View%20malcesine%20lake%20garda%20veneto%20italy.JPG
,,Château de Verrès,chateaux,wikidata,Aoste,2,,76.3,42.2,0.0,15.0,8.0,5.0,0.0,5.5,13,,5,,inconnu,,,45.669815,7.695612,Q937190,https://fr.wikipedia.org/wiki/Ch%C3%A2teau_de_Verr%C3%A8s,http://commons.wikimedia.org/wiki/Special:FilePath/CastelloDiVerresJuly292023%2004.jpg
,,Château Tyrol,chateaux,wikidata,Bolzano,2,,76.1,46.2,0.0,15.8,8.0,5.0,0.0,0.0,17,,3,,inconnu,,,46.694494,11.144793,Q1654198,https://fr.wikipedia.org/wiki/Ch%C3%A2teau_Tyrol,http://commons.wikimedia.org/wiki/Special:FilePath/Tirol%20Schloss%2001.jpg
,,Castelvecchio,chateaux,wikidata,Vérone,2,,76.0,45.3,0.0,13.4,8.0,5.0,0.0,0.0,16,,2,,inconnu,,,45.439568,10.988099,Q1049016,https://fr.wikipedia.org/wiki/Castelvecchio,http://commons.wikimedia.org/wiki/Special:FilePath/Castelvecchio%20Verona-01.JPG
,,Forteresse de Fortezza,chateaux,wikidata,Bolzano,2,,75.2,35.2,0.0,19.1,8.0,5.0,0.0,7.6,8,,3,,inconnu,,,46.777541,11.630074,Q212164,https://fr.wikipedia.org/wiki/Forteresse_de_Fortezza,http://commons.wikimedia.org/wiki/Special:FilePath/Fortezza%20da%20Spinga.JPG
,,Pont Nomentano,chateaux,wikidata,Rome,2,monte,75.0,43.3,0.0,18.4,8.0,5.0,0.0,0.0,14,,2,,inconnu,,,41.933611,12.532500,Q1351222,https://fr.wikipedia.org/wiki/Pont_Nomentano,http://commons.wikimedia.org/wiki/Special:FilePath/Ponte%20Nomentano%2000234.JPG
,,Vallo di Diano,gorges,wikidata,Salerne,2,,52.4,44.4,0.0,0.0,8.0,0.0,0.0,0.0,15,,3,,inconnu,,,40.400000,15.566667,Q2637309,,http://commons.wikimedia.org/wiki/Special:FilePath/Teggiano%2C%20Vallo%20di%20Diano%2C%20Italia%20%28panorama%29.jpg
,,Passeier Valley,gorges,wikidata,Bolzano,2,,51.3,43.3,0.0,0.0,8.0,0.0,0.0,0.0,14,,3,,inconnu,,,46.766667,11.216667,Q525626,,http://commons.wikimedia.org/wiki/Special:FilePath/St.%20Leonhard%20in%20Passeier%20-%20S%C3%BCdtirol%2C%20Italy.jpg
,,Trompia Valley,gorges,wikidata,Brescia,2,,47.8,39.8,0.0,0.0,8.0,0.0,0.0,0.0,11,,3,,inconnu,,,45.691944,10.186389,Q2086777,,http://commons.wikimedia.org/wiki/Special:FilePath/Maniva%20-%20panoramio.jpg
,,Val Canale,gorges,wikidata,Udine,2,,47.8,39.8,0.0,0.0,8.0,0.0,0.0,0.0,11,,3,,inconnu,,,46.493056,13.404444,Q1723626,,http://commons.wikimedia.org/wiki/Special:FilePath/Rutte%20piccolo%20Alpe%20Giulie%2024062007%2001.jpg
,,Adige Valley,gorges,wikidata,Trente,2,,46.4,38.4,0.0,0.0,8.0,0.0,0.0,0.0,10,,3,,inconnu,,,46.070000,11.120000,Q301774,,
,,Gorge de Hône,gorges,wikidata,Aoste,2,,46.3,22.2,0.0,11.0,8.0,5.0,0.0,0.0,3,,3,,inconnu,,,45.610890,7.724117,Q89189562,https://fr.wikipedia.org/wiki/Gouilles_de_H%C3%B4ne,http://commons.wikimedia.org/wiki/Special:FilePath/G%C3%B2ye%20di%20H%C3%B4ne%20FP%206.jpg
,,Val Brembana,gorges,wikidata,Bergame,2,,44.8,36.8,0.0,0.0,8.0,0.0,0.0,0.0,9,,2,,inconnu,,,45.872500,9.651944,Q2249002,,http://commons.wikimedia.org/wiki/Special:FilePath/Valbrembana.JPG
,,Val Taleggio,gorges,wikidata,Bergame,2,,44.8,36.8,0.0,0.0,8.0,0.0,0.0,0.0,9,,2,,inconnu,,,45.883300,9.600000,Q2246571,,http://commons.wikimedia.org/wiki/Special:FilePath/Taleggio0001.jpg
,,Valle Seriana,gorges,wikidata,Bergame,2,,43.2,35.2,0.0,0.0,8.0,0.0,0.0,0.0,8,,2,,inconnu,,,45.916670,9.916670,Q1920141,,http://commons.wikimedia.org/wiki/Special:FilePath/Clusone%20tetti.jpg
,,Bletterbach gorge,gorges,wikidata,Bolzano,2,,30.2,22.2,0.0,0.0,8.0,0.0,0.0,0.0,3,,3,,inconnu,,,46.362827,11.411581,Q112336078,,http://commons.wikimedia.org/wiki/Special:FilePath/Bletterbach%20HDR.jpg
,,Forre laviche del Simeto,gorges,wikidata,Catane,2,,30.2,22.2,0.0,0.0,8.0,0.0,0.0,0.0,3,,2,,inconnu,,,37.742500,14.782500,Q3748454,,http://commons.wikimedia.org/wiki/Special:FilePath/Simeto.JPG
,,Limarò Canyon,gorges,wikidata,Trente,2,,30.2,22.2,0.0,0.0,8.0,0.0,0.0,0.0,3,,2,,inconnu,,,46.048806,10.897400,Q16536381,,http://commons.wikimedia.org/wiki/Special:FilePath/Canyon%20del%20Limar%C3%B202.jpg
,,Rastenbach Gorge,gorges,wikidata,Bolzano,2,,30.2,22.2,0.0,0.0,8.0,0.0,0.0,0.0,3,,2,,inconnu,,,46.380942,11.242235,Q3772860,,http://commons.wikimedia.org/wiki/Special:FilePath/Rastenbach%20Gorge%20-%20Wasserfall.jpg
,,Balzi Rossi,grottes,wikidata,Imperia,2,,76.8,39.8,0.0,20.8,8.0,5.0,0.0,0.0,11,,3,,inconnu,,,43.783333,7.535556,Q555143,https://fr.wikipedia.org/wiki/Balzi_Rossi,http://commons.wikimedia.org/wiki/Special:FilePath/Veduta%20da%20mentone.jpg
,,Grotte de Fumane,grottes,wikidata,Vérone,2,,68.7,35.2,0.0,20.2,8.0,5.0,0.0,0.0,8,,3,,inconnu,,,45.591800,10.905200,Q3936338,https://fr.wikipedia.org/wiki/Grotte_de_Fumane,http://commons.wikimedia.org/wiki/Special:FilePath/Grotta%20di%20Fumane%203.jpg
,,Grotte de Lourdes,grottes,wikidata,Rome,2,,64.1,35.2,0.0,15.1,8.0,5.0,0.0,0.0,8,,3,,inconnu,,,41.902778,12.448333,Q13099380,https://fr.wikipedia.org/wiki/Grotte_de_Lourdes_(Vatican),http://commons.wikimedia.org/wiki/Special:FilePath/Vatican%20Gardens%202020%20P26%20Lourdes%20cave%20replica.jpg
,,Grottes de Pertosa,grottes,wikidata,Salerne,2,,62.5,36.8,0.0,12.5,8.0,5.0,0.0,0.0,9,,3,,inconnu,,,40.536939,15.455511,Q1547618,https://fr.wikipedia.org/wiki/Grottes_de_Pertosa,http://commons.wikimedia.org/wiki/Special:FilePath/PERTOSA%20%28Caves-2%29.JPG
,,Grotte de Cavallone,grottes,wikidata,Chieti,2,,59.2,33.3,0.0,12.7,8.0,5.0,0.0,0.0,7,,3,,inconnu,,,42.038889,14.154722,Q3392526,https://fr.wikipedia.org/wiki/Grotte_de_Cavallone,http://commons.wikimedia.org/wiki/Special:FilePath/Grotta%20del%20Cavallone%20IMG%200176.jpg
,,Grottes de Scurati,grottes,wikidata,Trapani,2,,54.8,31.1,0.0,10.4,8.0,5.0,0.0,0.0,6,,3,,inconnu,,,38.093303,12.670872,Q17632175,https://fr.wikipedia.org/wiki/Grottes_de_Scurati,http://commons.wikimedia.org/wiki/Special:FilePath/Monte%20Cofano%20Grotta%20Scurati%200084.JPG
,,Grotta delle Felci,grottes,wikidata,Naples,2,,53.8,33.3,0.0,7.1,8.0,5.0,0.0,0.0,7,,3,,inconnu,,,40.547222,14.232778,Q2059749,https://fr.wikipedia.org/wiki/Grotta_delle_Felci,http://commons.wikimedia.org/wiki/Special:FilePath/Grotta%20delle%20Felci%20ITA.jpg
,,Grotte du Gel,grottes,wikidata,Catane,2,,48.5,28.7,0.0,6.5,8.0,5.0,0.0,0.0,5,,2,,inconnu,,,37.804389,14.984111,Q3117235,https://fr.wikipedia.org/wiki/Grotte_du_Gel,http://commons.wikimedia.org/wiki/Special:FilePath/Ingresso%20Grotta%20periodo%20autunnale%20-%20invernale.jpg
,,Grotta dello Smeraldo,grottes,wikidata,Salerne,2,,43.2,35.2,0.0,0.0,8.0,0.0,0.0,0.0,8,,2,,inconnu,,,40.615000,14.566944,Q3777058,,http://commons.wikimedia.org/wiki/Special:FilePath/SA-Amalfi-1967-grotta-di-smeraldo.jpg
,,Grotta di Matromania,grottes,wikidata,Naples,2,,43.2,35.2,0.0,0.0,8.0,0.0,0.0,0.0,8,,2,,inconnu,,,40.549440,14.255820,Q3777074,,http://commons.wikimedia.org/wiki/Special:FilePath/Grotta%20matermania%20paesaggio.JPG
,,Nereo Cave,grottes,wikidata,Sassari,2,,41.3,33.3,0.0,0.0,8.0,0.0,0.0,0.0,7,,2,,inconnu,,,40.561848,8.161111,Q3777082,,http://commons.wikimedia.org/wiki/Special:FilePath/Belvedere%20della%20Grotta%20di%20Nereo.jpg
,,Grotta di Ispinigoli,grottes,wikidata,Nuoro,2,,39.1,31.1,0.0,0.0,8.0,0.0,0.0,0.0,6,,2,,inconnu,,,40.320000,9.600333,Q617591,,http://commons.wikimedia.org/wiki/Special:FilePath/Grotta%20di%20ispinigoli.jpg
,,Grotta Verde,grottes,wikidata,Naples,2,,36.7,28.7,0.0,0.0,8.0,0.0,0.0,0.0,5,,1,,inconnu,,,40.539357,14.220772,Q3777013,,http://commons.wikimedia.org/wiki/Special:FilePath/Grotta%20Verde%20a%20Capri.jpg
,,Grotta dell’Uzzo,grottes,wikidata,Trapani,2,,36.7,28.7,0.0,0.0,8.0,0.0,0.0,0.0,5,,2,,inconnu,,,38.110046,12.786737,Q3777043,,http://commons.wikimedia.org/wiki/Special:FilePath/De-%20San%20Vito%20lo%20Capo%2C%20Zingaro-NatSchGeb%2C%20Uzzo-Grotte.jpg
,,Pulo di Altamura,grottes,wikidata,Bari,2,,36.7,28.7,0.0,0.0,8.0,0.0,0.0,0.0,5,,2,,inconnu,,,40.889695,16.568319,Q3925508,,http://commons.wikimedia.org/wiki/Special:FilePath/Pulo%20Altamura.jpg
,,Spluga della Preta,grottes,wikidata,Vérone,2,,36.7,28.7,0.0,0.0,8.0,0.0,0.0,0.0,5,,2,,inconnu,,,45.678056,10.951944,Q3966943,,http://commons.wikimedia.org/wiki/Special:FilePath/Spluga%20della%20Preta.jpg
,,Île de Pianosa,iles,wikidata,Livourne,2,,98.6,61.6,0.0,19.3,8.0,5.0,0.0,0.0,46,,4,,inconnu,,,42.583333,10.083333,Q208114,https://fr.wikipedia.org/wiki/%C3%8Ele_de_Pianosa,http://commons.wikimedia.org/wiki/Special:FilePath/Aerial%20image%20of%20Pianosa%20%28view%20from%20the%20southeast%29.jpg
,,Lido de Venise,iles,wikidata,Venise,2,,98.3,61.6,0.0,16.8,8.0,5.0,0.0,0.0,46,,3,,inconnu,,,45.383333,12.350000,Q226221,https://fr.wikipedia.org/wiki/Lido_de_Venise,http://commons.wikimedia.org/wiki/Special:FilePath/Lido%20Aug%202020%201.jpg
,,Giudecca,iles,wikidata,Venise,2,,97.9,57.8,0.0,21.6,8.0,5.0,0.0,0.0,36,,3,,inconnu,,,45.425000,12.328611,Q52435,https://fr.wikipedia.org/wiki/Giudecca,http://commons.wikimedia.org/wiki/Special:FilePath/Giudecca%20Venice%20Aug%202020%201.jpg
,,Île de Capraia,iles,wikidata,Livourne,2,,94.7,58.2,0.0,18.8,8.0,5.0,0.0,0.0,37,,4,,inconnu,,,43.037150,9.818340,Q3593349,https://fr.wikipedia.org/wiki/Capraia_(archipel_toscan),http://commons.wikimedia.org/wiki/Special:FilePath/Aerial%20image%20of%20Capraia%20%28view%20from%20the%20southwest%29.jpg
,,Tavolara,iles,wikidata,Olbia-Tempio,2,,94.6,57.3,0.0,19.4,8.0,5.0,0.0,0.0,35,,5,,inconnu,,,40.906200,9.713300,Q1126234,https://fr.wikipedia.org/wiki/Tavolara,http://commons.wikimedia.org/wiki/Special:FilePath/Tavolara%20from%20South.JPG
,,Isola Bella,iles,wikidata,Verbano-Cusio-Ossola,2,,94.2,56.4,0.0,13.7,8.0,5.0,0.0,0.0,33,,3,,inconnu,,,45.895380,8.527080,Q174054,https://fr.wikipedia.org/wiki/Isola_Bella,http://commons.wikimedia.org/wiki/Special:FilePath/Stresa%2C%20isola%20Bella%20%2808%29.jpg
,,Palmaria,iles,wikidata,La Spezia,2,,94.0,59.0,0.0,18.9,8.0,5.0,0.0,0.0,39,,3,,inconnu,,,44.042836,9.843867,Q757114,https://fr.wikipedia.org/wiki/%C3%8Ele_de_Palmaria,http://commons.wikimedia.org/wiki/Special:FilePath/Isola%20Palmaria.jpg
,,Île de Salina,iles,wikidata,Messine,2,,93.7,61.3,0.0,14.0,8.0,5.0,0.0,0.0,45,,5,,inconnu,,,38.564722,14.838889,Q505847,https://fr.wikipedia.org/wiki/%C3%8Ele_de_Salina,http://commons.wikimedia.org/wiki/Special:FilePath/Aerial%20image%20of%20Salina%20%28view%20from%20the%20southwest%29.jpg
,,Caprera,iles,wikidata,Olbia-Tempio,2,,92.5,58.2,0.0,16.8,8.0,5.0,0.0,0.0,37,,5,,inconnu,,,41.200000,9.466667,Q845310,https://fr.wikipedia.org/wiki/Caprera,http://commons.wikimedia.org/wiki/Special:FilePath/La%20Maddalena%2C%20isola%20di%20Caprera%20%28000%29.jpg
,,Panarea,iles,wikidata,Messine,2,,91.8,60.9,0.0,13.3,8.0,5.0,0.0,0.0,44,,5,,inconnu,,,38.633333,15.066667,Q654105,https://fr.wikipedia.org/wiki/Panarea,http://commons.wikimedia.org/wiki/Special:FilePath/Aerial%20image%20of%20Panarea%20%28view%20from%20the%20southeast%29.jpg
,,Asinara,iles,wikidata,Sassari,2,,89.9,55.5,0.0,16.7,8.0,5.0,0.0,0.0,31,,4,,inconnu,,,41.066667,8.266667,Q730500,https://fr.wikipedia.org/wiki/Asinara,http://commons.wikimedia.org/wiki/Special:FilePath/Cala%20d%27Oliva%20%28Asinara%29.jpg
,,Lipari,iles,wikidata,Messine,2,,89.7,54.9,0.0,17.0,8.0,5.0,0.0,0.0,30,,4,,inconnu,,,38.466667,14.950000,Q499519,https://fr.wikipedia.org/wiki/Lipari_(%C3%AEle),http://commons.wikimedia.org/wiki/Special:FilePath/Aerial%20image%20of%20Lipari%20%28view%20from%20the%20southwest%29.jpg
,,Île San Pietro,iles,wikidata,Carbonia-Iglesias,2,,89.7,53.9,0.0,18.4,8.0,5.0,0.0,0.0,28,,4,,inconnu,,,39.145556,8.272500,Q912934,https://fr.wikipedia.org/wiki/%C3%8Ele_San_Pietro,http://commons.wikimedia.org/wiki/Special:FilePath/San%20Pietro%20da%20monte%20Sirai.jpg
,,Île de San Giorgio Maggiore,iles,wikidata,Venise,2,,88.8,56.9,0.0,15.5,8.0,5.0,0.0,0.0,34,,3,,inconnu,,,45.427752,12.344168,Q126327,https://fr.wikipedia.org/wiki/%C3%8Ele_de_San_Giorgio_Maggiore,http://commons.wikimedia.org/wiki/Special:FilePath/San%20Giorgio%20Maggiore%20dal%20campanile%20di%20San%20Marco.jpg
,,Lampione,iles,wikidata,Agrigento,2,,87.7,58.6,0.0,14.3,8.0,5.0,0.0,0.0,38,,3,,inconnu,,,35.551815,12.321256,Q168820,https://fr.wikipedia.org/wiki/Lampione,http://commons.wikimedia.org/wiki/Special:FilePath/Lampione%20islet.JPG
,,Marettimo,iles,wikidata,Trapani,2,,87.7,54.4,0.0,16.3,8.0,5.0,0.0,0.0,29,,3,,inconnu,,,37.966667,12.066667,Q497339,https://fr.wikipedia.org/wiki/Marettimo,http://commons.wikimedia.org/wiki/Special:FilePath/Marettimo-panorama.jpg
,,San Michele,iles,wikidata,Venise,2,,87.3,56.9,0.0,13.9,8.0,5.0,0.0,0.0,34,,3,,inconnu,,,45.446944,12.347222,Q844263,https://fr.wikipedia.org/wiki/San_Michele_(%C3%AEle),http://commons.wikimedia.org/wiki/Special:FilePath/Aerial%20photographs%20of%20Venice%202013%2C%20Anton%20Nossik%2C%20031.jpg
,,Giannutri,iles,wikidata,Grosseto,2,,86.2,58.6,0.0,12.3,8.0,5.0,0.0,0.0,38,,2,,inconnu,,,42.250000,11.100000,Q19378,https://fr.wikipedia.org/wiki/Giannutri,http://commons.wikimedia.org/wiki/Special:FilePath/Aerial%20image%20of%20Giannutri%20%28view%20from%20the%20south%29.jpg
,,Pantelleria,iles,wikidata,Trapani,2,,86.0,45.3,0.0,19.5,8.0,5.0,0.0,0.0,16,,3,,inconnu,,,36.783333,12.000000,Q1249309,https://fr.wikipedia.org/wiki/%C3%8Ele_Pantelleria,http://commons.wikimedia.org/wiki/Special:FilePath/Ortofoto-piccola.jpg
,,Filicudi,iles,wikidata,Messine,2,,85.8,59.0,0.0,11.3,8.0,5.0,0.0,0.0,39,,4,,inconnu,,,38.566667,14.566667,Q743908,https://fr.wikipedia.org/wiki/Filicudi,http://commons.wikimedia.org/wiki/Special:FilePath/Aerial%20image%20of%20Filicudi%20%28view%20from%20the%20south%29.jpg
,,Île de Ponza,iles,wikidata,Latina,2,monte,85.7,55.9,0.0,12.0,8.0,5.0,0.0,0.0,32,,3,,inconnu,,,40.900000,12.966667,Q1133295,https://fr.wikipedia.org/wiki/Ponza_(%C3%AEle),http://commons.wikimedia.org/wiki/Special:FilePath/Ponza%20faraglione6.JPG
,,Parc national de l'Asinara,iles,wikidata,Sassari,2,monte,85.4,47.9,0.0,23.4,8.0,5.0,0.0,0.0,19,,4,,inconnu,,,41.058000,8.276000,Q1091068,https://fr.wikipedia.org/wiki/Parc_national_de_l%27Asinara,http://commons.wikimedia.org/wiki/Special:FilePath/Isola%20dell%27Asinara%20-%20vista%20da%20Torre%20del%20Falcone.JPG
,,Île de Levanzo,iles,wikidata,Trapani,2,monte,85.2,56.4,0.0,12.4,8.0,5.0,0.0,0.0,33,,3,,inconnu,,,38.000000,12.333333,Q497357,https://fr.wikipedia.org/wiki/%C3%8Ele_de_Levanzo,http://commons.wikimedia.org/wiki/Special:FilePath/Levanzo2.jpg
,,Tino,iles,wikidata,La Spezia,2,monte,84.4,59.4,0.0,11.3,8.0,5.0,0.0,0.0,40,,3,,inconnu,,,44.027222,9.850556,Q660758,https://fr.wikipedia.org/wiki/%C3%8Ele_du_Tino,http://commons.wikimedia.org/wiki/Special:FilePath/Isola%20del%20Tino%20vista%20da%20Tellaro%20.jpg
,,Budelli,iles,wikidata,Olbia-Tempio,2,monte,83.7,50.8,0.0,17.2,8.0,5.0,0.0,0.0,23,,5,,inconnu,,,41.282500,9.350000,Q1892625,https://fr.wikipedia.org/wiki/Budelli,http://commons.wikimedia.org/wiki/Special:FilePath/La%20Maddalena%20-%20Isola%20di%20Budelli%20%2801%29.JPG
,,Jardins de Bomarzo,jardins,wikidata,Viterbo,2,,108.7,53.3,0.0,22.7,8.0,5.0,0.0,12.8,27,,3,,inconnu,,,42.491633,12.247575,Q574740,https://fr.wikipedia.org/wiki/Jardins_de_Bomarzo,http://commons.wikimedia.org/wiki/Special:FilePath/Monster%20in%20Parco%20dei%20Mostri%20%28Bomarzo%29.jpg
,,Jardin Botanique de l'Université de Pavie,jardins,wikidata,Pavie,2,,69.2,33.3,0.0,22.7,8.0,5.0,0.0,0.0,7,,4,,inconnu,,,45.185830,9.163130,Q1765144,https://fr.wikipedia.org/wiki/Jardin_botanique_de_l%27universit%C3%A9_de_Pavie,http://commons.wikimedia.org/wiki/Special:FilePath/Orto%20Botanico%20di%20Pavia%20-%20la%20facciata.jpg
,,Jardin botanique de Rome,jardins,wikidata,Rome,2,,65.5,35.2,0.0,16.6,8.0,5.0,0.0,0.0,8,,2,,inconnu,,,41.892296,12.465853,Q1072277,https://fr.wikipedia.org/wiki/Jardin_botanique_de_Rome,http://commons.wikimedia.org/wiki/Special:FilePath/Orto%20botanico%20-%20ingresso%202704.JPG
,,Villa Comunale de Naples,jardins,wikidata,Naples,2,,64.3,39.8,0.0,11.1,8.0,5.0,0.0,0.0,11,,3,,inconnu,,,40.833000,14.232200,Q1415098,https://fr.wikipedia.org/wiki/Villa_Comunale_de_Naples,http://commons.wikimedia.org/wiki/Special:FilePath/Interno%20della%20Villa%20Nazionale.jpg
,,Jardin Margherita,jardins,wikidata,Bologne,2,,63.4,28.7,0.0,21.3,8.0,5.0,0.0,0.0,5,,3,,inconnu,,,44.482377,11.352546,Q3763804,https://fr.wikipedia.org/wiki/Giardini_Margherita,http://commons.wikimedia.org/wiki/Special:FilePath/Kopshti%20Margherita%20%28Giardini%20Margherita%29.jpg
,,Jardin de la Montagnola,jardins,wikidata,Bologne,2,,63.1,31.1,0.0,18.6,8.0,5.0,0.0,0.0,6,,3,,inconnu,,,44.502614,11.346418,Q3763919,https://fr.wikipedia.org/wiki/Jardin_de_la_Montagnola,http://commons.wikimedia.org/wiki/Special:FilePath/Parco%20della%20montagnola%2C%20fontana%2001.JPG
,,Jardin botanique de l'université de Bologne,jardins,wikidata,Bologne,2,,62.9,36.8,0.0,12.9,8.0,5.0,0.0,0.0,9,,2,,inconnu,,,44.500513,11.353465,Q1145112,https://fr.wikipedia.org/wiki/Jardin_botanique_de_l%27universit%C3%A9_de_Bologne,http://commons.wikimedia.org/wiki/Special:FilePath/Orto%20botanico%20di%20Bologna%200.jpg
,,Villa La Gaeta,jardins,wikidata,Côme,2,,62.8,35.2,0.0,12.0,8.0,5.0,0.0,0.0,8,,4,,inconnu,,,46.040649,9.250898,Q29997039,https://fr.wikipedia.org/wiki/Villa_La_Gaeta,http://commons.wikimedia.org/wiki/Special:FilePath/Villa%20La%20Gaeta%2C%20San%20Siro%2C%20Lombardia.jpg
,,Roseraie Niso Fumagalli,jardins,wikidata,Monza et Brianza,2,,61.3,28.7,0.0,19.5,8.0,5.0,0.0,0.0,5,,3,,inconnu,,,45.593830,9.272350,Q16626658,https://fr.wikipedia.org/wiki/Roseraie_Niso_Fumagalli,http://commons.wikimedia.org/wiki/Special:FilePath/Roseto%20della%20Villa%20Reale%20di%20Monza.jpg
,,Parcs de Nervi,jardins,wikidata,Gênes,2,,60.4,31.1,0.0,16.1,8.0,5.0,0.0,0.0,6,,3,,inconnu,,,44.380800,9.046110,Q1576596,https://fr.wikipedia.org/wiki/Parcs_de_Nervi,http://commons.wikimedia.org/wiki/Special:FilePath/Il%20Roseto%20ai%20Parchi%20di%20Nervi%20FR11.jpg
,,Giardino delle Rose,jardins,wikidata,Florence,2,,59.7,33.3,0.0,12.7,8.0,5.0,0.0,0.0,7,,3,,inconnu,,,43.763056,11.262778,Q3105331,https://fr.wikipedia.org/wiki/Giardino_delle_Rose,http://commons.wikimedia.org/wiki/Special:FilePath/Girdino%20delle%20rose%205.JPG
,,Jardin botanique alpin Paradisia,jardins,wikidata,Aoste,2,,59.7,33.3,0.0,13.2,8.0,5.0,0.0,0.0,7,,3,,inconnu,,,45.585000,7.336944,Q1638880,https://fr.wikipedia.org/wiki/Jardin_botanique_alpin_Paradisia,http://commons.wikimedia.org/wiki/Special:FilePath/Giardino%20Botanico%20Alpino%20Paradisia%20abc4.JPG
,,Parc de la Favara,jardins,wikidata,Palerme,2,,58.7,28.7,0.0,16.6,8.0,5.0,0.0,0.0,5,,3,,inconnu,,,38.090133,13.389136,Q3364207,https://fr.wikipedia.org/wiki/Parc_de_la_Favara,http://commons.wikimedia.org/wiki/Special:FilePath/Maredolce.jpg
,,Parc des Cascine,jardins,wikidata,Florence,2,,58.5,28.7,0.0,15.9,8.0,5.0,0.0,0.0,5,,3,,inconnu,,,43.782067,11.218169,Q3364250,https://fr.wikipedia.org/wiki/Parc_des_Cascine,http://commons.wikimedia.org/wiki/Special:FilePath/Parco%20delle%20cascine%2C%20anfiteatro.JPG
,,Giardino Botanico Alpino Viote,jardins,wikidata,Trente,2,,58.2,31.1,0.0,14.0,8.0,5.0,0.0,0.0,6,,3,,inconnu,,,46.021381,11.038803,Q5558600,https://fr.wikipedia.org/wiki/Giardino_Botanico_Alpino_Viote,http://commons.wikimedia.org/wiki/Special:FilePath/Giardino%20Botanico%20Alpino%20Viote%20-%20Monte%20Bondone.jpg
,,Parco Biblioteca degli Alberi,jardins,wikidata,Milan,2,,57.6,28.7,0.0,15.7,8.0,5.0,0.0,0.0,5,,3,,inconnu,,,45.483889,9.192500,Q48810344,https://fr.wikipedia.org/wiki/Parco_Biblioteca_degli_Alberi,http://commons.wikimedia.org/wiki/Special:FilePath/Parco%20Biblioteca%20degli%20alberi.jpg
,,Jardin botanique Clelia Durazzo Grimaldi,jardins,wikidata,Gênes,2,,57.5,28.7,0.0,15.5,8.0,5.0,0.0,0.0,5,,3,,inconnu,,,44.430556,8.816944,Q1054097,https://fr.wikipedia.org/wiki/Jardin_botanique_Clelia_Durazzo_Grimaldi,http://commons.wikimedia.org/wiki/Special:FilePath/Giardino%20Botanico%20Clelia%20Durazzo%20Grimaldi%20-%20glass%20houses.JPG
,,Parc Virgiliano,jardins,wikidata,Naples,2,,57.4,35.2,0.0,8.7,8.0,5.0,0.0,0.0,8,,2,,inconnu,,,40.799722,14.180833,Q1230048,https://fr.wikipedia.org/wiki/Parc_Virgiliano,http://commons.wikimedia.org/wiki/Special:FilePath/ParcoVirgilianoNapoli.jpg
,,Roseraie de Rome,jardins,wikidata,Rome,2,,56.1,28.7,0.0,14.1,8.0,5.0,0.0,0.0,5,,1,,inconnu,,,41.885197,12.483448,Q1072271,https://fr.wikipedia.org/wiki/Roseraie_de_Rome,http://commons.wikimedia.org/wiki/Special:FilePath/Roseto-di-roma-capitale---sito-di--il-cimitero-ebraico--dal-1645-fino-al-1934%209005796993%20o%2031.jpg
,,Villa Strohl Fern,jardins,wikidata,Rome,2,,55.9,31.1,0.0,11.2,8.0,5.0,0.0,0.0,6,,1,,inconnu,,,41.913750,12.477250,Q4012573,https://fr.wikipedia.org/wiki/Villa_Strohl_Fern,http://commons.wikimedia.org/wiki/Special:FilePath/Villa%20Strohl-Fern%20Lyc%C3%A9e%20fran%C3%A7ais%20Chateaubriand%20de%20Rome%20-%20Petite%20Porte%20-%20Via%20di%20Villa%20Ruffo.jpg
,,Giardini Reali de Venise,jardins,wikidata,Venise,2,,55.8,28.7,0.0,13.0,8.0,5.0,0.0,0.0,5,,3,,inconnu,,,45.432778,12.338056,Q56323219,https://fr.wikipedia.org/wiki/Giardini_Reali_de_Venise,http://commons.wikimedia.org/wiki/Special:FilePath/San%20Marco%2C%2030100%20Venice%2C%20Italy%20-%20panoramio%20%28710%29.jpg
,,Piazza Cavour,jardins,wikidata,Rome,2,,55.7,31.1,0.0,9.5,8.0,5.0,0.0,0.0,6,,1,,inconnu,,,41.905310,12.469770,Q3902179,https://fr.wikipedia.org/wiki/Piazza_Cavour_(Rome),http://commons.wikimedia.org/wiki/Special:FilePath/Rome%20piazza%20cavour%2020050922.jpg
,,Jardin des Iris,jardins,wikidata,Florence,2,,55.0,31.1,0.0,10.7,8.0,5.0,0.0,0.0,6,,2,,inconnu,,,43.762817,11.266875,Q3763908,https://fr.wikipedia.org/wiki/Jardin_des_Iris,http://commons.wikimedia.org/wiki/Special:FilePath/Giardino%20dell%27iris%20firenze.jpg
,,Jardin botanique alpin Saussurea,jardins,wikidata,Aoste,2,,54.7,28.7,0.0,12.8,8.0,5.0,0.0,0.0,5,,3,,inconnu,,,45.829920,6.949550,Q3162382,https://fr.wikipedia.org/wiki/Jardin_botanique_alpin_Saussurea,http://commons.wikimedia.org/wiki/Special:FilePath/Courmayeur%2011.jpg
,,Jardins Giusiana,jardins,wikidata,Turin,2,,54.6,28.7,0.0,12.8,8.0,5.0,0.0,0.0,5,,3,,inconnu,,,45.465724,7.879613,Q139547584,https://fr.wikipedia.org/wiki/Jardins_Giusiana,http://commons.wikimedia.org/wiki/Special:FilePath/Linux%20Day%20Ivrea%202021%20-%20visione%20d%27insieme%20da%20Piazza%20Rondolino%20direzione%20Ovest%20naviglio.jpg
,,Lac de Nemi,lacs,wikidata,Rome,2,,90.7,58.2,0.0,16.0,8.0,5.0,0.0,0.0,37,,3,,inconnu,,,41.712222,12.702500,Q648679,https://fr.wikipedia.org/wiki/Lac_de_Nemi,http://commons.wikimedia.org/wiki/Special:FilePath/Panoramica%20del%20Lago%20di%20Nemi.jpg
,,Lac d'Albano,lacs,wikidata,Rome,2,,87.0,57.8,0.0,13.2,8.0,5.0,0.0,0.0,36,,2,,inconnu,,,41.747400,12.669000,Q849448,https://fr.wikipedia.org/wiki/Lac_Albano,http://commons.wikimedia.org/wiki/Special:FilePath/Panoramica%20Lago%20Albano.jpg
,,Lac Averne,lacs,wikidata,Naples,2,,86.3,53.9,0.0,16.1,8.0,5.0,0.0,0.0,28,,3,,inconnu,,,40.838333,14.075000,Q782896,https://fr.wikipedia.org/wiki/Lac_Averne,http://commons.wikimedia.org/wiki/Special:FilePath/LaveAvernusCurran.jpg
,,Lac de Misurina,lacs,wikidata,Belluno,2,,80.9,50.8,0.0,13.5,8.0,5.0,0.0,0.0,23,,3,,inconnu,,,46.581944,12.253889,Q1177961,https://fr.wikipedia.org/wiki/Lac_de_Misurina,http://commons.wikimedia.org/wiki/Special:FilePath/Lago%20di%20misurina.jpg
,,Lac de Carezza,lacs,wikidata,Bolzano,2,,80.5,46.2,0.0,17.5,8.0,5.0,0.0,0.0,17,,5,,inconnu,,,46.409167,11.575000,Q1416530,https://fr.wikipedia.org/wiki/Lac_de_Carezza,http://commons.wikimedia.org/wiki/Special:FilePath/Welschnofen%20Latemar%20%26%20Karersee%202.jpg
,,Lac de Varèse,lacs,wikidata,Varese,2,,78.8,53.3,0.0,10.7,8.0,5.0,0.0,0.0,27,,4,,inconnu,,,45.816667,8.733333,Q542913,https://fr.wikipedia.org/wiki/Lac_de_Var%C3%A8se,http://commons.wikimedia.org/wiki/Special:FilePath/Posizionevareselago.png
,,Fucin,lacs,wikidata,L'Aquila,2,,78.5,50.2,0.0,13.1,8.0,5.0,0.0,0.0,22,,3,,inconnu,,,42.008222,13.480056,Q914789,https://fr.wikipedia.org/wiki/Fucin,http://commons.wikimedia.org/wiki/Special:FilePath/Agricultural%20mosaic%20of%20the%20Fucino%20Plain%2C%20Italy%20%28Copernicus%202025-09-17%29.png
,,Lac de Viverone,lacs,wikidata,Biella,2,,75.9,44.4,0.0,16.0,8.0,5.0,0.0,0.0,15,,3,,inconnu,,,45.416667,8.033333,Q1800441,https://fr.wikipedia.org/wiki/Lac_de_Viverone,http://commons.wikimedia.org/wiki/Special:FilePath/Lago%20Viverone.JPG
,,Lac d'Idro,lacs,wikidata,Brescia,2,,74.1,52.1,0.0,7.7,8.0,5.0,0.0,0.0,25,,4,,inconnu,,,45.774500,10.511000,Q63148,https://fr.wikipedia.org/wiki/Lac_d%27Idro,http://commons.wikimedia.org/wiki/Special:FilePath/Idros%C3%A9i.jpg
,,Lac de Tovel,lacs,wikidata,Trente,2,,73.0,38.4,0.0,21.1,8.0,5.0,0.0,0.0,10,,5,,inconnu,,,46.261550,10.947997,Q1432181,https://fr.wikipedia.org/wiki/Lac_de_Tovel,http://commons.wikimedia.org/wiki/Special:FilePath/Lago%20di%20Tovel%202020%201.jpg
,,Lac de Vico,lacs,wikidata,Viterbo,2,,72.9,47.9,0.0,10.7,8.0,5.0,0.0,0.0,19,,2,,inconnu,,,42.317000,12.175000,Q1246006,https://fr.wikipedia.org/wiki/Lac_de_Vico,http://commons.wikimedia.org/wiki/Special:FilePath/Lagodivico2.jpg
,,Lac de Lesina,lacs,wikidata,Foggia,2,,72.5,50.8,0.0,8.2,8.0,5.0,0.0,0.0,23,,3,,inconnu,,,41.882500,15.446900,Q1129358,https://fr.wikipedia.org/wiki/Lac_de_Lesina,http://commons.wikimedia.org/wiki/Special:FilePath/Tutto%20rosa.tif
,,Lac de Ledro,lacs,wikidata,Trente,2,,71.8,42.2,0.0,15.6,8.0,5.0,0.0,0.0,13,,5,,inconnu,,,45.876667,10.750556,Q1407745,https://fr.wikipedia.org/wiki/Lac_de_Ledro,http://commons.wikimedia.org/wiki/Special:FilePath/Lago%20di%20Ledro%20cima%20pari.JPG
,,Lac Lucrin,lacs,wikidata,Naples,2,,71.4,45.3,0.0,12.4,8.0,5.0,0.0,0.0,16,,2,,inconnu,,,40.829444,14.080278,Q432545,https://fr.wikipedia.org/wiki/Lac_Lucrin,http://commons.wikimedia.org/wiki/Special:FilePath/Lago%20di%20Lucrino.JPG
,,Lac de Varano,lacs,wikidata,Foggia,2,,71.2,44.4,0.0,13.0,8.0,5.0,0.0,0.0,15,,3,,inconnu,,,41.879167,15.746111,Q511180,https://fr.wikipedia.org/wiki/Lac_de_Varano,http://commons.wikimedia.org/wiki/Special:FilePath/Lago%20varano%20view.jpg
,,Lac de Molveno,lacs,wikidata,Trente,2,,70.8,41.0,0.0,15.0,8.0,5.0,0.0,0.0,12,,5,,inconnu,,,46.125556,10.961111,Q1112151,https://fr.wikipedia.org/wiki/Lac_de_Molveno,http://commons.wikimedia.org/wiki/Special:FilePath/Molveno01.jpg
,,Lac de Lei,lacs,wikidata,Sondrio,2,,69.7,47.1,0.0,9.4,8.0,5.0,0.0,0.0,18,,3,,inconnu,,,46.452050,9.443236,Q656674,https://fr.wikipedia.org/wiki/Lac_de_Lei,http://commons.wikimedia.org/wiki/Special:FilePath/Lago%20di%20Lei%20as%20seen%20from%20Piz%20Grisch.jpg
,,Lac de Fedaia,lacs,wikidata,Trente,2,,69.2,35.2,0.0,20.5,8.0,5.0,0.0,0.0,8,,5,,inconnu,,,46.459400,11.870770,Q1399844,https://fr.wikipedia.org/wiki/Lac_de_Fedaia,http://commons.wikimedia.org/wiki/Special:FilePath/Lake%20Fedaia%205.jpg
,,Lac de Pergusa,lacs,wikidata,Enna,2,,68.4,43.3,0.0,10.9,8.0,5.0,0.0,0.0,14,,3,,inconnu,,,37.513889,14.305833,Q1800432,https://fr.wikipedia.org/wiki/Lac_de_Pergusa,http://commons.wikimedia.org/wiki/Special:FilePath/Lago%20di%20Pergusa.jpg
,,Lac de Cei,lacs,wikidata,Trente,2,,68.3,35.2,0.0,19.9,8.0,5.0,0.0,0.0,8,,5,,inconnu,,,45.951000,11.020000,Q1052694,https://fr.wikipedia.org/wiki/Lac_de_Cei,http://commons.wikimedia.org/wiki/Special:FilePath/Lago%20di%20Cei%20%28autunno%29.JPG
,,Lac de Dobbiaco,lacs,wikidata,Bolzano,2,,67.8,38.4,0.0,15.7,8.0,5.0,0.0,0.0,10,,5,,inconnu,,,46.703056,12.219167,Q2438157,https://fr.wikipedia.org/wiki/Lac_de_Dobbiaco,http://commons.wikimedia.org/wiki/Special:FilePath/Lago%20di%20Dobbiaco.jpg
,,Lac de Tenno,lacs,wikidata,Trente,2,,67.7,36.8,0.0,16.8,8.0,5.0,0.0,0.0,9,,5,,inconnu,,,45.938056,10.815833,Q1727103,https://fr.wikipedia.org/wiki/Lac_de_Tenno,http://commons.wikimedia.org/wiki/Special:FilePath/Lago%20di%20Tenno%20baia.JPG
,,Lac de Caldaro,lacs,wikidata,Bolzano,2,,66.8,39.8,0.0,13.3,8.0,5.0,0.0,0.0,11,,5,,inconnu,,,46.377500,11.262500,Q252074,https://fr.wikipedia.org/wiki/Lac_de_Caldaro,http://commons.wikimedia.org/wiki/Special:FilePath/KaltererSeePanoVonAltenburg.jpg
,,Lagune de Grado,lacs,wikidata,Gorizia,2,,66.6,36.8,0.0,16.2,8.0,5.0,0.0,0.0,9,,3,,inconnu,,,45.708000,13.352000,Q2258312,https://fr.wikipedia.org/wiki/Lagune_de_Grado,http://commons.wikimedia.org/wiki/Special:FilePath/Gradolagoon.jpg
,,Lagune de Marano,lacs,wikidata,Udine,2,monte,66.5,38.4,0.0,14.6,8.0,5.0,0.0,0.0,10,,3,,inconnu,,,45.735000,13.163000,Q3216288,https://fr.wikipedia.org/wiki/Lagune_de_Marano,http://commons.wikimedia.org/wiki/Special:FilePath/Marano%20Lagunare%20%282%29.jpg
,,Palais Colonna,maisons,wikidata,Rome,2,descend,87.7,49.5,0.0,13.7,8.0,5.0,0.0,7.5,21,,3,,inconnu,,,41.897636,12.484214,Q1971299,https://fr.wikipedia.org/wiki/Palais_Colonna_(Rome),http://commons.wikimedia.org/wiki/Special:FilePath/Trevi%20-%20palazzo%20colonna%20e%20basilica%20santi%20apostoli%2001.JPG
,,Villa Pisani,maisons,wikidata,Venise,2,,86.1,42.2,0.0,16.2,8.0,5.0,0.0,13.0,13,,4,,inconnu,,,45.408306,12.012583,Q2060988,https://fr.wikipedia.org/wiki/Villa_Pisani_(Stra),http://commons.wikimedia.org/wiki/Special:FilePath/Citt%C3%A0%20di%20Stra%20-%20Villa%20Pisani%20-%20Facciata%2045.407738%2C12.013244.jpg
,,Musée Enzo-Ferrari,maisons,wikidata,Modène,2,,85.5,38.4,0.0,16.6,8.0,5.0,0.0,15.6,10,,3,,inconnu,,,44.652157,10.936196,Q3329137,https://fr.wikipedia.org/wiki/Mus%C3%A9e_Enzo-Ferrari,http://commons.wikimedia.org/wiki/Special:FilePath/A%20workshop%20of%20dreams%20%2832354654116%29.jpg
,,Palazzo Davanzati,maisons,wikidata,Florence,2,,85.2,43.3,0.0,18.5,8.0,5.0,0.0,8.8,14,,4,,inconnu,,,43.770203,11.252855,Q657629,https://fr.wikipedia.org/wiki/Palazzo_Davanzati,http://commons.wikimedia.org/wiki/Special:FilePath/Palazzo%20davanzati%2012.JPG
,,Villa di Pratolino,maisons,wikidata,Florence,2,,84.9,42.2,0.0,27.3,8.0,5.0,0.0,0.0,13,,4,,inconnu,,,43.860000,11.302500,Q1376633,https://fr.wikipedia.org/wiki/Villa_di_Pratolino,http://commons.wikimedia.org/wiki/Special:FilePath/Pratolino%20detail.jpg
,,Villa Madame,maisons,wikidata,Rome,2,,83.5,46.2,0.0,21.7,8.0,5.0,0.0,0.0,17,,3,,inconnu,,,41.928353,12.452781,Q1267485,https://fr.wikipedia.org/wiki/Villa_Madame,http://commons.wikimedia.org/wiki/Special:FilePath/Il%20giardino%20di%20Villa%20Madama.jpg
,,Villa Barbaro,maisons,wikidata,Trévise,2,,83.1,47.9,0.0,18.0,8.0,5.0,0.0,0.0,19,,4,,inconnu,,,45.811944,11.976389,Q1071495,https://fr.wikipedia.org/wiki/Villa_Barbaro,http://commons.wikimedia.org/wiki/Special:FilePath/Villa%20Barbaro%20panoramica%20fronte%20Marcok.jpg
,,Palais royal de Gênes,maisons,wikidata,Gênes,2,,83.0,41.0,0.0,14.2,8.0,5.0,0.0,12.6,12,,3,,inconnu,,,44.414913,8.926160,Q1514006,https://fr.wikipedia.org/wiki/Palais_royal_de_G%C3%AAnes,http://commons.wikimedia.org/wiki/Special:FilePath/Genova%2C%20palazzo%20reale%2C%20controfacciata%2003.JPG
,,Villa Doria Pamphilj,maisons,wikidata,Rome,2,,81.9,46.2,0.0,18.5,8.0,5.0,0.0,0.0,17,,2,,inconnu,,,41.887769,12.450558,Q774654,https://fr.wikipedia.org/wiki/Villa_Doria_Pamphilj,http://commons.wikimedia.org/wiki/Special:FilePath/Villa%20Doria%20Pamphilj%20in%20Rom.jpg
,,Casa Buonarroti,maisons,wikidata,Florence,2,,79.4,49.5,0.0,9.7,8.0,5.0,0.0,5.6,21,,4,,inconnu,,,43.769849,11.263607,Q2418618,https://fr.wikipedia.org/wiki/Casa_Buonarroti,http://commons.wikimedia.org/wiki/Special:FilePath/3035%20-%20Firenze%20-%20Busto%20sopra%20l%27ingresso%20di%20Casa%20Buonarroti%20-%20Foto%20Giovanni%20Dall%27Orto%2C%2028-Oct-2007.jpg
,,Villa Medicea di Castello,maisons,wikidata,Florence,2,,77.9,47.1,0.0,15.5,8.0,5.0,0.0,0.0,18,,4,,inconnu,,,43.819444,11.228167,Q2094778,https://fr.wikipedia.org/wiki/Villa_Medicea_di_Castello,http://commons.wikimedia.org/wiki/Special:FilePath/Villa%20Castello%20Florence%20Apr%202008%20%2837%29.JPG
,,Villa Godi Malinverni,maisons,wikidata,Vicence,2,,77.5,48.7,0.0,14.5,8.0,5.0,0.0,0.0,20,,5,,inconnu,,,45.746141,11.534439,Q2084394,https://fr.wikipedia.org/wiki/Villa_Godi_Malinverni,http://commons.wikimedia.org/wiki/Special:FilePath/VillaGodi%202007%2007%2007%2001%20retouched.jpg
,,Villa Torlonia,maisons,wikidata,Rome,2,,77.5,43.3,0.0,17.5,8.0,5.0,0.0,0.0,14,,2,,inconnu,,,41.915745,12.511284,Q474857,https://fr.wikipedia.org/wiki/Villa_Torlonia_(Rome),http://commons.wikimedia.org/wiki/Special:FilePath/Roma%2C%20Villa%20Torlonia.jpg
,,Musée Stibbert,maisons,wikidata,Florence,2,,77.0,39.8,0.0,16.8,8.0,5.0,0.0,6.4,11,,4,,inconnu,,,43.792917,11.255000,Q3329363,https://fr.wikipedia.org/wiki/Mus%C3%A9e_Stibbert,http://commons.wikimedia.org/wiki/Special:FilePath/Museo%20Stibbert%20-%205.jpg
,,Villa Cornaro,maisons,wikidata,Padoue,2,,76.4,45.3,0.0,17.3,8.0,5.0,0.0,0.0,16,,4,,inconnu,,,45.607080,11.999390,Q2698156,https://fr.wikipedia.org/wiki/Villa_Cornaro,http://commons.wikimedia.org/wiki/Special:FilePath/VillaCornaro%202007%2007%2014%20front%201.jpg
,,Musée de Rimini,maisons,wikidata,Rimini,2,,75.3,31.1,0.0,16.9,8.0,5.0,0.0,14.0,6,,3,,inconnu,,,44.062614,12.566979,Q3868075,https://fr.wikipedia.org/wiki/Mus%C3%A9e_de_Rimini,http://commons.wikimedia.org/wiki/Special:FilePath/Rimini228.jpg
,,Villa Necchi Campiglio,maisons,wikidata,Milan,2,,74.7,35.2,0.0,10.7,8.0,5.0,0.0,11.7,8,,3,,inconnu,,,45.468267,9.201854,Q2525507,https://fr.wikipedia.org/wiki/Villa_Necchi_Campiglio,http://commons.wikimedia.org/wiki/Special:FilePath/Villa%20Necchi%2C%20Milan%2C%20Italy.jpg
,,Villa Palagonia,maisons,wikidata,Palerme,2,,74.4,39.8,0.0,19.2,8.0,5.0,0.0,0.0,11,,3,,inconnu,,,38.079662,13.511452,Q1241262,https://fr.wikipedia.org/wiki/Villa_Palagonia,http://commons.wikimedia.org/wiki/Special:FilePath/Villa%20Palagonia%20%283%29.jpg
,,Villa Mosconi Bertani,maisons,wikidata,Vérone,2,,73.8,36.8,0.0,23.8,8.0,5.0,0.0,0.0,9,,4,,inconnu,,,45.503600,10.946400,Q126182,https://fr.wikipedia.org/wiki/Villa_Mosconi_Bertani,http://commons.wikimedia.org/wiki/Special:FilePath/Villa%20Mosconi%20Bertani%202013.jpg
,,Galata - Museo del mare,maisons,wikidata,Gênes,2,,73.4,31.1,0.0,13.5,8.0,5.0,0.0,14.9,6,,3,,inconnu,,,44.414222,8.923417,Q1916826,https://fr.wikipedia.org/wiki/Galata_-_Museo_del_mare,http://commons.wikimedia.org/wiki/Special:FilePath/Genova-Palazzo%20Galata-DSCF7765.JPG
,,Villa Giulia,maisons,wikidata,Rome,2,,73.4,46.2,0.0,11.7,8.0,5.0,0.0,0.0,17,,2,,inconnu,,,41.918697,12.477595,Q964499,https://fr.wikipedia.org/wiki/Villa_Giulia_(Rome),http://commons.wikimedia.org/wiki/Special:FilePath/Villa%20Giulia%20modified.jpg
,,Villa Poiana,maisons,wikidata,Vicence,2,,72.5,39.8,0.0,19.1,8.0,5.0,0.0,0.0,11,,5,,inconnu,,,45.285339,11.498062,Q2688899,https://fr.wikipedia.org/wiki/Villa_Poiana,http://commons.wikimedia.org/wiki/Special:FilePath/Villa%20Pojana%20photo%20by%20Marcok%202009-08-08%20n13%20rect.jpg
,,Villa Pia,maisons,wikidata,Rome,2,,72.1,45.3,0.0,12.6,8.0,5.0,0.0,0.0,16,,1,,inconnu,,,41.904167,12.452500,Q2291560,https://fr.wikipedia.org/wiki/Villa_Pia,http://commons.wikimedia.org/wiki/Special:FilePath/Casino%20di%20pio%20IV%2C%2005.JPG
,,Villa Medicea del Poggio Imperiale,maisons,wikidata,Florence,2,,71.7,36.8,0.0,21.1,8.0,5.0,0.0,0.0,9,,4,,inconnu,,,43.748988,11.247767,Q1581507,https://fr.wikipedia.org/wiki/Villa_di_Poggio_Imperiale,http://commons.wikimedia.org/wiki/Special:FilePath/Villa%20del%20poggio%20imperiale%2C%20esterno%200%2C2.jpg
,,Villa Badoer,maisons,wikidata,Rovigo,2,,71.5,44.4,0.0,13.1,8.0,5.0,0.0,0.0,15,,3,,inconnu,,,45.038330,11.643340,Q2031664,https://fr.wikipedia.org/wiki/Villa_Badoer,http://commons.wikimedia.org/wiki/Special:FilePath/Villa%20Badoer%20Fratta%20Polesine%20facciata%20by%20Marcok%202009-08-16%20n08.jpg
,,Forum Romain,megalithes,wikidata,Rome,2,,124.6,68.6,0.0,26.9,8.0,5.0,0.0,0.0,72,,5,,inconnu,,,41.892200,12.485200,Q180212,https://fr.wikipedia.org/wiki/Forum_romain_(Rome),http://commons.wikimedia.org/wiki/Special:FilePath/Foro%20Romano%20Musei%20Capitolini%20Roma.jpg
,,Circus Maximus,megalithes,wikidata,Rome,2,,124.5,63.5,0.0,31.9,8.0,5.0,0.0,0.0,52,,5,,inconnu,,,41.885900,12.485700,Q207808,https://fr.wikipedia.org/wiki/Circus_Maximus,http://commons.wikimedia.org/wiki/Special:FilePath/Circus%20Maximus%202025.jpg
,,Mur d'Aurélien,megalithes,wikidata,Rome,2,,122.6,62.3,0.0,38.2,8.0,5.0,0.0,0.0,48,,5,,inconnu,,,41.873292,12.498955,Q625149,https://fr.wikipedia.org/wiki/Mur_d%27Aur%C3%A9lien,http://commons.wikimedia.org/wiki/Special:FilePath/Celio%20-%20le%20mura%20tra%20porta%20san%20Sebastiano%20e%20porta%20Ardeatina%201974.JPG
,,Ségeste,megalithes,wikidata,Trapani,2,,122.1,58.2,0.0,24.4,8.0,5.0,0.0,17.2,37,,5,,inconnu,,,37.940712,12.837567,Q692847,https://fr.wikipedia.org/wiki/S%C3%A9geste,http://commons.wikimedia.org/wiki/Special:FilePath/Segesta%2C%20Tempio%20greco.jpg
,,Ostie,megalithes,wikidata,Rome,2,,121.9,62.9,0.0,34.8,8.0,5.0,0.0,0.0,50,,5,,inconnu,,,41.754167,12.287500,Q1012797,https://fr.wikipedia.org/wiki/Ostie,http://commons.wikimedia.org/wiki/Special:FilePath/Frigidarium%20Terme%20del%20Foro%20Ostia%20Antica%202006-09-08.jpg
,,Forum de Trajan,megalithes,wikidata,Rome,2,nouveau,110.1,61.9,0.0,27.2,8.0,5.0,0.0,0.0,47,,5,,inconnu,,,41.895417,12.485869,Q211295,https://fr.wikipedia.org/wiki/Forum_de_Trajan,http://commons.wikimedia.org/wiki/Special:FilePath/Trajan%20forum.jpg
,,Mausolée de Galla Placidia,megalithes,wikidata,Ravenne,2,,108.8,58.2,0.0,17.5,8.0,5.0,0.0,13.0,37,,3,,inconnu,,,44.421021,12.197077,Q644288,https://fr.wikipedia.org/wiki/Mausol%C3%A9e_de_Galla_Placidia,http://commons.wikimedia.org/wiki/Special:FilePath/Mausoleum%20of%20Galla%20Placidia%20in%20Ravenna.JPG
,,Théâtre de Taormine,megalithes,wikidata,Messine,2,,105.6,47.1,0.0,15.8,8.0,5.0,0.0,22.5,18,,4,,inconnu,,,37.852453,15.292124,Q747484,https://fr.wikipedia.org/wiki/Th%C3%A9%C3%A2tre_de_Taormine,http://commons.wikimedia.org/wiki/Special:FilePath/Taormina%20BW%202012-10-05%2016-23-05%20stitch.jpg
,,Villa des Mystères,megalithes,wikidata,Naples,2,,96.5,54.4,0.0,21.3,8.0,5.0,0.0,0.0,29,,5,,inconnu,,,40.753694,14.477444,Q1241298,https://fr.wikipedia.org/wiki/Villa_des_Myst%C3%A8res,http://commons.wikimedia.org/wiki/Special:FilePath/Villa%20of%20the%20Mysteries%20in%20Pompeii.jpg
,,Nécropole de Pantalica,megalithes,wikidata,Syracuse,2,,93.3,60.5,0.0,17.0,8.0,5.0,0.0,0.0,43,,5,,inconnu,,,37.133333,14.983333,Q931434,https://fr.wikipedia.org/wiki/N%C3%A9cropole_de_Pantalica,http://commons.wikimedia.org/wiki/Special:FilePath/Nekropolis%20von%20Pantalica.jpg
,,Stabies,megalithes,wikidata,Naples,2,,91.6,56.4,0.0,16.8,8.0,5.0,0.0,0.0,33,,5,,inconnu,,,40.703056,14.498889,Q547910,https://fr.wikipedia.org/wiki/Stabies,http://commons.wikimedia.org/wiki/Special:FilePath/Wall%20painting%20from%20Stabiae%2C%201st%20century.jpg
,,Arc de Bénévent,megalithes,wikidata,Benevento,2,theme,89.5,51.5,0.0,22.6,8.0,5.0,0.0,0.0,24,,4,,inconnu,,,41.132500,14.779167,Q2142241,https://fr.wikipedia.org/wiki/Arc_de_Trajan_(B%C3%A9n%C3%A9vent),http://commons.wikimedia.org/wiki/Special:FilePath/Benevento-Arch%20of%20Trajan%20from%20South.jpg
,,Tyndaris,megalithes,wikidata,Messine,2,,88.0,53.9,0.0,19.2,8.0,5.0,0.0,0.0,28,,4,,inconnu,,,38.145556,15.039722,Q671481,https://fr.wikipedia.org/wiki/Tyndaris,http://commons.wikimedia.org/wiki/Special:FilePath/Patti%20Tindari%20Wallfahrtskirche.jpg
,,Sassi et parc des églises rupestres de Matera,megalithes,label,Matera,2,,87.4,11.1,40.0,16.6,8.0,5.0,0.0,0.0,1,unesco,4,,inconnu,oui,,40.666389,16.610278,Q55739617,https://fr.wikipedia.org/wiki/Sassi_et_parc_des_%C3%A9glises_rupestres_de_Matera,http://commons.wikimedia.org/wiki/Special:FilePath/Matera%20Sassi.jpg
,,Camarina,megalithes,wikidata,Ragusa,2,,86.3,53.9,0.0,18.3,8.0,5.0,0.0,0.0,28,,4,disparu ou démoli (0853),inconnu,,,36.872287,14.447788,Q854843,https://fr.wikipedia.org/wiki/Camarina,http://commons.wikimedia.org/wiki/Special:FilePath/Camarina%20QuartierAltare%2002.jpg
,,Antium,megalithes,wikidata,Rome,2,,86.1,36.8,0.0,30.7,8.0,5.0,0.0,0.0,9,,5,,inconnu,,,41.448306,12.628611,Q16010710,https://fr.wikipedia.org/wiki/Antium,http://commons.wikimedia.org/wiki/Special:FilePath/Domus%20rovine%206.JPG
,,Thourioï,megalithes,wikidata,Cosenza,2,,86.1,51.5,0.0,17.9,8.0,5.0,0.0,0.0,24,,3,,inconnu,,,39.750687,16.450224,Q602564,https://fr.wikipedia.org/wiki/Thourio%C3%AF,http://commons.wikimedia.org/wiki/Special:FilePath/Sybaris%20archeological%20park%203.jpg
,,Portus,megalithes,wikidata,Rome,2,,85.8,46.2,0.0,23.2,8.0,5.0,0.0,0.0,17,,5,,inconnu,,,41.779167,12.266667,Q2037271,https://fr.wikipedia.org/wiki/Portus_(port_romain),http://commons.wikimedia.org/wiki/Special:FilePath/Fiumicino%2003%20%28RaBoe%29.jpg
,,Maison des Vettii,megalithes,wikidata,Naples,2,,85.6,45.3,0.0,23.5,8.0,5.0,0.0,0.0,16,,5,,inconnu,,,40.752083,14.484583,Q1590855,https://fr.wikipedia.org/wiki/Maison_des_Vettii,http://commons.wikimedia.org/wiki/Special:FilePath/Casa%20dei%20Vettii%20WLM24%20%2823%29.jpg
,,Cirque de Caligula et de Néron,megalithes,wikidata,Rome,2,,85.5,48.7,0.0,18.6,8.0,5.0,0.0,0.0,20,,5,,inconnu,,,41.901667,12.455278,Q676074,https://fr.wikipedia.org/wiki/Cirque_de_Caligula_et_de_N%C3%A9ron,http://commons.wikimedia.org/wiki/Special:FilePath/Circus%20Neronis%20in%20Vaticano%20Ubi%20Hodie%20Teplum%20D.%20Petri.jpg
,,Canne,megalithes,wikidata,Barletta-Andria-Trani,2,,84.9,55.9,0.0,10.6,8.0,5.0,0.0,0.0,32,,3,,inconnu,,,41.296389,16.151667,Q568611,https://fr.wikipedia.org/wiki/Cannes_(Italie),http://commons.wikimedia.org/wiki/Special:FilePath/Area%20archeologica%20e%20Antiquarium%20di%20Canne%20della%20Battaglia%20-%20MIBAC%202013-05-02%2000-03-51.jpg
,,Nécropole du Vatican,megalithes,wikidata,Rome,2,nouveau,84.7,44.4,0.0,23.4,8.0,5.0,0.0,0.0,15,,5,,inconnu,,,41.902301,12.453293,Q2119637,https://fr.wikipedia.org/wiki/N%C3%A9cropole_du_Vatican,http://commons.wikimedia.org/wiki/Special:FilePath/Vatican%20Necropolis%2001.jpg
,,Sassi de Matera,megalithes,wikidata,Matera,2,,84.5,53.3,0.0,16.6,8.0,5.0,0.0,0.0,27,,3,,inconnu,,,40.666700,16.608300,Q2350404,https://fr.wikipedia.org/wiki/Sassi_di_Matera,http://commons.wikimedia.org/wiki/Special:FilePath/Matera%20boenisch%20nov%202005.jpg
,,Vulci,megalithes,wikidata,Viterbo,2,,84.5,52.1,0.0,17.0,8.0,5.0,0.0,0.0,25,,5,,inconnu,,,42.419129,11.628128,Q931172,https://fr.wikipedia.org/wiki/Vulci,http://commons.wikimedia.org/wiki/Special:FilePath/Vulci%20site.jpg
,,Théâtre grec de Syracuse,megalithes,wikidata,Syracuse,2,,84.3,44.4,0.0,23.9,8.0,5.0,0.0,0.0,15,,5,,inconnu,,,37.076110,15.275000,Q1058967,https://fr.wikipedia.org/wiki/Th%C3%A9%C3%A2tre_grec_de_Syracuse,http://commons.wikimedia.org/wiki/Special:FilePath/Greek%20theater%20of%20Syracuse%20AvL.JPG
,,Palais des Normands,monuments,wikidata,Palerme,2,,113.2,52.1,0.0,16.5,8.0,5.0,0.0,20.6,25,,3,,inconnu,,,38.111282,13.353410,Q1473825,https://fr.wikipedia.org/wiki/Palais_des_Normands,http://commons.wikimedia.org/wiki/Special:FilePath/Palais%20des%20Normands.jpg
,,Campanile de Saint-Marc,monuments,wikidata,Venise,2,,110.8,57.8,0.0,30.5,8.0,5.0,0.0,0.0,36,,3,,inconnu,,,45.434028,12.339028,Q754194,https://fr.wikipedia.org/wiki/Campanile_de_Saint-Marc,http://commons.wikimedia.org/wiki/Special:FilePath/Campanile%20of%20St.%20Mark%27s%20Basilica%20-%20remote%20view.jpg
,,Baptistère Saint-Jean,monuments,wikidata,Florence,2,,109.0,60.2,0.0,26.4,8.0,5.0,0.0,0.0,42,,3,,inconnu,,,43.773056,11.255000,Q732511,https://fr.wikipedia.org/wiki/Baptist%C3%A8re_Saint-Jean_de_Florence,http://commons.wikimedia.org/wiki/Special:FilePath/Firenze%20Battistero%20di%20San%20Giovanni%20Esterno%2004.jpg
,,Chapelle Sansevero,monuments,wikidata,Naples,2,,105.6,48.7,0.0,16.1,8.0,5.0,0.0,21.7,20,,3,,inconnu,,,40.849190,14.254880,Q897839,https://fr.wikipedia.org/wiki/Chapelle_Sansevero,http://commons.wikimedia.org/wiki/Special:FilePath/Immagine%20d%27insieme%202%2C%20Cappella%20Sansevero.jpg
,,La Fenice,monuments,wikidata,Venise,2,,103.1,60.9,0.0,19.9,8.0,5.0,0.0,0.0,44,,3,,inconnu,,,45.433700,12.333900,Q223942,https://fr.wikipedia.org/wiki/La_Fenice,http://commons.wikimedia.org/wiki/Special:FilePath/Teatro%20La%20Fenice%20%28Venice%29%20-%20Facade.jpg
,,Colonne de Marc-Aurèle,monuments,wikidata,Rome,2,,102.2,59.0,0.0,23.6,8.0,5.0,0.0,0.0,39,,2,,inconnu,,,41.900833,12.480000,Q265384,https://fr.wikipedia.org/wiki/Colonne_de_Marc-Aur%C3%A8le,http://commons.wikimedia.org/wiki/Special:FilePath/Colonna%20di%20Marco%20aurelio%20-%20Frontale.jpg
,,Teatro San Carlo,monuments,wikidata,Naples,2,,98.6,60.9,0.0,19.2,8.0,5.0,0.0,0.0,44,,3,,inconnu,,,40.837388,14.249687,Q628491,https://fr.wikipedia.org/wiki/Teatro_San_Carlo,http://commons.wikimedia.org/wiki/Special:FilePath/Teatro%20de%20San%20Carlos%2C%20N%C3%A1poles%2C%20Italia%2C%202023-03-25%2C%20DD%20184-186%20HDR.jpg
,,Palais des papes de Castel Gandolfo,monuments,wikidata,Rome,2,nouveau,94.2,50.8,0.0,24.0,8.0,5.0,0.0,0.0,23,,2,,inconnu,,,41.747100,12.650300,Q2739100,https://fr.wikipedia.org/wiki/Palais_des_papes_de_Castel_Gandolfo,http://commons.wikimedia.org/wiki/Special:FilePath/Castel%20Gandolfo%20BW%203.JPG
,,Palais Barberini,monuments,wikidata,Rome,2,nouveau,94.0,56.9,0.0,17.8,8.0,5.0,0.0,0.0,34,,1,,inconnu,,,41.903324,12.489856,Q1136614,https://fr.wikipedia.org/wiki/Palais_Barberini,http://commons.wikimedia.org/wiki/Special:FilePath/PalaisBarberini-Facade%20avant%20du%20palais.JPG
,,Campanile de Santa Maria del Fiore,monuments,wikidata,Florence,2,,92.4,53.3,0.0,18.8,8.0,5.0,0.0,0.0,27,,3,,inconnu,,,43.772806,11.255806,Q1140023,https://fr.wikipedia.org/wiki/Campanile_de_Giotto,http://commons.wikimedia.org/wiki/Special:FilePath/Catedral%2C%20Florencia%2C%20Italia%2C%202022-09-19%2C%20DD%2095.jpg
,,Ca' Foscari,monuments,wikidata,Venise,2,,91.7,53.9,0.0,23.2,8.0,5.0,0.0,0.0,28,,3,,inconnu,,,45.434464,12.326600,Q957551,https://fr.wikipedia.org/wiki/Ca%27_Foscari,http://commons.wikimedia.org/wiki/Special:FilePath/%28Venice%29%20Ca%27%20Foscari.jpg
,,Palais de Venise,monuments,wikidata,Rome,2,nouveau,90.6,55.9,0.0,15.7,8.0,5.0,0.0,0.0,32,,1,,inconnu,,,41.896200,12.481500,Q1123879,https://fr.wikipedia.org/wiki/Palais_de_Venise,http://commons.wikimedia.org/wiki/Special:FilePath/Palazzo%20Venezia%20%28Rome%29%20-%20Exterior.jpg
,,Teatro Massimo Vittorio Emanuele,monuments,wikidata,Palerme,2,,90.2,53.9,0.0,17.4,8.0,5.0,0.0,0.0,28,,3,,inconnu,,,38.120278,13.357222,Q261439,https://fr.wikipedia.org/wiki/Teatro_Massimo_Vittorio_Emanuele,http://commons.wikimedia.org/wiki/Special:FilePath/Il%20Teatro%20Massimo%20di%20Palermo.jpg
,,Palazzo Gio Carlo Brignole,monuments,wikidata,Gênes,2,,89.3,25.8,40.0,10.2,8.0,5.0,0.0,0.0,4,unesco,4,,inconnu,oui,,44.411436,8.931356,Q3361305,https://fr.wikipedia.org/wiki/Palazzo_Gio_Carlo_Brignole,http://commons.wikimedia.org/wiki/Special:FilePath/Palazzo%20Gio%20Carlo%20Brignole%2C%20facciata%2C%20Genova.jpg
,,Palazzo Pubblico,monuments,wikidata,Sienne,2,,87.3,50.2,0.0,19.2,8.0,5.0,0.0,0.0,22,,3,,inconnu,,,43.318007,11.331942,Q1190961,https://fr.wikipedia.org/wiki/Palazzo_Pubblico_(Sienne),http://commons.wikimedia.org/wiki/Special:FilePath/2000-05-17%20Siena%2005170009.jpg
,,Amphithéâtre de Pompéi,monuments,wikidata,Naples,2,,84.4,47.1,0.0,19.9,8.0,5.0,0.0,0.0,18,,3,,inconnu,,,40.751264,14.494969,Q2015116,https://fr.wikipedia.org/wiki/Amphith%C3%A9%C3%A2tre_de_Pomp%C3%A9i,http://commons.wikimedia.org/wiki/Special:FilePath/Pompeii%20amphitheatre%20interior.jpg
,,Palais Rucellai,monuments,wikidata,Florence,2,,84.0,51.5,0.0,16.4,8.0,5.0,0.0,0.0,24,,3,,inconnu,,,43.771278,11.249597,Q923702,https://fr.wikipedia.org/wiki/Palais_Rucellai,http://commons.wikimedia.org/wiki/Special:FilePath/Via%20della%20Vigna%20Nuova%2018%2C%20palazzo%20rucellai%2C%2002%2C0.jpg
,,Palais Madame,monuments,wikidata,Turin,2,,83.8,50.8,0.0,14.0,8.0,5.0,0.0,0.0,23,,4,,inconnu,,,45.070944,7.685778,Q19826,https://fr.wikipedia.org/wiki/Palais_Madame_(Turin),http://commons.wikimedia.org/wiki/Special:FilePath/Luce%20di%20fine%20settembre%20su%20Palazzo%20Madama%2C%20Torino.jpg
,,Ca' Vendramin Calergi,monuments,wikidata,Venise,2,,83.1,48.7,0.0,19.3,8.0,5.0,0.0,0.0,20,,3,,inconnu,,,45.442222,12.329722,Q1265593,https://fr.wikipedia.org/wiki/Ca%27_Vendramin_Calergi,http://commons.wikimedia.org/wiki/Special:FilePath/Ca%27%20Vendramin%20Calergi.jpg
,,Torre Ghirlandina,monuments,wikidata,Modène,2,,82.7,52.1,0.0,15.9,8.0,5.0,0.0,0.0,25,,4,,inconnu,,,44.646336,10.925883,Q569767,https://fr.wikipedia.org/wiki/Torre_Ghirlandina,http://commons.wikimedia.org/wiki/Special:FilePath/Modena%202015-06-02%20080-edit.jpg
,,Palais ducal d'Urbin,monuments,wikidata,Pesaro et Urbin,2,monte,82.4,50.2,0.0,15.9,8.0,5.0,0.0,0.0,22,,3,,inconnu,,,43.724235,12.635989,Q1267721,https://fr.wikipedia.org/wiki/Palais_ducal_d%27Urbin,http://commons.wikimedia.org/wiki/Special:FilePath/2012%20Urbino%20-%20panorama%20dalla%20fortezza%20Albornoz%20211.jpg
,,Palazzo Ducale,monuments,wikidata,Gênes,2,monte,82.1,50.2,0.0,16.2,8.0,5.0,0.0,0.0,22,,3,,inconnu,,,44.407524,8.933261,Q2047566,https://fr.wikipedia.org/wiki/Palazzo_Ducale_(G%C3%AAnes),http://commons.wikimedia.org/wiki/Special:FilePath/Palazzo%20Ducale%20piazza%20Matteotti%202.JPG
,,Palais royal de Portici,monuments,wikidata,Naples,2,monte,80.5,46.2,0.0,18.6,8.0,5.0,0.0,0.0,17,,3,,inconnu,,,40.811250,14.342667,Q1041792,https://fr.wikipedia.org/wiki/Palais_royal_de_Portici,http://commons.wikimedia.org/wiki/Special:FilePath/Reggia%20di%20Portici1.jpg
,,Teatro comunale,monuments,wikidata,Bologne,2,monte,79.9,46.2,0.0,20.1,8.0,5.0,0.0,0.0,17,,4,,inconnu,,,44.496353,11.350529,Q2306368,https://fr.wikipedia.org/wiki/Teatro_comunale_(Bologne),http://commons.wikimedia.org/wiki/Special:FilePath/Teatro%20Comunale%20Bologna.jpg
,,Palais Chiericati,monuments,wikidata,Vicence,2,monte,79.1,50.2,0.0,14.5,8.0,5.0,0.0,0.0,22,,3,,inconnu,,,45.549167,11.549167,Q729773,https://fr.wikipedia.org/wiki/Palais_Chiericati,http://commons.wikimedia.org/wiki/Special:FilePath/Palazzo%20Chiericati%20%28Vicenza%29.jpg
,,Palazzo Rosso,musees,wikidata,Gênes,2,,129.4,50.8,40.0,17.6,8.0,5.0,0.0,5.7,23,unesco,4,,inconnu,,,44.411250,8.932120,Q2034331,https://fr.wikipedia.org/wiki/Palazzo_Rosso,http://commons.wikimedia.org/wiki/Special:FilePath/Palazzo%20rosso%2000.JPG
,,Musée national du Bargello,musees,wikidata,Florence,2,,121.6,59.4,0.0,28.1,8.0,5.0,0.0,15.0,40,,3,,inconnu,,,43.770398,11.258008,Q388448,https://fr.wikipedia.org/wiki/Mus%C3%A9e_national_du_Bargello,http://commons.wikimedia.org/wiki/Special:FilePath/Palazzo%20del%20bargello%20visto%20da%20piazza%20san%20firenze.JPG
,,Galeries de l'Académie,musees,wikidata,Venise,2,,121.5,60.2,0.0,23.6,8.0,5.0,0.0,18.1,42,,3,,inconnu,,,45.431078,12.328139,Q338330,https://fr.wikipedia.org/wiki/Galeries_de_l%27Acad%C3%A9mie_de_Venise,http://commons.wikimedia.org/wiki/Special:FilePath/Accademia%20%28Venice%29.jpg
,,Pinacothèque de Brera,musees,wikidata,Milan,2,,121.5,58.2,0.0,22.9,8.0,5.0,0.0,18.8,37,,3,,inconnu,,,45.471955,9.187815,Q150066,https://fr.wikipedia.org/wiki/Pinacoth%C3%A8que_de_Brera,http://commons.wikimedia.org/wiki/Special:FilePath/Milan%20-%20Pinacoth%C3%A8que%20de%20Brera%20-%20Cour%20int%C3%A9rieure.jpg
,,Autel de la paix d'Auguste,musees,wikidata,Rome,2,,120.7,59.8,0.0,36.2,8.0,5.0,0.0,0.0,41,,3,,inconnu,,,41.906389,12.475556,Q623612,https://fr.wikipedia.org/wiki/Ara_Pacis,http://commons.wikimedia.org/wiki/Special:FilePath/Ara%20Pacis%20%28SW%29.jpg
,,Musée national romain,musees,wikidata,Rome,2,,120.0,57.3,0.0,28.5,8.0,5.0,0.0,17.9,35,,3,,inconnu,,,41.903426,12.499018,Q1135392,https://fr.wikipedia.org/wiki/Mus%C3%A9e_national_romain,http://commons.wikimedia.org/wiki/Special:FilePath/Therme-vum-Diokletian.jpg
,,Mole Antonelliana,musees,wikidata,Turin,2,,118.1,57.3,0.0,20.0,8.0,5.0,0.0,16.0,35,,3,,inconnu,,,45.068980,7.693240,Q201902,https://fr.wikipedia.org/wiki/Mole_Antonelliana,http://commons.wikimedia.org/wiki/Special:FilePath/Mole%20Antonelliana%20in%20Turin.jpg
,,Palais de la Seigneurie,musees,wikidata,Florence,2,,117.3,62.3,0.0,28.1,8.0,5.0,0.0,0.0,48,,3,,inconnu,,,43.769444,11.256111,Q271928,https://fr.wikipedia.org/wiki/Palazzo_Vecchio,http://commons.wikimedia.org/wiki/Special:FilePath/Piazza%20della%20signoria%2C%20palazzo%20vecchio%2C%20veduta%2001.jpg
,,Domus aurea,musees,wikidata,Rome,2,,116.5,58.2,0.0,22.8,8.0,5.0,0.0,10.7,37,,3,,inconnu,,,41.891389,12.495278,Q622438,https://fr.wikipedia.org/wiki/Domus_aurea,http://commons.wikimedia.org/wiki/Special:FilePath/EingangDomusAurea.jpg
,,Palais ducal de Mantoue,musees,wikidata,Mantoue,2,,115.9,50.8,0.0,31.7,8.0,5.0,0.0,16.2,23,,3,,inconnu,,,45.160336,10.798799,Q1635704,https://fr.wikipedia.org/wiki/Palais_ducal_de_Mantoue,http://commons.wikimedia.org/wiki/Special:FilePath/Mantoue%20palais%20ducal.jpg
,,Chapelle Brancacci,musees,wikidata,Florence,2,,115.4,50.8,0.0,32.6,8.0,5.0,0.0,11.1,23,,3,,inconnu,,,43.768448,11.244030,Q1996075,https://fr.wikipedia.org/wiki/Chapelle_Brancacci,http://commons.wikimedia.org/wiki/Special:FilePath/Cappella%20brancacci%2003.JPG
,,Villa Farnesina,musees,wikidata,Rome,2,,114.8,57.3,0.0,25.8,8.0,5.0,0.0,10.4,35,,2,,inconnu,,,41.893611,12.467500,Q1126723,https://fr.wikipedia.org/wiki/Villa_Farnesina,http://commons.wikimedia.org/wiki/Special:FilePath/Loggia%20of%20Psyche%20%28Villa%20Farnesina%2C%20Rome%29.jpg
,,Museo dell'Opera del Duomo,musees,wikidata,Florence,2,,114.2,50.2,0.0,23.4,8.0,5.0,0.0,23.7,22,,3,,inconnu,,,43.772700,11.255817,Q1200696,https://fr.wikipedia.org/wiki/Museo_dell%27Opera_del_Duomo_(Florence),http://commons.wikimedia.org/wiki/Special:FilePath/Museum%20Facade%20Opera%20del%20Duomo%202015.jpg
,,Palais royal de Naples,musees,wikidata,Naples,2,,111.7,54.9,0.0,19.8,8.0,5.0,0.0,17.8,30,,2,,inconnu,,,40.836136,14.249283,Q426339,https://fr.wikipedia.org/wiki/Palais_royal_de_Naples,http://commons.wikimedia.org/wiki/Special:FilePath/Palazzo%20Reale%20di%20Napoli.jpg
,,Palais Medici-Riccardi,musees,wikidata,Florence,2,,105.9,54.9,0.0,15.3,8.0,5.0,0.0,15.4,30,,3,,inconnu,,,43.775288,11.255986,Q911047,https://fr.wikipedia.org/wiki/Palais_Medici-Riccardi,http://commons.wikimedia.org/wiki/Special:FilePath/Palazzo%20Medici%20Riccardi.JPG
,,Collection Peggy-Guggenheim,musees,wikidata,Venise,2,,105.7,51.5,0.0,18.0,8.0,5.0,0.0,18.3,24,,3,,inconnu,,,45.430821,12.331537,Q1049033,https://fr.wikipedia.org/wiki/Collection_Peggy-Guggenheim,http://commons.wikimedia.org/wiki/Special:FilePath/Pal%20Venier%20dei%20Leone.jpg
,,Triennale de Milan,musees,wikidata,Milan,2,,104.9,45.3,0.0,22.8,8.0,5.0,0.0,21.0,16,,3,,inconnu,,,45.471813,9.173708,Q2705493,https://fr.wikipedia.org/wiki/Triennale_de_Milan,http://commons.wikimedia.org/wiki/Special:FilePath/Parco%20Sempione%20%28Milan%29%2C%20Wikimania%202016%2C%20MP%20003.jpg
,,Catacombes capucines de Palerme,musees,wikidata,Palerme,2,,104.6,50.2,0.0,18.8,8.0,5.0,0.0,11.0,22,,3,,inconnu,,,38.111667,13.339167,Q1728834,https://fr.wikipedia.org/wiki/Catacombes_des_Capucins,http://commons.wikimedia.org/wiki/Special:FilePath/Professionalists%27%20Corridor.jpg
,,Jardin des Tarots,musees,wikidata,Grosseto,2,,104.3,46.2,0.0,18.7,8.0,5.0,0.0,12.6,17,,3,,inconnu,,,42.425904,11.466390,Q949846,https://fr.wikipedia.org/wiki/Jardin_des_Tarots,http://commons.wikimedia.org/wiki/Special:FilePath/Niki%20de%20saint-phalle%2C%20giardino%20dei%20tarocchi%2C%20ingresso%2002.JPG
,,MAXXI - Musée national des arts du XXIe siècle,musees,wikidata,Rome,2,,104.1,52.1,0.0,17.6,8.0,5.0,0.0,17.2,25,,2,,inconnu,,,41.928467,12.468314,Q1881229,https://fr.wikipedia.org/wiki/MAXXI_-_Mus%C3%A9e_national_des_Arts_du_XXIe_si%C3%A8cle,
,,Ca' Rezzonico,musees,wikidata,Venise,2,,103.5,53.3,0.0,32.7,8.0,5.0,0.0,0.0,27,,3,,inconnu,,,45.434086,12.324354,Q1052171,https://fr.wikipedia.org/wiki/Ca%27_Rezzonico,http://commons.wikimedia.org/wiki/Special:FilePath/Ca%27%20Rezzonico%20%28Venice%29.jpg
,,Galerie Doria-Pamphilj,musees,wikidata,Rome,2,,102.7,52.7,0.0,17.2,8.0,5.0,0.0,13.3,26,,1,,inconnu,,,41.897985,12.481562,Q1203458,https://fr.wikipedia.org/wiki/Galerie_Doria-Pamphilj,http://commons.wikimedia.org/wiki/Special:FilePath/Roma-palazzodoriapamphili.jpg
,,Mausolée de Théodoric,musees,wikidata,Ravenne,2,monte,102.4,56.4,0.0,16.6,8.0,5.0,0.0,11.4,33,,3,,inconnu,,,44.425046,12.209169,Q289427,https://fr.wikipedia.org/wiki/Mausol%C3%A9e_de_Th%C3%A9odoric,http://commons.wikimedia.org/wiki/Special:FilePath/Mausoleum%20of%20Theodoric%20%28Ravenna%29%20-%20Exterior.jpg
,,Palais Gerolamo Grimaldi,musees,wikidata,Gênes,2,monte,102.0,28.7,40.0,17.1,8.0,5.0,0.0,2.7,5,unesco,4,,inconnu,oui,,44.411700,8.931510,Q3890183,https://fr.wikipedia.org/wiki/Palais_Gerolamo_Grimaldi,http://commons.wikimedia.org/wiki/Special:FilePath/Palazzo%20della%20Meridiana%20Facciata%20piazza.JPG
,,Teatro olimpico,musees,wikidata,Vicence,2,monte,101.8,53.3,0.0,17.2,8.0,5.0,0.0,13.6,27,,3,,inconnu,,,45.549978,11.549227,Q902532,https://fr.wikipedia.org/wiki/Teatro_Olimpico,http://commons.wikimedia.org/wiki/Special:FilePath/Interior%20of%20Teatro%20Olimpico%20%28Vicenza%29%20scena%20.jpg
,,Phare de Livourne,phares,wikidata,Livourne,2,,62.0,33.3,0.0,15.4,8.0,5.0,0.0,0.0,7,,3,,inconnu,,,43.543778,10.294833,Q3739193,https://fr.wikipedia.org/wiki/Phare_de_Livourne,http://commons.wikimedia.org/wiki/Special:FilePath/Fanale%20di%20Livorno%20e%20Madonnina.jpg
,,Phare du Mont Circé,phares,wikidata,Latina,2,,53.6,28.7,0.0,11.7,8.0,5.0,0.0,0.0,5,,2,,inconnu,,,41.222349,13.068501,Q259658,https://fr.wikipedia.org/wiki/Phare_du_Mont_Circ%C3%A9,http://commons.wikimedia.org/wiki/Special:FilePath/DSCF2002.jpg
,,Phare de San Benedetto del Tronto,phares,wikidata,Ascoli Piceno,2,,52.9,28.7,0.0,11.2,8.0,5.0,0.0,0.0,5,,3,,inconnu,,,42.952639,13.886139,Q28376417,https://fr.wikipedia.org/wiki/Phare_de_San_Benedetto_del_Tronto,http://commons.wikimedia.org/wiki/Special:FilePath/Sanbenedettodeltronto06.jpg
,,Faro Voltiano di Brunate,phares,wikidata,Côme,2,,36.7,28.7,0.0,0.0,8.0,0.0,0.0,0.0,5,,3,,inconnu,,,45.826060,9.100457,Q28375375,,http://commons.wikimedia.org/wiki/Special:FilePath/Brunate%20-%20Faro%20Voltiano%20-%202024-09-01%2022-41-22%20001.JPG
,,Piazza della Signoria,piazzas,wikidata,Florence,2,,95.7,57.3,0.0,16.4,8.0,5.0,0.0,0.0,35,,3,,inconnu,,,43.769722,11.255556,Q849846,https://fr.wikipedia.org/wiki/Piazza_della_Signoria,http://commons.wikimedia.org/wiki/Special:FilePath/Giuseppe%20Zocchi%20-%20The%20Piazza%20della%20Signoria%20in%20Florence%20-%20WGA25992.jpg
,,Piazza del Campo,piazzas,wikidata,Sienne,2,,92.5,55.5,0.0,15.8,8.0,5.0,0.0,0.0,31,,3,,inconnu,,,43.318400,11.331450,Q1061229,https://fr.wikipedia.org/wiki/Piazza_del_Campo,http://commons.wikimedia.org/wiki/Special:FilePath/Il%20campo%20view%20from%20torre.jpg
,,Piazzale Loreto,piazzas,wikidata,Milan,2,,89.3,52.1,0.0,17.4,8.0,5.0,0.0,0.0,25,,3,,inconnu,,,45.486231,9.216767,Q525297,https://fr.wikipedia.org/wiki/Piazzale_Loreto,http://commons.wikimedia.org/wiki/Special:FilePath/Milano%20-%20piazzale%20Loreto.jpg
,,Piazza Bra,piazzas,wikidata,Vérone,2,,86.7,44.4,0.0,27.7,8.0,5.0,0.0,0.0,15,,4,,inconnu,,,45.438889,10.992778,Q1056360,https://fr.wikipedia.org/wiki/Piazza_Bra,http://commons.wikimedia.org/wiki/Special:FilePath/Piazza%20Bra%20seen%20from%20the%20arenas%20%28Verona%29.jpg
,,Piazza del Duomo,piazzas,wikidata,Milan,2,,84.3,51.5,0.0,14.3,8.0,5.0,0.0,0.0,24,,3,,inconnu,,,45.464167,9.190000,Q51108,https://fr.wikipedia.org/wiki/Piazza_del_Duomo_(Milan),http://commons.wikimedia.org/wiki/Special:FilePath/Milano%2C%20Duomo%20with%20Milan%20Cathedral%20and%20Galleria%20Vittorio%20Emanuele%20II%2C%202016.jpg
,,Piazza dell'Unità d'Italia,piazzas,wikidata,Trieste,2,,83.8,44.4,0.0,24.5,8.0,5.0,0.0,0.0,15,,3,,inconnu,,,45.650000,13.767861,Q1645600,https://fr.wikipedia.org/wiki/Piazza_Unit%C3%A0_d%27Italia,http://commons.wikimedia.org/wiki/Special:FilePath/Plaza%20de%20la%20Unidad%20de%20Italia%2C%20Trieste%2C%20Italia%2C%202017-04-15%2C%20DD%2011-15%20HDR.jpg
,,Cour du Belvédère,piazzas,wikidata,Rome,2,,83.1,44.4,0.0,22.6,8.0,5.0,0.0,0.0,15,,1,,inconnu,,,41.904167,12.454722,Q2547111,https://fr.wikipedia.org/wiki/Cour_du_Belv%C3%A9d%C3%A8re,http://commons.wikimedia.org/wiki/Special:FilePath/Patio%20del%20Belvedere%2C%20Ciudad%20del%20Vaticano%2C%202022-09-14%2C%20DD%2073-75%20HDR.jpg
,,Piazza del Plebiscito,piazzas,wikidata,Naples,2,,80.5,47.9,0.0,14.6,8.0,5.0,0.0,0.0,19,,3,,inconnu,,,40.835900,14.248800,Q1047594,https://fr.wikipedia.org/wiki/Piazza_del_Plebiscito,http://commons.wikimedia.org/wiki/Special:FilePath/Basilica%20reale%20pontificia%20di%20San%20Francesco%20di%20Paola%20Piazza%20del%20Plebiscito%20Napoli%20Neapel%20Italy%20Foto%20Wolfgang%20Pehlemann%20P1070687.jpg
,,Quattro Canti,piazzas,wikidata,Palerme,2,,78.9,46.2,0.0,13.7,8.0,5.0,0.0,0.0,17,,3,,inconnu,,,38.115680,13.361490,Q1665695,https://fr.wikipedia.org/wiki/Quattro_Canti,http://commons.wikimedia.org/wiki/Special:FilePath/Palermo%200613%202013.jpg
,,Piazza Maggiore,piazzas,wikidata,Bologne,2,,77.9,47.9,0.0,13.3,8.0,5.0,0.0,0.0,19,,3,,inconnu,,,44.493730,11.343064,Q634917,https://fr.wikipedia.org/wiki/Piazza_Maggiore,http://commons.wikimedia.org/wiki/Special:FilePath/Bologna-vista02.jpg
,,Piazzale Michelangelo,piazzas,wikidata,Florence,2,,76.8,46.2,0.0,14.0,8.0,5.0,0.0,0.0,17,,3,,inconnu,,,43.762920,11.265160,Q1348158,https://fr.wikipedia.org/wiki/Piazzale_Michelangelo,http://commons.wikimedia.org/wiki/Special:FilePath/Blick%20auf%20und%20vom%20Piazzale%20Michelangelo%20%28LM28908%29.jpg
,,Piazza del Duomo,piazzas,wikidata,Florence,2,,73.9,43.3,0.0,14.3,8.0,5.0,0.0,0.0,14,,2,,inconnu,,,43.772866,11.256557,Q2252810,https://fr.wikipedia.org/wiki/Piazza_del_Duomo_(Florence),http://commons.wikimedia.org/wiki/Special:FilePath/Florence%20Baptistery%20and%20Florence%20Cathedral%20360%20panorama%20small.jpg
,,Piazza delle Erbe,piazzas,wikidata,Vérone,2,,73.6,45.3,0.0,12.1,8.0,5.0,0.0,0.0,16,,4,,inconnu,,,45.443056,10.997222,Q2717102,https://fr.wikipedia.org/wiki/Piazza_delle_Erbe_(V%C3%A9rone),http://commons.wikimedia.org/wiki/Special:FilePath/Piazza%20delle%20Erbe%20-%20Palazzo%20Maffei%20%28Verona%29.jpg
,,Place de l'Amphithéâtre,piazzas,wikidata,Lucques,2,,73.5,42.2,0.0,16.8,8.0,5.0,0.0,0.0,13,,2,,inconnu,,,43.845350,10.506150,Q1067038,https://fr.wikipedia.org/wiki/Place_de_l%27Amphith%C3%A9%C3%A2tre_(Lucques),http://commons.wikimedia.org/wiki/Special:FilePath/Lucca%20Piazza%20dell%E2%80%99Anfiteatro%202021.jpg
,,Piazza dei Cavalieri,piazzas,wikidata,Pise,2,,73.1,41.0,0.0,17.5,8.0,5.0,0.0,0.0,12,,2,,inconnu,,,43.719444,10.400000,Q1784719,https://fr.wikipedia.org/wiki/Piazza_dei_Cavalieri,http://commons.wikimedia.org/wiki/Special:FilePath/Pisa%2C%20palazzo%20della%20carovana%2000%20piazza%20dei%20cavalieri.jpg
,,Piazza Mercanti,piazzas,wikidata,Milan,2,,71.7,39.8,0.0,16.9,8.0,5.0,0.0,0.0,11,,3,,inconnu,,,45.464630,9.187680,Q929968,https://fr.wikipedia.org/wiki/Piazza_Mercanti_(Milan),http://commons.wikimedia.org/wiki/Special:FilePath/Piazza%20mercanti%20Milano.JPG
,,Campo San Polo,piazzas,wikidata,Venise,2,,71.6,44.4,0.0,13.1,8.0,5.0,0.0,0.0,15,,3,,inconnu,,,45.437500,12.329900,Q744776,https://fr.wikipedia.org/wiki/Campo_San_Polo,http://commons.wikimedia.org/wiki/Special:FilePath/Campo%20San%20Polo%20%28Venice%29.jpg
,,Piazza Dante,piazzas,wikidata,Naples,2,,70.9,44.4,0.0,12.0,8.0,5.0,0.0,0.0,15,,3,,inconnu,,,40.849017,14.250072,Q926401,https://fr.wikipedia.org/wiki/Piazza_Dante_(Naples),http://commons.wikimedia.org/wiki/Special:FilePath/Monument%20of%20Dante%20Alighieri%20in%20Piazza%20Dante%20Napoli.%20Campania%2C%20Italy%2C%20South%20Europe-2.jpg
,,Piazza Grande,piazzas,wikidata,Modène,2,,70.7,45.3,0.0,11.9,8.0,5.0,0.0,0.0,16,,3,,inconnu,,,44.645924,10.925614,Q2718057,https://fr.wikipedia.org/wiki/Piazza_Grande_(Mod%C3%A8ne),http://commons.wikimedia.org/wiki/Special:FilePath/Modena%20Piazza%20Grande.jpg
,,Place Castello,piazzas,wikidata,Turin,2,,70.5,42.2,0.0,13.2,8.0,5.0,0.0,0.0,13,,3,,inconnu,,,45.070800,7.685800,Q3902175,https://fr.wikipedia.org/wiki/Place_Castello,http://commons.wikimedia.org/wiki/Special:FilePath/Torino%20-%20Piazza%20Castello%20%2824269304747%29.jpg
,,Piazza De Ferrari,piazzas,wikidata,Gênes,2,,70.2,45.3,0.0,9.5,8.0,5.0,0.0,0.0,16,,3,,inconnu,,,44.407260,8.934050,Q1411612,https://fr.wikipedia.org/wiki/Piazza_De_Ferrari,http://commons.wikimedia.org/wiki/Special:FilePath/Piazza%20De%20Ferrari%20vista%20da%20Palazzo%20Ducale%2C%20coi%20suoi%20vari%20palazzi%2C%20Genova%2C%20Italia..jpg
,,Piazza Santo Stefano,piazzas,wikidata,Bologne,2,,68.7,41.0,0.0,14.2,8.0,5.0,0.0,0.0,12,,3,,inconnu,,,44.492266,11.348138,Q2091949,https://fr.wikipedia.org/wiki/Piazza_Santo_Stefano,http://commons.wikimedia.org/wiki/Special:FilePath/Chiesa%20s%20stefano4.jpg
,,Piazza della Repubblica,piazzas,wikidata,Florence,2,,68.7,43.3,0.0,10.9,8.0,5.0,0.0,0.0,14,,2,,inconnu,,,43.771389,11.253889,Q1283790,https://fr.wikipedia.org/wiki/Piazza_della_Repubblica_(Florence),http://commons.wikimedia.org/wiki/Special:FilePath/%D0%A4%D0%BB%D0%BE%D1%80%D0%B5%D0%BD%D1%86%D0%B8%D1%8F.%20-%20panoramio%20%2817%29.jpg
,,Piazzale Roma,piazzas,wikidata,Venise,2,,68.6,45.3,0.0,9.0,8.0,5.0,0.0,0.0,16,,3,,inconnu,,,45.438000,12.318100,Q2717404,https://fr.wikipedia.org/wiki/Piazzale_Roma_(Venise),http://commons.wikimedia.org/wiki/Special:FilePath/Piazzale%20Roma.JPG
,,Piazza della Transalpina,piazzas,wikidata,Gorizia,2,,68.4,39.8,0.0,15.3,8.0,5.0,0.0,0.0,11,,3,,inconnu,,,45.955000,13.635000,Q3902457,https://fr.wikipedia.org/wiki/Piazza_della_Transalpina,http://commons.wikimedia.org/wiki/Special:FilePath/Nova%20Gorica-train%20station-from%20Via%20Giuseppe%20Caprin.jpg
,,Cap Carbonara,plages,wikidata,Cagliari,2,,61.9,38.4,0.0,9.9,8.0,5.0,0.0,0.0,10,,4,,inconnu,,,39.095297,9.523087,Q921014,https://fr.wikipedia.org/wiki/Cap_Carbonara,http://commons.wikimedia.org/wiki/Special:FilePath/Capo%20Carbonara%20%28Sardinia%29.jpg
,,Cap Misène,plages,wikidata,Naples,2,,61.8,41.0,0.0,6.9,8.0,5.0,0.0,0.0,12,,3,,inconnu,,,40.777710,14.089410,Q929659,https://fr.wikipedia.org/wiki/Cap_Mis%C3%A8ne,http://commons.wikimedia.org/wiki/Special:FilePath/Cabo%20Miseno%2009.JPG
,,Triangolo Lariano,plages,wikidata,Côme,2,,61.8,28.7,0.0,19.7,8.0,5.0,0.0,0.0,5,,3,,inconnu,,,45.880000,9.220000,Q3998557,https://fr.wikipedia.org/wiki/Triangolo_Lariano,http://commons.wikimedia.org/wiki/Special:FilePath/Triangolo%20lariano-1.jpg
,,Cap Palinuro,plages,wikidata,Salerne,2,,60.2,39.8,0.0,7.1,8.0,5.0,0.0,0.0,11,,3,,inconnu,,,40.026389,15.275000,Q1131545,https://fr.wikipedia.org/wiki/Cap_Palinuro,http://commons.wikimedia.org/wiki/Special:FilePath/Palinuro-huegel-la-molpa.JPG
,,Plages Blanches,plages,wikidata,Livourne,2,,60.2,28.7,0.0,15.9,8.0,5.0,0.0,0.0,5,,4,,inconnu,,,43.372703,10.440089,Q3966656,https://fr.wikipedia.org/wiki/Plages_Blanches,http://commons.wikimedia.org/wiki/Special:FilePath/Vada%2C%20Spiagge%20Bianche.jpg
,,Dunes de Piscinas,plages,wikidata,Medio Campidano,2,,59.0,31.1,0.0,12.7,8.0,5.0,0.0,0.0,6,,4,,inconnu,,,39.543550,8.450390,Q3705947,https://fr.wikipedia.org/wiki/Dunes_de_Piscinas,http://commons.wikimedia.org/wiki/Special:FilePath/Arbus%20-%20Dune%20di%20Piscinas%20%2802%29.JPG
,,Cap Passero,plages,wikidata,Syracuse,2,,57.8,38.4,0.0,6.0,8.0,5.0,0.0,0.0,10,,3,,inconnu,,,36.688986,15.137361,Q1034750,https://fr.wikipedia.org/wiki/Cap_Passero,http://commons.wikimedia.org/wiki/Special:FilePath/La%20tonnara%20e%20il%20castello%20%28Capo%20Passero%29.JPG
,,Cap d'Otrante,plages,wikidata,Lecce,2,,57.3,38.4,0.0,5.5,8.0,5.0,0.0,0.0,10,,3,,inconnu,,,40.107222,18.520556,Q367993,https://fr.wikipedia.org/wiki/Cap_d%27Otrante,http://commons.wikimedia.org/wiki/Special:FilePath/Otranto%20faro%20Punta%20Palascia.jpg
,,Punta Stilo,plages,wikidata,Reggio de Calabre,2,,55.6,35.2,0.0,7.3,8.0,5.0,0.0,0.0,8,,3,,inconnu,,,38.454400,16.578600,Q3925727,https://fr.wikipedia.org/wiki/Punta_Stilo,http://commons.wikimedia.org/wiki/Special:FilePath/Faro%20di%20monasterace.JPG
,,San Leone,plages,wikidata,Agrigento,2,,52.7,33.3,0.0,5.7,8.0,5.0,0.0,0.0,7,,3,,inconnu,,,37.253990,13.599700,Q3947467,https://fr.wikipedia.org/wiki/San_Leone,http://commons.wikimedia.org/wiki/Special:FilePath/San%20Leone%20Agrigento.JPG
,,Capo Calavà,plages,wikidata,Messine,2,,52.0,22.2,0.0,16.6,8.0,5.0,0.0,0.0,3,,3,,inconnu,,,38.192075,14.915502,Q34834195,https://fr.wikipedia.org/wiki/Capo_Calav%C3%A0,http://commons.wikimedia.org/wiki/Special:FilePath/Capo%20Calav%C3%A0%20%282%29.jpg
,,Crique de Forno,plages,wikidata,Grosseto,2,,50.9,25.8,0.0,12.0,8.0,5.0,0.0,0.0,4,,3,,inconnu,,,42.616667,11.086858,Q33325782,https://fr.wikipedia.org/wiki/Crique_de_Forno,
,,Capo Boeo,plages,wikidata,Trapani,2,,50.5,28.7,0.0,8.4,8.0,5.0,0.0,0.0,5,,3,,inconnu,,,37.801944,12.424444,Q3657143,https://fr.wikipedia.org/wiki/Capo_Boeo,http://commons.wikimedia.org/wiki/Special:FilePath/Capo%20Boeo%20visto%20dal%20Libo%20Boeo.JPG
,,Cap Spartivento,plages,wikidata,Cagliari,2,,50.3,28.7,0.0,8.1,8.0,5.0,0.0,0.0,5,,4,,inconnu,,,38.876300,8.844100,Q2937113,https://fr.wikipedia.org/wiki/Cap_Spartivento_(Sardaigne),http://commons.wikimedia.org/wiki/Special:FilePath/Domus%20de%20Maria%20-%20Faro%20di%20Capo%20Spartivento%20%2808%29.JPG
,,Capo Spartivento,plages,wikidata,Reggio de Calabre,2,,50.0,33.3,0.0,3.5,8.0,5.0,0.0,0.0,7,,3,,inconnu,,,37.924780,16.063100,Q2136958,https://fr.wikipedia.org/wiki/Cap_Spartivento_(Calabre),http://commons.wikimedia.org/wiki/Special:FilePath/Faro%20di%20Capo%20Spartivento%20visto%20dal%20mare%20by%20Stephen%20Kleckner.jpg
,,Cala Violina,plages,wikidata,Grosseto,2,,49.2,28.7,0.0,7.3,8.0,5.0,0.0,0.0,5,,3,,inconnu,,,42.855611,10.774333,Q3649992,https://fr.wikipedia.org/wiki/Cala_Violina,http://commons.wikimedia.org/wiki/Special:FilePath/Cala%20Violina%20Grosseto%20Tuscany.jpg
,,Cala Luna,plages,wikidata,Nuoro,2,,49.0,25.8,0.0,7.9,8.0,5.0,0.0,0.0,4,,4,,inconnu,,,40.224787,9.626543,Q3649988,https://fr.wikipedia.org/wiki/Cala_Luna,http://commons.wikimedia.org/wiki/Special:FilePath/CalaLuna.jpg
,,Cap Coda Cavallo,plages,wikidata,Olbia-Tempio,2,,48.3,25.8,0.0,8.9,8.0,5.0,0.0,0.0,4,,5,,inconnu,,,40.843554,9.725990,Q2937020,https://fr.wikipedia.org/wiki/Cap_Coda_Cavallo,http://commons.wikimedia.org/wiki/Special:FilePath/San%20Teodoro%2C%20capo%20Coda%20Cavallo%20%2801%29.jpg
,,Cala Sisine,plages,wikidata,Ogliastra,2,,47.2,25.8,0.0,8.0,8.0,5.0,0.0,0.0,4,,4,,inconnu,,,40.179630,9.634480,Q538419,https://fr.wikipedia.org/wiki/Cala_Sisine,http://commons.wikimedia.org/wiki/Special:FilePath/Cala%20Sisine%20-%20panoramio%20-%20Carlo%20Pelagalli.jpg
,,Cap Feto,plages,wikidata,Trapani,2,,46.4,25.8,0.0,7.4,8.0,5.0,0.0,0.0,4,,3,,inconnu,,,37.650000,12.533330,Q3657127,https://fr.wikipedia.org/wiki/Cap_Feto,http://commons.wikimedia.org/wiki/Special:FilePath/Capo%20Feto%20%284%29.jpg
,,Plage de Scivu,plages,wikidata,Medio Campidano,2,,44.7,25.8,0.0,5.4,8.0,5.0,0.0,0.0,4,,4,,inconnu,,,39.495870,8.411880,Q33333130,https://fr.wikipedia.org/wiki/Plage_de_Scivu,http://commons.wikimedia.org/wiki/Special:FilePath/Scivu%20-%20panoramio.jpg
,,Capo Berta,plages,wikidata,Imperia,2,,44.2,25.8,0.0,5.1,8.0,5.0,0.0,0.0,4,,3,,inconnu,,,43.894330,8.065980,Q2487667,https://fr.wikipedia.org/wiki/Capo_Berta,http://commons.wikimedia.org/wiki/Special:FilePath/Capo%20Berta%20%28Diana%20Marina%29%20Gedenkteken%20Wielerronde%20Milaan-San%20Remo.jpg
,,Capriccioli,plages,wikidata,Olbia-Tempio,2,,43.2,22.2,0.0,7.0,8.0,5.0,0.0,0.0,3,,5,,inconnu,,,41.079424,9.552902,Q3657864,https://fr.wikipedia.org/wiki/Capriccioli,http://commons.wikimedia.org/wiki/Special:FilePath/Capriccioli.jpg
,,Plage de Calamosche,plages,wikidata,Syracuse,2,,42.0,22.2,0.0,5.5,8.0,5.0,0.0,0.0,3,,2,,inconnu,,,36.824366,15.105652,Q3966664,https://fr.wikipedia.org/wiki/Plage_de_Calamosche,http://commons.wikimedia.org/wiki/Special:FilePath/Siracusa%20016%20spiaggia%20di%20calamosche.jpg
,,Spiaggia di Fetovaia,plages,wikidata,Livourne,2,,41.9,22.2,0.0,6.4,8.0,5.0,0.0,0.0,3,,3,,inconnu,,,42.732820,10.153650,Q3966668,https://fr.wikipedia.org/wiki/Plage_de_Fetovaia,http://commons.wikimedia.org/wiki/Special:FilePath/Aerial%20image%20of%20Fetovaia%20%28view%20from%20the%20southeast%29.jpg
,,Viaduc Gênes-Saint-Georges,ponts,wikidata,Gênes,2,,80.5,42.2,0.0,20.0,8.0,5.0,0.0,0.0,13,,3,,inconnu,,,44.425833,8.888889,Q84709324,https://fr.wikipedia.org/wiki/Viaduc_G%C3%AAnes-Saint-Georges,http://commons.wikimedia.org/wiki/Special:FilePath/Ponte%20San%20Giorgio%20e%20GE.jpg
,,Ponte Vecchio,ponts,wikidata,Vicence,2,,67.7,41.0,0.0,12.2,8.0,5.0,0.0,0.0,12,,3,,inconnu,,,45.767515,11.731290,Q608492,https://fr.wikipedia.org/wiki/Ponte_Vecchio_(Bassano_del_Grappa),http://commons.wikimedia.org/wiki/Special:FilePath/Ponte%20degli%20Alpini%20Bassano%20del%20Grappa%202007.jpg
,,Pont Vittorio Emanuele II,ponts,wikidata,Rome,2,,67.5,45.3,0.0,8.5,8.0,5.0,0.0,0.0,16,,3,,inconnu,,,41.901111,12.464444,Q770949,https://fr.wikipedia.org/wiki/Pont_Vittorio_Emanuele_II,http://commons.wikimedia.org/wiki/Special:FilePath/Bridge%20Vittorio%20Emanuele%20II%20and%20dome%20of%20San%20peter.jpg
,,Pont Palatino,ponts,wikidata,Rome,2,,66.3,42.2,0.0,10.7,8.0,5.0,0.0,0.0,13,,3,,inconnu,,,41.889167,12.479444,Q3908007,https://fr.wikipedia.org/wiki/Pont_Palatino,http://commons.wikimedia.org/wiki/Special:FilePath/Sunset%20of%20Ponte%20Palatino.jpg
,,Pont Garibaldi,ponts,wikidata,Rome,2,,66.1,42.2,0.0,10.6,8.0,5.0,0.0,0.0,13,,2,,inconnu,,,41.891111,12.474444,Q2100416,https://fr.wikipedia.org/wiki/Pont_Garibaldi,http://commons.wikimedia.org/wiki/Special:FilePath/2012-05-15%20Roma%20ponte%20Garibaldi.jpg
,,Pont Humbert-Ier,ponts,wikidata,Rome,2,,66.0,42.2,0.0,10.5,8.0,5.0,0.0,0.0,13,,1,,inconnu,,,41.902500,12.471389,Q2785646,https://fr.wikipedia.org/wiki/Pont_Umberto_I,http://commons.wikimedia.org/wiki/Special:FilePath/Ponte%20Umberto%20a%20Roma%20102%202054.jpg
,,Pont du Risorgimento,ponts,wikidata,Rome,2,,65.9,36.8,0.0,15.9,8.0,5.0,0.0,0.0,9,,1,,inconnu,,,41.918611,12.470556,Q2103760,https://fr.wikipedia.org/wiki/Pont_du_Risorgimento,http://commons.wikimedia.org/wiki/Special:FilePath/Tevere%20-%20PonteRisorgimento1.JPG
,,Pont de Musmeci,ponts,wikidata,Potenza,2,,65.3,35.2,0.0,16.8,8.0,5.0,0.0,0.0,8,,3,,inconnu,,,40.627800,15.805800,Q17651437,https://fr.wikipedia.org/wiki/Pont_de_Musmeci,http://commons.wikimedia.org/wiki/Special:FilePath/Ponte%20Musmeci%201.jpg
,,Pont Reine Marguerite,ponts,wikidata,Rome,2,,65.2,41.0,0.0,11.1,8.0,5.0,0.0,0.0,12,,1,,inconnu,,,41.909722,12.472500,Q1810206,https://fr.wikipedia.org/wiki/Pont_Regina_Margherita,http://commons.wikimedia.org/wiki/Special:FilePath/Campo%20Marzio%20-%20PonteReginaMargherita1.JPG
,,Viaduc Sfalassà,ponts,wikidata,Reggio de Calabre,2,,65.2,36.8,0.0,14.7,8.0,5.0,0.0,0.0,9,,3,,inconnu,,,38.271300,15.803260,Q7459703,https://fr.wikipedia.org/wiki/Viaduc_Sfalass%C3%A0,http://commons.wikimedia.org/wiki/Special:FilePath/Viadotto%20Sfalassa%2C%20autostrada%20A3.jpg
,,Ponte di San Francesco di Paola,ponts,wikidata,Tarente,2,,64.9,36.8,0.0,14.4,8.0,5.0,0.0,0.0,9,,3,,inconnu,,,40.473142,17.235328,Q844249,https://fr.wikipedia.org/wiki/Ponte_Girevole,http://commons.wikimedia.org/wiki/Special:FilePath/Ponte%20girevole.JPG
,,Viadotto Italia,ponts,wikidata,Cosenza,2,,64.8,36.8,0.0,14.5,8.0,5.0,0.0,0.0,9,,3,,inconnu,,,39.939167,15.959167,Q15228912,https://fr.wikipedia.org/wiki/Viadotto_Italia,http://commons.wikimedia.org/wiki/Special:FilePath/Viadotto%20Italia%2C%20autostrada%20A3.jpg
,,Pont de la Madeleine,ponts,wikidata,Lucques,2,,64.7,38.4,0.0,12.5,8.0,5.0,0.0,0.0,10,,2,,inconnu,,,43.985680,10.552010,Q2103761,https://fr.wikipedia.org/wiki/Pont_de_la_Madeleine_(Borgo_a_Mozzano),http://commons.wikimedia.org/wiki/Special:FilePath/Ponte%20della%20Maddalena%20daylight.JPG
,,Pont Amerigo-Vespucci,ponts,wikidata,Florence,2,,61.9,38.4,0.0,10.1,8.0,5.0,0.0,0.0,10,,2,,inconnu,,,43.771973,11.242473,Q3397701,https://fr.wikipedia.org/wiki/Pont_Amerigo-Vespucci,http://commons.wikimedia.org/wiki/Special:FilePath/Firenze%2C%20ponte%20Amerigo%20Vespucci%20-%20Veduta%20da%20est.jpg
,,Aqueduc d'Auguste,ponts,wikidata,Naples,2,,61.3,41.0,0.0,6.5,8.0,5.0,0.0,0.0,12,,3,,inconnu,,,40.795278,14.080278,Q631734,https://fr.wikipedia.org/wiki/Aqueduc_d%27Auguste_(Naples),http://commons.wikimedia.org/wiki/Special:FilePath/Sommer%2C%20Giorgio%20%281834-1914%29%20-%20Napoli%2C%20i%20Ponti%20Rossi.jpg
,,Pont de Trezzo,ponts,wikidata,Milan,2,,61.2,35.2,0.0,12.7,8.0,5.0,0.0,0.0,8,,2,,inconnu,,,45.612130,9.523400,Q1495209,https://fr.wikipedia.org/wiki/Pont_de_Trezzo,http://commons.wikimedia.org/wiki/Special:FilePath/Ponte%20di%20Trezzo%20da%20Gli%20avanzi%20del%20castello%20di%20Trezzo%201886.jpg
,,Pont Aldo Moro,ponts,wikidata,Tarente,2,,60.7,35.2,0.0,12.1,8.0,5.0,0.0,0.0,8,,3,,inconnu,,,40.477917,17.270034,Q450922,https://fr.wikipedia.org/wiki/Pont_Punta_Penna_Pizzone,http://commons.wikimedia.org/wiki/Special:FilePath/Ponte%20Punta%20Penna%20visto%20dal%20Mar%20Piccolo.jpg
,,Ponts de Calatrava à Reggio d'Émilie,ponts,wikidata,Reggio d'Émilie,2,,60.7,28.7,0.0,18.2,8.0,5.0,0.0,0.0,5,,3,,inconnu,oui,,44.727580,10.637260,Q3908227,https://fr.wikipedia.org/wiki/Ponts_de_Calatrava,http://commons.wikimedia.org/wiki/Special:FilePath/Ponte%20Calatrava%20Vista%20Drone%20Reggio%20Emilia.jpg
,,Pont Alla Carraia,ponts,wikidata,Florence,2,,60.4,35.2,0.0,11.7,8.0,5.0,0.0,0.0,8,,2,disparu ou démoli (1944),inconnu,,,43.770242,11.247247,Q1069796,https://fr.wikipedia.org/wiki/Ponte_alla_Carraia,http://commons.wikimedia.org/wiki/Special:FilePath/Hotel%20excelsior%2C%20terrazza%2C%20vista%20ponte%20alla%20carraia.JPG
,,Pont alle Grazie,ponts,wikidata,Florence,2,,59.5,38.4,0.0,7.5,8.0,5.0,0.0,0.0,10,,2,,inconnu,,,43.766211,11.258731,Q2517000,https://fr.wikipedia.org/wiki/Pont_alle_Grazie,http://commons.wikimedia.org/wiki/Special:FilePath/Ponte%20alle%20grazie%20visto%20dal%20fiume%2001.jpg
,,Ponte Nuovo (Ivrée),ponts,wikidata,Turin,2,,58.1,35.2,0.0,9.8,8.0,5.0,0.0,0.0,8,,3,,inconnu,,,45.464692,7.872291,Q104635170,https://fr.wikipedia.org/wiki/Ponte_Nuovo_(Ivr%C3%A9e),http://commons.wikimedia.org/wiki/Special:FilePath/Ivrea%20veduta%20dora.JPG
,,Pont de l'Amiral,ponts,wikidata,Palerme,2,,54.2,46.2,0.0,0.0,8.0,0.0,0.0,0.0,17,,3,,inconnu,,,38.105000,13.375000,Q1262976,,http://commons.wikimedia.org/wiki/Special:FilePath/Palermo-Ponte-Ammiraglio-bjs2007-01.jpg
,,Mont Albain,sommets,wikidata,Rome,2,,88.0,58.2,0.0,14.1,8.0,5.0,0.0,0.0,37,,3,,inconnu,,,41.750000,12.750000,Q1129380,https://fr.wikipedia.org/wiki/Monts_Albains,http://commons.wikimedia.org/wiki/Special:FilePath/Monte%20Cavo%20Visto%20da%20castel%20gandolfo.jpg
,,Aspromonte,sommets,wikidata,Reggio de Calabre,2,,83.5,53.9,0.0,12.9,8.0,5.0,0.0,0.0,28,,3,,inconnu,,,38.166667,16.000000,Q303853,https://fr.wikipedia.org/wiki/Aspromonte,http://commons.wikimedia.org/wiki/Special:FilePath/South%20Aspromonte.JPG
,,Cinque Torri,sommets,wikidata,Belluno,2,,77.5,46.2,0.0,15.8,8.0,5.0,0.0,0.0,17,,4,,inconnu,,,46.509250,12.053972,Q933666,https://fr.wikipedia.org/wiki/Cinque_Torri,http://commons.wikimedia.org/wiki/Special:FilePath/Cortina%20%2850162425826%29.jpg
,,Gennargentu,sommets,wikidata,Ogliastra,2,,76.9,47.1,0.0,14.3,8.0,5.0,0.0,0.0,18,,3,,inconnu,,,40.020000,9.320000,Q955286,https://fr.wikipedia.org/wiki/Gennargentu,http://commons.wikimedia.org/wiki/Special:FilePath/Il%20Bruncu%20Spina.jpg
,,Punta La Marmora,sommets,wikidata,Ogliastra,2,,76.9,52.1,0.0,8.0,8.0,5.0,0.0,0.0,25,,3,,inconnu,,,39.988056,9.324167,Q385753,https://fr.wikipedia.org/wiki/Punta_La_Marmora,http://commons.wikimedia.org/wiki/Special:FilePath/1438puntaLaMarmora.jpg
,,Monte Limbara,sommets,wikidata,Olbia-Tempio,2,,76.5,43.3,0.0,19.6,8.0,5.0,0.0,0.0,14,,3,,inconnu,,,40.849722,9.175278,Q1945873,https://fr.wikipedia.org/wiki/Mont_Limbara,http://commons.wikimedia.org/wiki/Special:FilePath/Monte%20Limbara.jpg
,,Madonies,sommets,wikidata,Palerme,2,,75.8,49.5,0.0,11.0,8.0,5.0,0.0,0.0,21,,3,,inconnu,,,37.883333,14.016667,Q1858387,https://fr.wikipedia.org/wiki/Madonies,http://commons.wikimedia.org/wiki/Special:FilePath/Madonie%20montagna.jpg
,,Monts Hybléens,sommets,wikidata,Syracuse,2,,75.3,47.1,0.0,14.1,8.0,5.0,0.0,0.0,18,,3,,inconnu,,,37.116367,14.820478,Q181115,https://fr.wikipedia.org/wiki/Monts_Hybl%C3%A9ens,http://commons.wikimedia.org/wiki/Special:FilePath/Monti-Iblei-map-bjs.jpg
,,Mont Musinè,sommets,wikidata,Turin,2,,75.1,47.1,0.0,14.7,8.0,5.0,0.0,0.0,18,,3,,inconnu,,,45.113889,7.454444,Q3861770,https://fr.wikipedia.org/wiki/Mont_Musin%C3%A8,http://commons.wikimedia.org/wiki/Special:FilePath/Musin%C3%A8%20dal%20pilone%20della%20costa.JPG
,,Mont Soracte,sommets,wikidata,Rome,2,,74.8,46.2,0.0,14.6,8.0,5.0,0.0,0.0,17,,3,,inconnu,,,42.245617,12.501944,Q1334215,https://fr.wikipedia.org/wiki/Mont_Soracte,http://commons.wikimedia.org/wiki/Special:FilePath/Sorattesi.JPG
,,Monte Piana,sommets,wikidata,Belluno,2,,74.6,39.8,0.0,21.2,8.0,5.0,0.0,0.0,11,,4,,inconnu,,,46.615278,12.239444,Q872637,https://fr.wikipedia.org/wiki/Monte_Piana,http://commons.wikimedia.org/wiki/Special:FilePath/Monte%20Piana%202324%20m%2C%202012-07-04.jpg
,,Mottarone,sommets,wikidata,Verbano-Cusio-Ossola,2,,74.6,47.9,0.0,9.9,8.0,5.0,0.0,0.0,19,,3,,inconnu,,,45.880278,8.451111,Q926621,https://fr.wikipedia.org/wiki/Mottarone,http://commons.wikimedia.org/wiki/Special:FilePath/MottaroneFeb202026%2002.jpg
,,Mont Vultur,sommets,wikidata,Potenza,2,,74.5,49.5,0.0,10.9,8.0,5.0,0.0,0.0,21,,3,,inconnu,,,40.948333,15.635556,Q509433,https://fr.wikipedia.org/wiki/Mont_Vultur,http://commons.wikimedia.org/wiki/Special:FilePath/Monte%20vulture%201%20in%20basilicata.jpg
,,Paganella,sommets,wikidata,Trente,2,,74.4,36.8,0.0,23.9,8.0,5.0,0.0,0.0,9,,5,,inconnu,,,46.166667,11.066667,Q2046117,https://fr.wikipedia.org/wiki/Paganella,http://commons.wikimedia.org/wiki/Special:FilePath/Paganella.jpg
,,Chaîne de la Bernina,sommets,wikidata,Sondrio,2,,74.3,39.8,0.0,19.4,8.0,5.0,0.0,0.0,11,,2,,inconnu,,,46.380000,9.910000,Q3613012,https://fr.wikipedia.org/wiki/Cha%C3%AEne_de_la_Bernina,http://commons.wikimedia.org/wiki/Special:FilePath/Val%20sissone%20monte%20disgrazia.jpg
,,Mont Falterona,sommets,wikidata,Arezzo,2,,73.9,46.2,0.0,14.1,8.0,5.0,0.0,0.0,17,,3,,inconnu,,,43.866667,11.700000,Q749841,https://fr.wikipedia.org/wiki/Mont_Falterona,http://commons.wikimedia.org/wiki/Special:FilePath/IMG%200056%20Croce%20Monte%20Falterona.JPG
,,Monts de la Tolfa,sommets,wikidata,Rome,2,,73.7,35.2,0.0,24.9,8.0,5.0,0.0,0.0,8,,3,,inconnu,,,42.133333,11.900000,Q523409,https://fr.wikipedia.org/wiki/Monts_de_la_Tolfa,http://commons.wikimedia.org/wiki/Special:FilePath/Tolfa%2010-080325.jpg
,,Pietra di Bismantova,sommets,wikidata,Reggio d'Émilie,2,,73.6,45.3,0.0,14.8,8.0,5.0,0.0,0.0,16,,3,,inconnu,,,44.419800,10.410400,Q510076,https://fr.wikipedia.org/wiki/Pietra_di_Bismantova,http://commons.wikimedia.org/wiki/Special:FilePath/Pietra%20di%20bismantova%20castelnovo%20monti.jpg
,,Mont Prado,sommets,wikidata,Reggio d'Émilie,2,,73.1,46.2,0.0,13.3,8.0,5.0,0.0,0.0,17,,3,,inconnu,,,44.250000,10.407500,Q1386054,https://fr.wikipedia.org/wiki/Mont_Prado,http://commons.wikimedia.org/wiki/Special:FilePath/Monte%20Prado.jpg
,,Matajur,sommets,wikidata,Udine,2,,72.8,47.1,0.0,12.3,8.0,5.0,0.0,0.0,18,,5,,inconnu,,,46.212222,13.529167,Q1481385,https://fr.wikipedia.org/wiki/Matajur,http://commons.wikimedia.org/wiki/Special:FilePath/Matajur001.JPG
,,Monte Vettore,sommets,wikidata,Ascoli Piceno,2,,72.3,49.5,0.0,8.8,8.0,5.0,0.0,0.0,21,,3,,inconnu,,,42.816667,13.266667,Q2417486,https://fr.wikipedia.org/wiki/Monte_Vettore,http://commons.wikimedia.org/wiki/Special:FilePath/South%20Ridge%20-%20Monte%20Vettore.JPG
,,Guaita,sommets,wikidata,Rimini,2,,72.2,49.5,0.0,8.6,8.0,5.0,0.0,0.0,21,,3,,inconnu,,,43.935400,12.449600,Q2711604,https://fr.wikipedia.org/wiki/Guaita,http://commons.wikimedia.org/wiki/Special:FilePath/Fortress%20of%20Guaita%20-%20First%20Tower%20%28San%20Marino%29.jpg
,,Monte Bondone,sommets,wikidata,Trente,2,,72.2,44.4,0.0,14.2,8.0,5.0,0.0,0.0,15,,5,,inconnu,,,45.988056,11.030833,Q1478747,https://fr.wikipedia.org/wiki/Monte_Bondone,http://commons.wikimedia.org/wiki/Special:FilePath/Monte%20Bondone.JPG
,,Monts Péloritains,sommets,wikidata,Messine,2,,71.7,48.7,0.0,8.8,8.0,5.0,0.0,0.0,20,,3,,inconnu,,,38.050000,15.333333,Q599804,https://fr.wikipedia.org/wiki/Monts_P%C3%A9loritains,http://commons.wikimedia.org/wiki/Special:FilePath/Boschi%20da%20Cummar%C3%A0.jpg
,,Cima Dodici,sommets,wikidata,Trente,2,,71.4,42.2,0.0,15.9,8.0,5.0,0.0,0.0,13,,5,,inconnu,,,45.997683,11.468192,Q937014,https://fr.wikipedia.org/wiki/Cima_Dodici,http://commons.wikimedia.org/wiki/Special:FilePath/CimaXII.jpg
,,Volcan d'Agnano,volcans,wikidata,Naples,2,,44.8,36.8,0.0,0.0,8.0,0.0,0.0,0.0,9,,1,,inconnu,,,40.844722,14.149722,Q1037278,,http://commons.wikimedia.org/wiki/Special:FilePath/Agnano%201.jpg
,,Stromboli,volcans,wikidata,Messine,2,,39.1,31.1,0.0,0.0,8.0,0.0,0.0,0.0,6,,2,,inconnu,,,38.790000,15.210000,Q31445600,,http://commons.wikimedia.org/wiki/Special:FilePath/The%20eruption%20of%20Stromboli%20Volcano%20%28Copernicus%29.jpg
,,Basilique Sant'Angelo in Formis,abbayes,wikidata,Caserta,3,,73.9,42.2,0.0,17.2,8.0,5.0,0.0,0.0,13,,2,,inconnu,,,41.118242,14.260573,Q3603264,https://fr.wikipedia.org/wiki/Basilique_Sant%27Angelo_in_Formis,http://commons.wikimedia.org/wiki/Special:FilePath/SantAngeloinFormis.jpg
,,Abbaye de Vezzolano,abbayes,wikidata,Asti,3,,73.3,33.3,0.0,17.8,8.0,5.0,0.0,8.6,7,,2,,inconnu,oui,,45.080250,7.957277,Q1120660,https://fr.wikipedia.org/wiki/Abbaye_de_Vezzolano,http://commons.wikimedia.org/wiki/Special:FilePath/Albugnano-Santa%20Maria%20di%20Vezzolano.jpg
,,Monastère de Fonte Avellana,abbayes,wikidata,Pesaro et Urbin,3,,72.5,42.2,0.0,16.5,8.0,5.0,0.0,0.3,13,,3,,inconnu,,,43.471360,12.726570,Q978549,https://fr.wikipedia.org/wiki/Monast%C3%A8re_de_Fonte_Avellana,http://commons.wikimedia.org/wiki/Special:FilePath/Fonte%20Avellana.jpg
,,Basilique Saint-André,abbayes,wikidata,Vercelli,3,,72.3,42.2,0.0,16.4,8.0,5.0,0.0,0.0,13,,1,,inconnu,,,45.328740,8.419230,Q2886984,https://fr.wikipedia.org/wiki/Basilique_Saint-Andr%C3%A9_de_Verceil,http://commons.wikimedia.org/wiki/Special:FilePath/Vercelli-Santandrea.jpg
,,Abbaye de San Galgano,abbayes,wikidata,Sienne,3,,72.2,35.2,0.0,21.6,8.0,5.0,0.0,0.0,8,,2,disparu ou démoli (1783),inconnu,,,43.149420,11.155060,Q306153,https://fr.wikipedia.org/wiki/Abbaye_de_San_Galgano,http://commons.wikimedia.org/wiki/Special:FilePath/San%20Galgano%20Abbey%20-%20Exterior%202.jpg
,,Abbaye de Säben,abbayes,wikidata,Bolzano,3,,72.2,42.2,0.0,16.7,8.0,5.0,0.0,0.0,13,,3,,inconnu,,,46.643850,11.567010,Q1227395,https://fr.wikipedia.org/wiki/Abbaye_de_S%C3%A4ben,http://commons.wikimedia.org/wiki/Special:FilePath/Kloster%20S%C3%A4ben%203.jpg
,,Oratoire des Philippins,abbayes,wikidata,Rome,3,,72.1,41.0,0.0,16.9,8.0,5.0,0.0,0.0,12,,1,,inconnu,,,41.898228,12.468711,Q266212,https://fr.wikipedia.org/wiki/Oratoire_des_Philippins,http://commons.wikimedia.org/wiki/Special:FilePath/Oratorio%20dei%20Filippini%20Rome.jpg
,,Église Santa Maria di Castello,abbayes,wikidata,Gênes,3,,71.0,36.8,0.0,14.7,8.0,5.0,0.0,6.0,9,,3,,inconnu,,,44.405590,8.929230,Q3674029,https://fr.wikipedia.org/wiki/%C3%89glise_Santa_Maria_di_Castello_de_G%C3%AAnes,http://commons.wikimedia.org/wiki/Special:FilePath/Genova-chiesa%20di%20santa%20maria%20di%20castello-facciata1.jpg
,,Église San Nicolò da Tolentino,abbayes,wikidata,Venise,3,,70.6,43.3,0.0,13.8,8.0,5.0,0.0,0.0,14,,2,,inconnu,,,45.437400,12.322100,Q2219891,https://fr.wikipedia.org/wiki/%C3%89glise_San_Nicol%C3%B2_da_Tolentino,http://commons.wikimedia.org/wiki/Special:FilePath/Chiesa%20di%20San%20Nicola%20da%20Tolentino%20%28Venice%29.jpg
,,Abbaye de Novacella,abbayes,wikidata,Bolzano,3,,69.7,35.2,0.0,12.1,8.0,5.0,0.0,8.4,8,,3,,inconnu,,,46.743850,11.648350,Q385925,https://fr.wikipedia.org/wiki/Abbaye_de_Novacella,http://commons.wikimedia.org/wiki/Special:FilePath/Neustift%20Ansicht.jpg
,,Eremo delle Carceri,abbayes,wikidata,Pérouse,3,,69.6,41.0,0.0,14.0,8.0,5.0,0.0,0.0,12,,3,,inconnu,,,43.063110,12.651910,Q1000040,https://fr.wikipedia.org/wiki/Eremo_delle_Carceri,http://commons.wikimedia.org/wiki/Special:FilePath/Eremo%20delle%20Carceri%2001.JPG
,,Abbaye Santa Maria Arabona,abbayes,wikidata,Pescara,3,,67.9,33.3,0.0,21.4,8.0,5.0,0.0,0.0,7,,3,disparu ou démoli (1587),inconnu,oui,,42.302310,14.062210,Q1774956,https://fr.wikipedia.org/wiki/Abbaye_Santa_Maria_Arabona,http://commons.wikimedia.org/wiki/Special:FilePath/Santa%20Maria%20Arabona%20%28Manoppello%29%20018%20%28RaBoe%29.jpg
,,Église de Jésus de Gênes,abbayes,wikidata,Gênes,3,,67.2,36.8,0.0,16.2,8.0,5.0,0.0,0.0,9,,3,,inconnu,,,44.406680,8.933300,Q1072498,https://fr.wikipedia.org/wiki/%C3%89glise_de_J%C3%A9sus_de_G%C3%AAnes,http://commons.wikimedia.org/wiki/Special:FilePath/Chiesa%20del%20Ges%C3%B9%20e%20dei%20Santi%20Ambrogio%20e%20Andrea%20-%20Genoa%202014.jpg
,,Abbaye de Marienberg,abbayes,wikidata,Bolzano,3,,67.0,35.2,0.0,13.4,8.0,5.0,0.0,4.9,8,,2,,inconnu,,,46.706164,10.520665,Q334022,https://fr.wikipedia.org/wiki/Abbaye_de_Marienberg,http://commons.wikimedia.org/wiki/Special:FilePath/Remote%20View%20of%20Marienberg%20Abbey%202016.jpg
,,Abbaye de Vallombrosa,abbayes,wikidata,Florence,3,,66.7,35.2,0.0,17.4,8.0,5.0,0.0,0.0,8,,2,,inconnu,,,43.731944,11.557778,Q971123,https://fr.wikipedia.org/wiki/Abbaye_de_Vallombrosa,http://commons.wikimedia.org/wiki/Special:FilePath/CloisterValhombrosa.JPG
,,Église San Silvestro al Quirinale,abbayes,wikidata,Rome,3,,66.6,39.8,0.0,13.3,8.0,5.0,0.0,0.0,11,,1,,inconnu,,,41.897306,12.486556,Q1538594,https://fr.wikipedia.org/wiki/%C3%89glise_San_Silvestro_al_Quirinale,http://commons.wikimedia.org/wiki/Special:FilePath/Via%20XXIV%20Maggio%20-%20panoramio%20%282%29.jpg
,,Abbaye Saint-Vincent du Volturne,abbayes,wikidata,Isernia,3,,65.2,31.1,0.0,20.6,8.0,5.0,0.0,0.0,6,,2,,inconnu,oui,,41.648894,14.083611,Q2425141,https://fr.wikipedia.org/wiki/Abbaye_Saint-Vincent_du_Volturne,http://commons.wikimedia.org/wiki/Special:FilePath/San%20Vincenzo%20al%20Volturno.jpg
,,Monastère de Saint Nicolas l'Arène,abbayes,wikidata,Catane,3,,65.1,38.4,0.0,12.1,8.0,5.0,0.0,0.0,10,,3,,inconnu,,,37.503611,15.079444,Q488863,https://fr.wikipedia.org/wiki/Monast%C3%A8re_de_Saint-Nicolas-l%27Ar%C3%A8ne_de_Catane,http://commons.wikimedia.org/wiki/Special:FilePath/Catania%20ExmonasteroBenedetti.jpg
,,Abbaye de Sant'Antimo,abbayes,wikidata,Sienne,3,,64.7,35.2,0.0,14.8,8.0,5.0,0.0,0.0,8,,2,,inconnu,,,42.999639,11.515639,Q334276,https://fr.wikipedia.org/wiki/Abbaye_de_Sant%27Antimo,http://commons.wikimedia.org/wiki/Special:FilePath/Abbazia%20di%20Sant%27Antimo%20-%2001.jpg
,,Sant'Angelo,abbayes,wikidata,Milan,3,,64.5,38.4,0.0,12.9,8.0,5.0,0.0,0.0,10,,2,,inconnu,,,45.475943,9.192670,Q1256546,https://fr.wikipedia.org/wiki/%C3%89glise_Sant%27Angelo_de_Milan,http://commons.wikimedia.org/wiki/Special:FilePath/9434%20-%20Milano%20-%20S.%20Angelo%20-%20Facciata%20-%20Foto%20Giovanni%20Dall%27Orto%2022-Apr-2007.jpg
,,Abbaye de Lucedio,abbayes,wikidata,Vercelli,3,,64.4,28.7,0.0,22.2,8.0,5.0,0.0,0.0,5,,1,,inconnu,oui,,45.238056,8.232500,Q1502242,https://fr.wikipedia.org/wiki/Abbaye_de_Lucedio,http://commons.wikimedia.org/wiki/Special:FilePath/Abbazia%20Lucedio%20Due%20Chiese.jpg
,,Abbaye de Nonantola,abbayes,wikidata,Modène,3,,63.8,35.2,0.0,15.0,8.0,5.0,0.0,0.0,8,,2,,inconnu,,,44.677972,11.043361,Q334074,https://fr.wikipedia.org/wiki/Abbaye_de_Nonantola,http://commons.wikimedia.org/wiki/Special:FilePath/Abbazia%20di%20nonantola%2000.JPG
,,Église Saint-Pierre d'Assise,abbayes,wikidata,Pérouse,3,,63.6,35.2,0.0,14.9,8.0,5.0,0.0,0.0,8,,3,,inconnu,,,43.071465,12.608526,Q3671612,https://fr.wikipedia.org/wiki/%C3%89glise_Saint-Pierre_d%27Assise,http://commons.wikimedia.org/wiki/Special:FilePath/Abbey%20of%20Saint%20Peter%20in%20Assisi%20-%20CO2v01-22802207.png
,,Basilique Sant'Abbondio,abbayes,wikidata,Côme,3,,63.2,36.8,0.0,12.6,8.0,5.0,0.0,0.0,9,,2,,inconnu,,,45.802453,9.080501,Q2263559,https://fr.wikipedia.org/wiki/Basilique_Sant%27Abbondio,http://commons.wikimedia.org/wiki/Special:FilePath/Como%2C%20Basilica%20di%20Sant%27Abbondio%20001.JPG
,,Abbaye Santa Maria di Casanova,abbayes,wikidata,Pescara,3,,63.1,33.3,0.0,16.7,8.0,5.0,0.0,0.0,7,,3,disparu ou démoli (1807),inconnu,oui,,42.377984,13.867585,Q1502879,https://fr.wikipedia.org/wiki/Abbaye_Santa_Maria_di_Casanova,http://commons.wikimedia.org/wiki/Special:FilePath/Villa%20Celiera%20PE%20-%20Abbazia%20di%20Santa%20Maria%20di%20Casanova%2002.JPG
,,Abbaye des chanoines réguliers de Fiesole,abbayes,wikidata,Florence,3,,63.0,35.2,0.0,14.2,8.0,5.0,0.0,0.0,8,,1,,inconnu,,,43.803078,11.283075,Q3632776,https://fr.wikipedia.org/wiki/Badia_Fiesolana,http://commons.wikimedia.org/wiki/Special:FilePath/Badia%20fiesolana%2C%20facciata%2001.JPG
,,Monastère de San Giorgio Maggiore,abbayes,wikidata,Venise,3,,61.7,38.4,0.0,9.3,8.0,5.0,0.0,0.0,10,,1,,inconnu,,,45.428719,12.342969,Q3320338,https://fr.wikipedia.org/wiki/Monast%C3%A8re_de_San_Giorgio_Maggiore,http://commons.wikimedia.org/wiki/Special:FilePath/Vue%20depuis%20Chiesa%20di%20San%20Giorgio%20Maggiore%204.jpg
,,Abbaye Santa Maria in Montesanto,abbayes,wikidata,Teramo,3,,60.7,25.8,0.0,21.8,8.0,5.0,0.0,0.0,4,,2,,inconnu,oui,,42.787310,13.649755,Q3603171,https://fr.wikipedia.org/wiki/Abbaye_Santa_Maria_in_Montesanto,http://commons.wikimedia.org/wiki/Special:FilePath/Abbazia%20Santa%20Maria%20in%20Montesanto-%20edifici.jpg
,,Chartreuse de Farneta,abbayes,wikidata,Lucques,3,,60.5,35.2,0.0,11.6,8.0,5.0,0.0,0.0,8,,1,,inconnu,,,43.865408,10.417581,Q944749,https://fr.wikipedia.org/wiki/Chartreuse_de_Farneta,http://commons.wikimedia.org/wiki/Special:FilePath/Certosa%20di%20Farneta%2C%20view%2002.JPG
,,Abbaye de Follina,abbayes,wikidata,Trévise,3,,60.0,28.7,0.0,18.1,8.0,5.0,0.0,0.0,5,,1,,inconnu,oui,,45.953889,12.117778,Q1775223,https://fr.wikipedia.org/wiki/Abbaye_de_Follina,http://commons.wikimedia.org/wiki/Special:FilePath/FollinaChiostro.jpg
,,Santo Spirito,abbayes,wikidata,Venise,3,,59.8,36.8,0.0,9.7,8.0,5.0,0.0,0.0,9,,1,,inconnu,,,45.400278,12.334167,Q1432701,https://fr.wikipedia.org/wiki/Santo_Spirito_(%C3%AEle),http://commons.wikimedia.org/wiki/Special:FilePath/Santo%20Spirito%20Venice.jpg
,,Abbaye Santo Stefano del Bosco,abbayes,wikidata,Vibo Valentia,3,,59.1,25.8,0.0,19.2,8.0,5.0,0.0,0.0,4,,2,,inconnu,oui,,38.566044,16.318592,Q1775991,https://fr.wikipedia.org/wiki/Abbaye_Santo_Stefano_del_Bosco,http://commons.wikimedia.org/wiki/Special:FilePath/Certosa%20Serra%20San%20Bruno%20-%20Interno.jpg
,,Abbaye de Corazzo,abbayes,wikidata,Catanzaro,3,,56.3,25.8,0.0,17.3,8.0,5.0,0.0,0.0,4,,2,,inconnu,oui,,39.061539,16.423009,Q1641527,https://fr.wikipedia.org/wiki/Abbaye_de_Corazzo,http://commons.wikimedia.org/wiki/Special:FilePath/Abbazia%20di%20Corazzo%2C%20Calabria.jpg
,,Abbaye bénédictine Sant'Eufemia,abbayes,wikidata,Catanzaro,3,,55.9,22.2,0.0,20.4,8.0,5.0,0.0,0.0,3,,2,,inconnu,oui,,38.933990,16.234610,Q110205775,https://fr.wikipedia.org/wiki/Abbaye_b%C3%A9n%C3%A9dictine_Sant%27Eufemia,http://commons.wikimedia.org/wiki/Special:FilePath/Abbazia%20benedettina%20di%20Sant%27Eufemia%20in%20Lamezia%20Terme%2019.jpg
,,San Carlo al Corso,abbayes,wikidata,Milan,3,,51.3,43.3,0.0,0.0,8.0,0.0,0.0,0.0,14,,1,,inconnu,,,45.466207,9.196286,Q731479,,http://commons.wikimedia.org/wiki/Special:FilePath/Milano%20chiesa%20San%20Carlo%20al%20Corso.JPG
,,Torba Abbey,abbayes,wikidata,Varese,3,,48.9,35.2,0.0,0.0,8.0,0.0,0.0,5.7,8,,1,,inconnu,,,45.729583,8.863403,Q3860567,,http://commons.wikimedia.org/wiki/Special:FilePath/Monastero%20di%20Torba%2C%20esterno%2002.jpg
,,Abbaye de Thélème,abbayes,wikidata,Palerme,3,,44.8,36.8,0.0,0.0,8.0,0.0,0.0,0.0,9,,1,,inconnu,,,38.031618,14.027142,Q334328,,http://commons.wikimedia.org/wiki/Special:FilePath/Abbey%20of%20Thelema%2001.jpg
,,Badia Coltibuono,abbayes,wikidata,Sienne,3,,44.8,36.8,0.0,0.0,8.0,0.0,0.0,0.0,9,,1,,inconnu,,,43.494940,11.449860,Q799028,,http://commons.wikimedia.org/wiki/Special:FilePath/Panoramica%20coltibuono.jpg
,,Cascata of the Marmarico,cascades,wikidata,Reggio de Calabre,3,,25.6,17.6,0.0,0.0,8.0,0.0,0.0,0.0,2,,3,,inconnu,,,38.501900,16.397500,Q3661534,,http://commons.wikimedia.org/wiki/Special:FilePath/Cascata%20Marmarico.JPG
,,Cascate del Perino,cascades,wikidata,Plaisance,3,,25.6,17.6,0.0,0.0,8.0,0.0,0.0,0.0,2,,2,,inconnu,,,44.745700,9.508700,Q97369764,,http://commons.wikimedia.org/wiki/Special:FilePath/Cascate%20del%20Perino%2C%20Calenzano%20%28Piacenza%29%20-%20panoramio%20%287%29.jpg
,,Cascate di Monte Gelato,cascades,wikidata,Rome,3,,25.6,17.6,0.0,0.0,8.0,0.0,0.0,0.0,2,,3,,inconnu,,,42.183889,12.378889,Q1046900,,http://commons.wikimedia.org/wiki/Special:FilePath/Cascate%20di%20Monte%20gelato%20nella%20valle%20del%20Treja.jpg
,,Category:Goriuda waterfall,cascades,wikidata,Udine,3,,25.6,17.6,0.0,0.0,8.0,0.0,0.0,0.0,2,,3,,inconnu,,,46.391724,13.436191,Q140378242,,http://commons.wikimedia.org/wiki/Special:FilePath/Fontanon%20di%20Goriuda.jpg
,,Fondo Waterfall,cascades,wikidata,Turin,3,,25.6,17.6,0.0,0.0,8.0,0.0,0.0,0.0,2,,2,,inconnu,,,45.530260,7.678285,Q139600970,,http://commons.wikimedia.org/wiki/Special:FilePath/Traversella%20Fondo%20cascata.JPG
,,Muru Mannu,cascades,wikidata,Carbonia-Iglesias,3,,25.6,17.6,0.0,0.0,8.0,0.0,0.0,0.0,2,,3,,inconnu,,,39.425278,8.616389,Q60841901,,http://commons.wikimedia.org/wiki/Special:FilePath/Cascata%20Muru%20Mannu.jpg
,,Oxena falls,cascades,wikidata,Syracuse,3,,25.6,17.6,0.0,0.0,8.0,0.0,0.0,0.0,2,,2,,inconnu,,,37.248100,14.801000,Q3661557,,http://commons.wikimedia.org/wiki/Special:FilePath/Cascate%20dell%27Ossena%2006.jpg
,,Pesegh waterfall,cascades,wikidata,Varese,3,,25.6,17.6,0.0,0.0,8.0,0.0,0.0,0.0,2,,2,,inconnu,,,45.889933,8.780864,Q56543513,,http://commons.wikimedia.org/wiki/Special:FilePath/Brinzio%20cascata%20Pesegh.gif
,,Stieber Wasserfall,cascades,wikidata,Bolzano,3,,25.6,17.6,0.0,0.0,8.0,0.0,0.0,0.0,2,,3,,inconnu,,,46.795800,11.090800,Q17623957,,http://commons.wikimedia.org/wiki/Special:FilePath/Cascate%20di%20Stieber%2001.JPG
,,Waterfall of Valganna,cascades,wikidata,Varese,3,,25.6,17.6,0.0,0.0,8.0,0.0,0.0,0.0,2,,2,,inconnu,,,45.854880,8.822850,Q3661565,,http://commons.wikimedia.org/wiki/Special:FilePath/Cascate%20di%20Valganna.JPG
,,Cappella Palatina,cathedrales,wikidata,Palerme,3,,99.2,53.3,0.0,22.9,8.0,5.0,0.0,0.0,27,,3,,inconnu,,,38.110833,13.353611,Q1034853,https://fr.wikipedia.org/wiki/Chapelle_palatine_de_Palerme,http://commons.wikimedia.org/wiki/Special:FilePath/1140%20wurde%20die%20Capella%20Palatina%20in%20Palermo%20geweiht.%2005.jpg
,,Cathédrale Saint-Jean-Baptiste de Turin,cathedrales,wikidata,Turin,3,,97.4,57.3,0.0,20.2,8.0,5.0,0.0,0.0,35,,3,,inconnu,,,45.073320,7.685435,Q958699,https://fr.wikipedia.org/wiki/Cath%C3%A9drale_Saint-Jean-Baptiste_de_Turin,http://commons.wikimedia.org/wiki/Special:FilePath/DuomoTorino.jpg
,,Cathédrale d'Orvieto,cathedrales,wikidata,Terni,3,,96.4,54.4,0.0,22.7,8.0,5.0,0.0,0.0,29,,3,,inconnu,,,42.717011,12.113272,Q10924,https://fr.wikipedia.org/wiki/Cath%C3%A9drale_d%27Orvieto,http://commons.wikimedia.org/wiki/Special:FilePath/Duomo%20di%20Orvieto%202014.JPG
,,Église de la Martorana de Palerme,cathedrales,wikidata,Palerme,3,,95.9,52.7,0.0,24.7,8.0,5.0,0.0,0.0,26,,3,,inconnu,,,38.114781,13.362866,Q1644597,https://fr.wikipedia.org/wiki/%C3%89glise_de_la_Martorana,http://commons.wikimedia.org/wiki/Special:FilePath/Palermo-Martorana-bjs.jpg
,,Basilique Saint-André,cathedrales,wikidata,Mantoue,3,,94.8,51.5,0.0,25.9,8.0,5.0,0.0,0.0,24,,3,,inconnu,,,45.159011,10.794469,Q1581882,https://fr.wikipedia.org/wiki/Basilique_Saint-Andr%C3%A9_de_Mantoue,http://commons.wikimedia.org/wiki/Special:FilePath/Mantoue%20basilique%20saint%20andre%20bis.jpg
,,Cathédrale de Trieste,cathedrales,wikidata,Trieste,3,,94.3,49.5,0.0,26.0,8.0,5.0,0.0,3.5,21,,3,,inconnu,,,45.646389,13.772500,Q1736225,https://fr.wikipedia.org/wiki/Cath%C3%A9drale_de_Trieste,http://commons.wikimedia.org/wiki/Special:FilePath/Triest%20Kathedrale%20-%20Fassade%201%20Campanile.jpg
,,Église San Zaccaria,cathedrales,wikidata,Venise,3,,93.9,53.3,0.0,23.7,8.0,5.0,0.0,0.0,27,,3,,inconnu,,,45.434722,12.343333,Q794876,https://fr.wikipedia.org/wiki/%C3%89glise_San_Zaccaria,http://commons.wikimedia.org/wiki/Special:FilePath/Chiesa%20di%20San%20Zaccaria%20Venezia.jpg
,,Cathédrale de Trani,cathedrales,wikidata,Barletta-Andria-Trani,3,,93.3,44.4,0.0,13.7,8.0,5.0,0.0,19.1,15,,4,,inconnu,,,41.282222,16.418500,Q513023,https://fr.wikipedia.org/wiki/Cath%C3%A9drale_de_Trani,http://commons.wikimedia.org/wiki/Special:FilePath/Cattedrale%20di%20Trani%2C%20facciata.jpg
,,Baptistère de Parme,cathedrales,wikidata,Parme,3,,93.2,45.3,0.0,30.7,8.0,5.0,0.0,0.0,16,,3,,inconnu,,,44.803168,10.330429,Q2883692,https://fr.wikipedia.org/wiki/Baptist%C3%A8re_de_Parme,http://commons.wikimedia.org/wiki/Special:FilePath/Battistero%20Parma%2004.jpg
,,Chapelle Tornabuoni,cathedrales,wikidata,Florence,3,,92.8,44.4,0.0,33.2,8.0,5.0,0.0,0.0,15,,3,,inconnu,,,43.775128,11.249425,Q2593098,https://fr.wikipedia.org/wiki/Chapelle_Tornabuoni,http://commons.wikimedia.org/wiki/Special:FilePath/Domenico%20Ghirlandaio%20und%20Werkstatt%2C%20Tornabuoni-Kapelle%2C%201486%E2%80%931490%2C%20Freskenzyklus%2C%20Santa%20Maria%20Novella%2C%20Florenz.jpg
,,Église d'Orsanmichele,cathedrales,wikidata,Florence,3,,92.8,53.9,0.0,21.4,8.0,5.0,0.0,0.0,28,,3,,inconnu,,,43.770710,11.255050,Q860816,https://fr.wikipedia.org/wiki/%C3%89glise_d%27Orsanmichele,http://commons.wikimedia.org/wiki/Special:FilePath/La%20chiesa%20di%20Orsanmichele%2C%20detta%20anticamente%20anche%20chiesa%20di%20San%20Michele%20in%20Orto.jpg
,,Cathédrale de Syracuse,cathedrales,wikidata,Syracuse,3,,92.7,50.2,0.0,22.5,8.0,5.0,0.0,0.0,22,,3,,inconnu,,,37.059444,15.293611,Q1736222,https://fr.wikipedia.org/wiki/Cath%C3%A9drale_de_Syracuse,http://commons.wikimedia.org/wiki/Special:FilePath/SiracusaCathedral-pjt1.jpg
,,Basilique de la Sainte Maison de Lorette,cathedrales,wikidata,Ancône,3,,92.2,51.5,0.0,24.3,8.0,5.0,0.0,0.0,24,,3,,inconnu,,,43.440930,13.610920,Q654996,https://fr.wikipedia.org/wiki/Basilique_de_Lorette,http://commons.wikimedia.org/wiki/Special:FilePath/Basilica%20Pontificia%20della%20Santa%20Casa%20di%20Loreto.jpg
,,Église Saint-François-de-la-Vigne de Venise,cathedrales,wikidata,Venise,3,,92.2,48.7,0.0,28.7,8.0,5.0,0.0,0.0,20,,3,,inconnu,,,45.438100,12.348600,Q946542,https://fr.wikipedia.org/wiki/%C3%89glise_Saint-Fran%C3%A7ois-de-la-Vigne_de_Venise,http://commons.wikimedia.org/wiki/Special:FilePath/San%20Francesco%20della%20vigna.jpg
,,Basilique San Giorgio Maggiore de Venise,cathedrales,wikidata,Venise,3,,91.6,54.4,0.0,18.5,8.0,5.0,0.0,0.0,29,,3,,inconnu,,,45.429300,12.343300,Q713558,https://fr.wikipedia.org/wiki/Basilique_San_Giorgio_Maggiore_de_Venise,http://commons.wikimedia.org/wiki/Special:FilePath/Basilica%20di%20San%20Giorgio%20Maggiore%20%28Venice%29.jpg
,,Basilique San Petronio,cathedrales,wikidata,Bologne,3,,91.4,50.8,0.0,19.3,8.0,5.0,0.0,0.0,23,,3,,inconnu,,,44.493382,11.343285,Q810103,https://fr.wikipedia.org/wiki/Basilique_San_Petronio_de_Bologne,http://commons.wikimedia.org/wiki/Special:FilePath/Bologna%20italy%20basilica%20di%20San%20Petronio.jpg
,,Basilique Sainte-Marie-des-Anges d'Assise,cathedrales,wikidata,Pérouse,3,,90.7,49.5,0.0,23.3,8.0,5.0,0.0,0.0,21,,3,,inconnu,,,43.058333,12.580556,Q4706745,https://fr.wikipedia.org/wiki/Basilique_Sainte-Marie-des-Anges_d%27Assise,http://commons.wikimedia.org/wiki/Special:FilePath/Bazylika%20Santa%20Maria%20degli%20Angeli%20Asy%C5%BC.jpg
,,Basilique Santo Stefano,cathedrales,wikidata,Bologne,3,,90.5,43.3,0.0,30.9,8.0,5.0,0.0,0.0,14,,3,,inconnu,,,44.492204,11.348648,Q810107,https://fr.wikipedia.org/wiki/Basilique_Santo_Stefano_de_Bologne,http://commons.wikimedia.org/wiki/Special:FilePath/Veduta%20dell%27abbazia%20di%20Santo%20Stefano%2C%20Bologna.jpg
,,Temple Malatesta,cathedrales,wikidata,Rimini,3,,90.4,51.5,0.0,22.1,8.0,5.0,0.0,0.0,24,,3,,inconnu,,,44.059952,12.570276,Q1268593,https://fr.wikipedia.org/wiki/Temple_Malatesta,http://commons.wikimedia.org/wiki/Special:FilePath/Tempio%20malatestiano%2C%20esterno%2004.JPG
,,Église de la Madonna dell'Orto,cathedrales,wikidata,Venise,3,,90.4,48.7,0.0,25.6,8.0,5.0,0.0,0.0,20,,3,,inconnu,,,45.446336,12.332472,Q861436,https://fr.wikipedia.org/wiki/%C3%89glise_de_la_Madonna_dell%27Orto,http://commons.wikimedia.org/wiki/Special:FilePath/Madonna%20dell%27Orto.jpg
,,Cathédrale Saint-Martin,cathedrales,wikidata,Lucques,3,,90.3,52.7,0.0,20.2,8.0,5.0,0.0,0.0,26,,3,,inconnu,,,43.840660,10.505870,Q1282278,https://fr.wikipedia.org/wiki/Cath%C3%A9drale_Saint-Martin_de_Lucques,http://commons.wikimedia.org/wiki/Special:FilePath/Dome%20Lucques%20Duomo%20San%20Martino%20Lucca.jpg
,,Cathédrale Santa Maria Assunta de Torcello,cathedrales,wikidata,Venise,3,,89.8,47.9,0.0,24.5,8.0,5.0,0.0,0.0,19,,3,,inconnu,,,45.498200,12.419300,Q1149886,https://fr.wikipedia.org/wiki/Cath%C3%A9drale_Santa_Maria_Assunta_de_Torcello,http://commons.wikimedia.org/wiki/Special:FilePath/Torcello.jpg
,,Église du Rédempteur de Venise,cathedrales,wikidata,Venise,3,,89.7,55.9,0.0,18.1,8.0,5.0,0.0,0.0,32,,1,,inconnu,,,45.424992,12.332453,Q830807,https://fr.wikipedia.org/wiki/%C3%89glise_du_R%C3%A9dempteur_de_Venise,http://commons.wikimedia.org/wiki/Special:FilePath/Chiesa%20del%20Redentore%20%28Venice%29.jpg
,,Cathédrale Santa Maria Matricolare de Vérone,cathedrales,wikidata,Vérone,3,,89.5,50.2,0.0,23.3,8.0,5.0,0.0,0.0,22,,1,,inconnu,,,45.447222,10.996944,Q2713844,https://fr.wikipedia.org/wiki/Cath%C3%A9drale_Santa_Maria_Matricolare_de_V%C3%A9rone,http://commons.wikimedia.org/wiki/Special:FilePath/Italy%20-%20Verona%20-%20Cathedral.jpg
,,Dôme de Padoue,cathedrales,wikidata,Padoue,3,,89.5,50.2,0.0,24.2,8.0,5.0,0.0,0.0,22,,1,,inconnu,,,45.406389,11.871667,Q2407092,https://fr.wikipedia.org/wiki/Cath%C3%A9drale_de_Padoue,http://commons.wikimedia.org/wiki/Special:FilePath/Duomo%20%28Padua%29%20-%20Facade.jpg
,,Dôme San Lorenzo,cathedrales,wikidata,Gênes,3,,89.3,50.8,0.0,20.8,8.0,5.0,0.0,0.0,23,,2,,inconnu,,,44.407660,8.931350,Q1306549,https://fr.wikipedia.org/wiki/Cath%C3%A9drale_Saint-Laurent_de_G%C3%AAnes,http://commons.wikimedia.org/wiki/Special:FilePath/Cattedrale%20di%20San%20Lorenzo%20Genoa.jpg
,,Cathédrale d'Udine,cathedrales,wikidata,Udine,3,,88.0,45.3,0.0,29.1,8.0,5.0,0.0,0.0,16,,2,,inconnu,,,46.062300,13.236900,Q1145812,https://fr.wikipedia.org/wiki/Cath%C3%A9drale_d%27Udine,http://commons.wikimedia.org/wiki/Special:FilePath/UdineDuomoLatosx.jpg
,,Basilique San Domenico,cathedrales,wikidata,Sienne,3,,87.0,45.3,0.0,26.1,8.0,5.0,0.0,0.0,16,,3,,inconnu,,,43.319861,11.326694,Q810075,https://fr.wikipedia.org/wiki/Basilique_San_Domenico_de_Sienne,http://commons.wikimedia.org/wiki/Special:FilePath/San%20Domenico%20Siena%20Apr%202008%20%2820%29%20detail.JPG
,,Dôme de Monza,cathedrales,wikidata,Monza et Brianza,3,,86.2,50.8,0.0,20.9,8.0,5.0,0.0,0.0,23,,1,,inconnu,,,45.583590,9.275670,Q1236608,https://fr.wikipedia.org/wiki/%C3%89glise_Saint-Jean-Baptiste_de_Monza,http://commons.wikimedia.org/wiki/Special:FilePath/Monza%2C%20Duomo.jpg
,,Baptistère des Orthodoxes,cathedrales,wikidata,Ravenne,3,,86.1,52.1,0.0,16.2,8.0,5.0,0.0,0.0,25,,2,,inconnu,,,44.415590,12.197360,Q1256487,https://fr.wikipedia.org/wiki/Baptist%C3%A8re_des_Orthodoxes,http://commons.wikimedia.org/wiki/Special:FilePath/Ravenna%20Baptistry%20of%20Neon.jpg
,,Basilique San Gaudenzio de Novare,cathedrales,wikidata,Novara,3,,85.9,46.2,0.0,23.0,8.0,5.0,0.0,2.2,17,,2,,inconnu,,,45.448808,8.619686,Q2639843,https://fr.wikipedia.org/wiki/Basilique_San_Gaudenzio_de_Novare,http://commons.wikimedia.org/wiki/Special:FilePath/Novara%2C%20Basilica%20di%20San%20Gaudenzio%2001.JPG
,,Cathédrale Saint-Georges de Ferrare,cathedrales,wikidata,Ferrare,3,,85.4,51.5,0.0,18.9,8.0,5.0,0.0,0.0,24,,2,,inconnu,,,44.835765,11.619739,Q671933,https://fr.wikipedia.org/wiki/Cath%C3%A9drale_Saint-Georges_de_Ferrare,http://commons.wikimedia.org/wiki/Special:FilePath/Ferrara%2002.jpg
,,Cathédrale d'Assise,cathedrales,wikidata,Pérouse,3,,85.1,45.3,0.0,24.4,8.0,5.0,0.0,0.0,16,,2,,inconnu,,,43.070430,12.617770,Q1433207,https://fr.wikipedia.org/wiki/Cath%C3%A9drale_d%27Assise,http://commons.wikimedia.org/wiki/Special:FilePath/Assisi%20San%20Rufino%20BW%205.JPG
,,Cathédrale de Pompei,cathedrales,wikidata,Naples,3,,85.1,47.1,0.0,21.2,8.0,5.0,0.0,0.0,18,,2,,inconnu,,,40.750000,14.500556,Q980745,https://fr.wikipedia.org/wiki/Sanctuaire_Notre-Dame-du-Rosaire_de_Pomp%C3%A9i,http://commons.wikimedia.org/wiki/Special:FilePath/Pompei%20duomo.jpg
,,Sanctuaire Saint-Michel-Archange,cathedrales,wikidata,Foggia,3,,84.7,47.1,0.0,17.2,8.0,5.0,0.0,0.0,18,,3,,inconnu,,,41.707722,15.954778,Q1448870,https://fr.wikipedia.org/wiki/Sanctuaire_Saint-Michel-Archange_du_mont_Gargan,http://commons.wikimedia.org/wiki/Special:FilePath/Sanctuary%20of%20Saint%20Michael%20the%20Archangel.jpg
,,Église Santa Maria presso San Satiro,cathedrales,wikidata,Milan,3,,84.6,47.9,0.0,21.3,8.0,5.0,0.0,0.0,19,,2,,inconnu,,,45.462608,9.188035,Q589462,https://fr.wikipedia.org/wiki/%C3%89glise_Santa_Maria_presso_San_Satiro,http://commons.wikimedia.org/wiki/Special:FilePath/Milan%20Santa%20Maria%20presso%20San%20Satiro%20016%204771.jpg
,,Chapelle Colleoni,cathedrales,wikidata,Bergame,3,,84.4,44.4,0.0,24.6,8.0,5.0,0.0,0.0,15,,2,,inconnu,,,45.703440,9.662110,Q1034843,https://fr.wikipedia.org/wiki/Chapelle_Colleoni,http://commons.wikimedia.org/wiki/Special:FilePath/Bergamo%2C%20Cappella%20Colleoni%202021.jpg
,,Basilique San Francesco,cathedrales,wikidata,Arezzo,3,,84.3,42.2,0.0,15.6,8.0,5.0,0.0,11.7,13,,2,,inconnu,,,43.464540,11.880860,Q1677980,https://fr.wikipedia.org/wiki/Basilique_San_Francesco_d%27Arezzo,http://commons.wikimedia.org/wiki/Special:FilePath/Bas%C3%ADlica%20de%20San%20Francesco%2C%20Arezzo%2C%20Italia%2C%202022-09-17%2C%20DD%2030.jpg
,,Cathédrale de Ravenne,cathedrales,wikidata,Ravenne,3,,84.3,43.3,0.0,26.8,8.0,5.0,0.0,0.0,14,,2,,inconnu,,,44.415580,12.196605,Q2942769,https://fr.wikipedia.org/wiki/Cath%C3%A9drale_de_Ravenne,http://commons.wikimedia.org/wiki/Special:FilePath/Ravenna%2C%20cattedrale%20della%20Resurrezione%20di%20Nostro%20Signore%20Ges%C3%B9%20Cristo%20%28001%29.jpg
,,Cathédrale de Fidenza,cathedrales,wikidata,Parme,3,,83.6,38.4,0.0,31.4,8.0,5.0,0.0,0.0,10,,2,,inconnu,,,44.866492,10.057512,Q1287865,https://fr.wikipedia.org/wiki/Cath%C3%A9drale_de_Fidenza,http://commons.wikimedia.org/wiki/Special:FilePath/Duomo%20%28Fidenza%29%20-%20facciata%201%202022-07-18.jpg
,,Dôme d'Amalfi,cathedrales,wikidata,Salerne,3,,83.5,50.2,0.0,16.0,8.0,5.0,0.0,0.0,22,,2,,inconnu,,,40.634444,14.603056,Q686306,https://fr.wikipedia.org/wiki/Cath%C3%A9drale_Saint-Andr%C3%A9_d%27Amalfi,http://commons.wikimedia.org/wiki/Special:FilePath/Amalfi%20-%20Duomo%20di%20Sant%27Andrea.jpg
,,Basilique San Zeno de Vérone,cathedrales,wikidata,Vérone,3,,83.3,49.5,0.0,17.7,8.0,5.0,0.0,0.0,21,,1,,inconnu,,,45.442500,10.979167,Q1763642,https://fr.wikipedia.org/wiki/Basilique_Saint-Z%C3%A9non_de_V%C3%A9rone,http://commons.wikimedia.org/wiki/Special:FilePath/Basilica%20di%20San%20Zeno%20a%20Verona%20.jpg
,,Cathédrale Santa Maria Assunta,cathedrales,wikidata,Bari,3,,83.1,47.1,0.0,19.0,8.0,5.0,0.0,0.0,18,,3,,inconnu,,,41.128528,16.868944,Q383884,https://fr.wikipedia.org/wiki/Cath%C3%A9drale_Saint-Sabin_de_Bari,http://commons.wikimedia.org/wiki/Special:FilePath/Bari%20BW%202016-10-19%2013-57-32.jpg
,,Basilique San Francesco di Paola,cathedrales,wikidata,Naples,3,,82.7,49.5,0.0,16.4,8.0,5.0,0.0,0.0,21,,2,,inconnu,,,40.835300,14.247500,Q241410,https://fr.wikipedia.org/wiki/Basilique_San_Francesco_di_Paola,http://commons.wikimedia.org/wiki/Special:FilePath/San%20Francesco%20di%20Paola%20%28Naples%29%20exterior.jpg
,,Cathédrale Notre-Dame-de-l’Assomption de Crémone,cathedrales,wikidata,Crémone,3,,82.7,47.9,0.0,19.4,8.0,5.0,0.0,0.0,19,,2,,inconnu,,,45.133500,10.025500,Q913182,https://fr.wikipedia.org/wiki/Cath%C3%A9drale_Notre-Dame-de-l%E2%80%99Assomption_de_Cr%C3%A9mone,http://commons.wikimedia.org/wiki/Special:FilePath/Cathedral%20of%20Cremona%20%287%29.jpg
,,Cathédrale Saint-Étienne-et-Notre-Dame-de-l'Assomption de Pavie,cathedrales,wikidata,Pavie,3,,82.4,44.4,0.0,23.6,8.0,5.0,0.0,0.0,15,,1,,inconnu,,,45.184583,9.153611,Q602102,https://fr.wikipedia.org/wiki/Cath%C3%A9drale_Saint-%C3%89tienne-et-Notre-Dame-de-l%27Assomption_de_Pavie,http://commons.wikimedia.org/wiki/Special:FilePath/Pavia%20Cattedrale%20di%20Santa%20Maria%20Assunta%20e%20Santo%20Stefano%20Protomartire%20Esterno%20Facciata%2002.jpg
,,Église des Girolamini,cathedrales,wikidata,Naples,3,,82.2,41.0,0.0,27.0,8.0,5.0,0.0,0.0,12,,2,,inconnu,,,40.851929,14.258482,Q289414,https://fr.wikipedia.org/wiki/%C3%89glise_des_Girolamini,http://commons.wikimedia.org/wiki/Special:FilePath/Napoli%20-%20Chiesa%20dei%20Girolamini.jpg
,,Église San Michele in Foro,cathedrales,wikidata,Lucques,3,,82.0,45.3,0.0,21.1,8.0,5.0,0.0,0.0,16,,2,,inconnu,,,43.843056,10.502778,Q1809639,https://fr.wikipedia.org/wiki/%C3%89glise_San_Michele_in_Foro,http://commons.wikimedia.org/wiki/Special:FilePath/San%20Michele%20in%20Foro%20Lucca%202019.jpg
,,Église Saint-Jean-des-Ermites de Palerme,cathedrales,wikidata,Palerme,3,,81.2,48.7,0.0,16.5,8.0,5.0,0.0,0.0,20,,2,,inconnu,,,38.109722,13.354722,Q745359,https://fr.wikipedia.org/wiki/%C3%89glise_Saint-Jean-des-Ermites_de_Palerme,http://commons.wikimedia.org/wiki/Special:FilePath/San%20giovanni%20degli%20eremiti.jpg
,,Cathédrale San Donato,cathedrales,wikidata,Arezzo,3,,80.9,47.9,0.0,18.3,8.0,5.0,0.0,0.0,19,,2,,inconnu,,,43.466997,11.883172,Q2263308,https://fr.wikipedia.org/wiki/Cath%C3%A9drale_San_Donato_d%27Arezzo,http://commons.wikimedia.org/wiki/Special:FilePath/Arezzo-cattedrale05.jpg
,,Basilique Sainte-Croix de Lecce,cathedrales,wikidata,Lecce,3,,80.6,46.2,0.0,17.1,8.0,5.0,0.0,0.0,17,,3,,inconnu,,,40.354680,18.173140,Q844111,https://fr.wikipedia.org/wiki/Basilique_Sainte-Croix_de_Lecce,http://commons.wikimedia.org/wiki/Special:FilePath/Puglia%20Lecce3%20tango7174.jpg
,,Église Sainte-Anastasie de Vérone,cathedrales,wikidata,Vérone,3,,80.2,42.2,0.0,23.2,8.0,5.0,0.0,0.0,13,,1,,inconnu,,,45.445278,10.999722,Q1056442,https://fr.wikipedia.org/wiki/%C3%89glise_Sainte-Anastasie_de_V%C3%A9rone,http://commons.wikimedia.org/wiki/Special:FilePath/Basilica%20di%20Santa%20Anastasia%20%28Verona%29%20-%20Facciata.jpg
,,Basilique San Michele Maggiore,cathedrales,wikidata,Pavie,3,,79.6,42.2,0.0,22.9,8.0,5.0,0.0,0.0,13,,1,,inconnu,,,45.182222,9.156944,Q1055129,https://fr.wikipedia.org/wiki/Basilique_San_Michele_Maggiore,http://commons.wikimedia.org/wiki/Special:FilePath/Facciata%20della%20Chiesa%20di%20San%20Michele.jpg
,,Cathédrale Sainte-Agathe de Catane,cathedrales,wikidata,Catane,3,,79.5,50.8,0.0,15.6,8.0,5.0,0.0,0.0,23,,2,,inconnu,,,37.502460,15.088210,Q1499188,https://fr.wikipedia.org/wiki/Cath%C3%A9drale_Sainte-Agathe_de_Catane,http://commons.wikimedia.org/wiki/Special:FilePath/Catania%20BW%202025-04-25%2015-15-28.jpg
,,Collégiale de San Gimignano,cathedrales,wikidata,Sienne,3,,79.5,43.3,0.0,20.0,8.0,5.0,0.0,0.0,14,,3,,inconnu,,,43.467820,11.042770,Q1097330,https://fr.wikipedia.org/wiki/Coll%C3%A9giale_de_San_Gimignano,http://commons.wikimedia.org/wiki/Special:FilePath/Duomo%20%28San%20Gimignano%29.jpg
,,Cathédrale d'Aoste,cathedrales,wikidata,Aoste,3,,79.3,41.0,0.0,23.4,8.0,5.0,0.0,0.0,12,,2,,inconnu,,,45.738305,7.317737,Q978797,https://fr.wikipedia.org/wiki/Cath%C3%A9drale_d%27Aoste,http://commons.wikimedia.org/wiki/Special:FilePath/Aosta%20-%20Cattedrale%20di%20Aosta%20%2817%20August%202025%29.jpeg
,,San Damiano,cathedrales,wikidata,Pérouse,3,,79.0,47.1,0.0,16.0,8.0,5.0,0.0,0.0,18,,2,,inconnu,,,43.061667,12.618056,Q793909,https://fr.wikipedia.org/wiki/Chapelle_Saint-Damien_d%27Assise,http://commons.wikimedia.org/wiki/Special:FilePath/SanDamianoAssisiDec132023%2002.jpg
,,Cathédrale Santa Maria d'Anagni,cathedrales,wikidata,Frosinone,3,,78.9,45.3,0.0,18.8,8.0,5.0,0.0,0.0,16,,1,,inconnu,,,41.743000,13.161900,Q2942522,https://fr.wikipedia.org/wiki/Cath%C3%A9drale_Santa_Maria_d%27Anagni,http://commons.wikimedia.org/wiki/Special:FilePath/Cattedrale%20di%20Santa%20Maria%20%28Anagni%29%20con%20campanile.JPG
,,Dôme de Trente,cathedrales,wikidata,Trente,3,,78.9,50.2,0.0,14.6,8.0,5.0,0.0,0.0,22,,2,,inconnu,,,46.066900,11.121500,Q621060,https://fr.wikipedia.org/wiki/Cath%C3%A9drale_de_Trente,http://commons.wikimedia.org/wiki/Special:FilePath/Trento%2C%20cattedrale%20di%20San%20Vigilio%202.jpg
,,Cathédrale de Messine,cathedrales,wikidata,Messine,3,,78.7,43.3,0.0,20.3,8.0,5.0,0.0,0.0,14,,2,,inconnu,,,38.192181,15.555389,Q733217,https://fr.wikipedia.org/wiki/Cath%C3%A9drale_de_Messine,http://commons.wikimedia.org/wiki/Special:FilePath/Messina%20duomo%202.JPG
,,Église San Biagio,cathedrales,wikidata,Sienne,3,,78.6,42.2,0.0,22.4,8.0,5.0,0.0,0.0,13,,2,,inconnu,,,43.090770,11.774610,Q1883452,https://fr.wikipedia.org/wiki/%C3%89glise_San_Biagio_de_Montepulciano,http://commons.wikimedia.org/wiki/Special:FilePath/SBiagio%20von%20SO2-%20s.jpg
,,Sanctuaire de Notre-Dame du Mont Berico,cathedrales,wikidata,Vicence,3,,78.3,39.8,0.0,24.5,8.0,5.0,0.0,0.0,11,,1,,inconnu,,,45.535088,11.545497,Q3940602,https://fr.wikipedia.org/wiki/Sanctuaire_de_Notre-Dame_du_Mont_Berico,http://commons.wikimedia.org/wiki/Special:FilePath/Veneto%20Vicenza2%20Madonna%20Monte%20Berico%20tango7174.jpg
,,Cathédrale de Bologne,cathedrales,wikidata,Bologne,3,,78.1,46.2,0.0,15.8,8.0,5.0,0.0,0.0,17,,2,,inconnu,,,44.495655,11.342920,Q178699,https://fr.wikipedia.org/wiki/Cath%C3%A9drale_de_Bologne,http://commons.wikimedia.org/wiki/Special:FilePath/Cattedrale%20di%20San%20Pietro.jpg
,,Dôme de Lecce,cathedrales,wikidata,Lecce,3,,78.0,44.4,0.0,16.7,8.0,5.0,0.0,0.0,15,,3,,inconnu,,,40.351667,18.169444,Q843722,https://fr.wikipedia.org/wiki/Cath%C3%A9drale_de_l%27Assomption_de_Lecce,http://commons.wikimedia.org/wiki/Special:FilePath/Puglia%20Lecce2%20tango7174.jpg
,,Cathédrale Notre-Dame-de-l'Assomption de Côme,cathedrales,wikidata,Côme,3,,77.9,49.5,0.0,11.1,8.0,5.0,0.0,0.0,21,,1,,inconnu,,,45.811799,9.083659,Q1101730,https://fr.wikipedia.org/wiki/Cath%C3%A9drale_Notre-Dame-de-l%27Assomption_de_C%C3%B4me,http://commons.wikimedia.org/wiki/Special:FilePath/Duomo%20di%20Como%20-%20panoramio%20%282%29.jpg
,,Cathédrale de Trévise,cathedrales,wikidata,Trévise,3,,77.8,41.0,0.0,22.9,8.0,5.0,0.0,0.0,12,,1,,inconnu,,,45.666500,12.242700,Q51149,https://fr.wikipedia.org/wiki/Cath%C3%A9drale_de_Tr%C3%A9vise,http://commons.wikimedia.org/wiki/Special:FilePath/Treviso%20-%20Duomo%20-%20facciata.jpg
,,Cathédrale de Salerne,cathedrales,wikidata,Salerne,3,,77.7,44.4,0.0,17.4,8.0,5.0,0.0,0.0,15,,2,,inconnu,,,40.680083,14.760417,Q2738834,https://fr.wikipedia.org/wiki/Cath%C3%A9drale_de_Salerne,http://commons.wikimedia.org/wiki/Special:FilePath/Salerno%202013-05-17%2009-37-10.jpg
,,Église San Domenico Maggiore,cathedrales,wikidata,Naples,3,,77.7,44.4,0.0,18.5,8.0,5.0,0.0,0.0,15,,2,,inconnu,,,40.848731,14.254407,Q897603,https://fr.wikipedia.org/wiki/%C3%89glise_San_Domenico_Maggiore,http://commons.wikimedia.org/wiki/Special:FilePath/SanDomenicoMaggioreNaples.jpg
,,Cathédrale d'Altamura,cathedrales,wikidata,Bari,3,,77.5,42.2,0.0,21.2,8.0,5.0,0.0,0.0,13,,3,,inconnu,,,40.827430,16.552750,Q277433,https://fr.wikipedia.org/wiki/Cath%C3%A9drale_d%27Altamura,http://commons.wikimedia.org/wiki/Special:FilePath/Puglia%20Altamura1%20tango7174.jpg
,,Cathédrale d'Agrigente,cathedrales,wikidata,Agrigento,3,,77.4,42.2,0.0,21.2,8.0,5.0,0.0,0.0,13,,2,,inconnu,,,37.314100,13.576000,Q2942535,https://fr.wikipedia.org/wiki/Cath%C3%A9drale_Saint-Gerland_d%27Agrigente,http://commons.wikimedia.org/wiki/Special:FilePath/Agrigento%20Duomo.jpg
,,Chapelle archiépiscopale,cathedrales,wikidata,Ravenne,3,,77.3,48.7,0.0,13.5,8.0,5.0,0.0,0.0,20,,2,,inconnu,,,44.415556,12.197778,Q600062,https://fr.wikipedia.org/wiki/Chapelle_archi%C3%A9piscopale_(Ravenne),http://commons.wikimedia.org/wiki/Special:FilePath/Cappella%20Arcivescovile%20%28Dettaglio%203%29.jpg
,,Basilique de Saint-Marin,cathedrales,wikidata,Rimini,3,,77.2,49.5,0.0,13.3,8.0,5.0,0.0,0.0,21,,1,,inconnu,,,43.937222,12.446944,Q810102,https://fr.wikipedia.org/wiki/Basilique_de_Saint-Marin,http://commons.wikimedia.org/wiki/Special:FilePath/Contrada%20della%20Pieve%2C%201%2C%20Citt%C3%A0%20di%20San%20Marino%2C%20San%20Marino%20-%20panoramio.jpg
,,San Frediano,cathedrales,wikidata,Lucques,3,,77.2,46.2,0.0,16.4,8.0,5.0,0.0,0.0,17,,1,,inconnu,,,43.846111,10.504722,Q762111,https://fr.wikipedia.org/wiki/Basilique_Saint-Fridien_de_Lucques,http://commons.wikimedia.org/wiki/Special:FilePath/Basilica%20di%20San%20Frediano%20Lucca.jpg
,,Église du Gesù Nuovo,cathedrales,wikidata,Naples,3,,77.2,43.3,0.0,17.6,8.0,5.0,0.0,0.0,14,,1,,inconnu,,,40.847622,14.251803,Q718774,https://fr.wikipedia.org/wiki/%C3%89glise_du_Ges%C3%B9_Nuovo_de_Naples,http://commons.wikimedia.org/wiki/Special:FilePath/Facciata%20della%20chiesa%20del%20Ges%C3%B9%20Nuovo%20%28Napoli%29%20-%20BW%202013-05-16.jpg
,,Cathédrale Saint-Pierre de Mantoue,cathedrales,wikidata,Mantoue,3,,76.9,47.1,0.0,16.1,8.0,5.0,0.0,0.0,18,,1,,inconnu,,,45.160707,10.797420,Q650678,https://fr.wikipedia.org/wiki/Cath%C3%A9drale_Saint-Pierre_de_Mantoue,http://commons.wikimedia.org/wiki/Special:FilePath/Cattedrale%20di%20San%20Pietro%20Apostolo%2C%20Mantova.jpg
,,Cathédrale d'Otrante,cathedrales,wikidata,Lecce,3,,76.8,42.2,0.0,16.7,8.0,5.0,0.0,0.0,13,,3,,inconnu,,,40.145800,18.491000,Q2942572,https://fr.wikipedia.org/wiki/Cath%C3%A9drale_d%27Otrante,http://commons.wikimedia.org/wiki/Special:FilePath/Otranto%20cathedral%20frontside.jpg
,,Basilique Sainte-Marie-de-l'Aumône de Catane,cathedrales,wikidata,Catane,3,,76.5,41.0,0.0,21.9,8.0,5.0,0.0,0.0,12,,1,,inconnu,,,37.504200,15.086470,Q1109136,https://fr.wikipedia.org/wiki/Basilique_Sainte-Marie-de-l%27Aum%C3%B4ne_de_Catane,http://commons.wikimedia.org/wiki/Special:FilePath/Catania%2C%20Basilica%20Collegiata%20-%20panoramio.jpg
,,Cathédrale Saint-Cyriaque d'Ancône,cathedrales,wikidata,Ancône,3,,76.2,44.4,0.0,17.6,8.0,5.0,0.0,0.0,15,,2,,inconnu,,,43.625241,13.509918,Q52861,https://fr.wikipedia.org/wiki/Cath%C3%A9drale_Saint-Cyriaque_d%27Anc%C3%B4ne,http://commons.wikimedia.org/wiki/Special:FilePath/Cattedrale%20di%20San%20Ciriaco%20%28Ancona%29.JPG
,,Église San Bernardino alle Ossa,cathedrales,wikidata,Milan,3,,76.1,44.4,0.0,14.7,8.0,5.0,0.0,0.0,15,,1,,inconnu,,,45.462497,9.195554,Q734371,https://fr.wikipedia.org/wiki/%C3%89glise_San_Bernardino_alle_Ossa,http://commons.wikimedia.org/wiki/Special:FilePath/Veduta%20della%20chiesa%20di%20San%20Bernardino%20alle%20Ossa%2C%20Milano.%20A%20destra%20la%20facciata%20di%20Santo%20Stefano.jpg
,,Dôme San Lorenzo,cathedrales,wikidata,Pérouse,3,,76.0,47.1,0.0,14.6,8.0,5.0,0.0,0.0,18,,2,,inconnu,,,43.112686,12.389208,Q1132503,https://fr.wikipedia.org/wiki/Cath%C3%A9drale_Saint-Laurent_de_P%C3%A9rouse,http://commons.wikimedia.org/wiki/Special:FilePath/Catedral%20de%20perugia.jpg
,,Basilique Notre-Dame de la Ghiara,cathedrales,wikidata,Reggio d'Émilie,3,,75.9,35.2,0.0,27.4,8.0,5.0,0.0,0.0,8,,1,,inconnu,oui,,44.698889,10.626111,Q3983208,https://fr.wikipedia.org/wiki/Basilique_Notre-Dame_de_la_Ghiara,http://commons.wikimedia.org/wiki/Special:FilePath/Ghiara%20reggio%20emilia.jpg
,,Église du Gesù de Palerme,cathedrales,wikidata,Palerme,3,,75.9,43.3,0.0,17.1,8.0,5.0,0.0,0.0,14,,1,,inconnu,,,38.112925,13.361661,Q654981,https://fr.wikipedia.org/wiki/%C3%89glise_du_Ges%C3%B9_de_Palerme,http://commons.wikimedia.org/wiki/Special:FilePath/Chiesa%20del%20Ges%C3%B9%20di%20Casa%20Professa.jpg
,,Cathédrale de Plaisance,cathedrales,wikidata,Plaisance,3,,75.2,44.4,0.0,16.7,8.0,5.0,0.0,0.0,15,,1,,inconnu,,,45.050340,9.697356,Q2576211,https://fr.wikipedia.org/wiki/Cath%C3%A9drale_de_Plaisance,http://commons.wikimedia.org/wiki/Special:FilePath/Duomo%20%28Piacenza%29%2C%20facciata%2003.jpg
,,Cathédrale San Lorenzo,cathedrales,wikidata,Viterbo,3,,75.1,44.4,0.0,17.3,8.0,5.0,0.0,0.0,15,,1,,inconnu,,,42.415278,12.100833,Q1736131,https://fr.wikipedia.org/wiki/Cath%C3%A9drale_Saint-Laurent_de_Viterbe,http://commons.wikimedia.org/wiki/Special:FilePath/Kathedrale%20San%20Lorenzo%20%28Viterbo%29%20Juli%202023.jpg
,,Sanctuaire d'Oropa,cathedrales,wikidata,Biella,3,,75.1,43.3,0.0,18.6,8.0,5.0,0.0,0.0,14,,2,,inconnu,,,45.628300,7.978890,Q3915491,https://fr.wikipedia.org/wiki/Sanctuaire_d%27Oropa,http://commons.wikimedia.org/wiki/Special:FilePath/Santuario%20di%20Oropa-prima%20Piazza2.jpg
,,Église des Érémitiques de Padoue,cathedrales,wikidata,Padoue,3,,75.0,42.2,0.0,18.8,8.0,5.0,0.0,0.0,13,,1,,inconnu,,,45.410566,11.879788,Q3585946,https://fr.wikipedia.org/wiki/%C3%89glise_des_%C3%89r%C3%A9mitiques_de_Padoue,http://commons.wikimedia.org/wiki/Special:FilePath/%28Padua%29%20Chiesa%20degli%20Eremitani%20-%20Facade.jpg
,,Sanctuaire Sainte-Marie-de-la-Croix,cathedrales,wikidata,Crémone,3,,74.8,43.3,0.0,18.2,8.0,5.0,0.0,0.0,14,,1,,inconnu,,,45.375290,9.697550,Q3950073,https://fr.wikipedia.org/wiki/Sanctuaire_Sainte-Marie-de-la-Croix_de_Crema,http://commons.wikimedia.org/wiki/Special:FilePath/Crema%20%28CR%29%20-%20basilica%20di%20Santa%20Maria%20della%20Croce.jpg
,,Cathédrale de Capoue,cathedrales,wikidata,Caserta,3,,74.6,41.0,0.0,20.4,8.0,5.0,0.0,0.0,12,,1,,inconnu,,,41.109000,14.211300,Q950002,https://fr.wikipedia.org/wiki/Cath%C3%A9drale_de_Capoue,http://commons.wikimedia.org/wiki/Special:FilePath/Capua%2C%20cattedrale%20di%20Santa%20Maria%20Assunta%20-%20Facciata%20esterna.jpg
,,Basilique Santissima Annunziata del Vastato,cathedrales,wikidata,Gênes,3,,74.4,39.8,0.0,19.4,8.0,5.0,0.0,0.0,11,,2,,inconnu,,,44.414167,8.928333,Q2887140,https://fr.wikipedia.org/wiki/Basilique_Santissima_Annunziata_del_Vastato,http://commons.wikimedia.org/wiki/Special:FilePath/Genova%2C%20Basilica%20della%20Santissima%20Annunziata%20del%20Vastato%20%282007%29.jpg
,,Sanctuaire Notre-Dame-de-la-Couronne,cathedrales,wikidata,Vérone,3,,74.3,39.8,0.0,18.5,8.0,5.0,0.0,0.0,11,,1,,inconnu,,,45.649610,10.856200,Q1883435,https://fr.wikipedia.org/wiki/Sanctuaire_Notre-Dame-de-la-Couronne,http://commons.wikimedia.org/wiki/Special:FilePath/Santuario%20Madonna%20della%20Corona-ingresso%20chiesa.JPG
,,Basilique San Simpliciano,cathedrales,wikidata,Milan,3,,74.0,43.3,0.0,17.1,8.0,5.0,0.0,0.0,14,,1,,inconnu,,,45.473869,9.184669,Q509104,https://fr.wikipedia.org/wiki/Basilique_San_Simpliciano,http://commons.wikimedia.org/wiki/Special:FilePath/Lombardia%20Milano9%20tango7174.jpg
,,Cathédrale d'Urbino,cathedrales,wikidata,Pesaro et Urbin,3,,74.0,44.4,0.0,16.0,8.0,5.0,0.0,0.0,15,,2,,inconnu,,,43.725000,12.636389,Q2754576,https://fr.wikipedia.org/wiki/Cath%C3%A9drale_Notre-Dame-de-l%27Assomption_d%27Urbino,http://commons.wikimedia.org/wiki/Special:FilePath/Dom%20von%20Urbino.jpg
,,Église Saint-Barthélémy de Marne,cathedrales,wikidata,Bergame,3,,73.8,48.7,0.0,12.0,8.0,5.0,0.0,0.0,20,,1,,inconnu,,,45.621306,9.559228,Q3669510,https://fr.wikipedia.org/wiki/%C3%89glise_Saint-Barth%C3%A9l%C3%A9my_de_Marne,http://commons.wikimedia.org/wiki/Special:FilePath/Marne%20Chiesa%20facciata.JPG
,,Cathédrale de Matera,cathedrales,wikidata,Matera,3,,73.2,42.2,0.0,15.2,8.0,5.0,0.0,0.0,13,,2,,inconnu,,,40.666800,16.611300,Q2942710,https://fr.wikipedia.org/wiki/Cath%C3%A9drale_de_Matera,http://commons.wikimedia.org/wiki/Special:FilePath/Duomo%20di%20matera%2C%20esterno%2001.jpg
,,Cathédrale de Tarente,cathedrales,wikidata,Tarente,3,,73.0,42.2,0.0,16.7,8.0,5.0,0.0,0.0,13,,3,,inconnu,,,40.476031,17.228609,Q450083,https://fr.wikipedia.org/wiki/Cath%C3%A9drale_de_Tarente,http://commons.wikimedia.org/wiki/Special:FilePath/Cattedrale%20San%20Cataldo%20%28esterno%29%20-%20Taranto.jpg
,,Cathédrale de Trapani,cathedrales,wikidata,Trapani,3,,72.9,39.8,0.0,19.5,8.0,5.0,0.0,0.0,11,,1,,inconnu,,,38.016122,12.508074,Q1736220,https://fr.wikipedia.org/wiki/Cath%C3%A9drale_de_Trapani,http://commons.wikimedia.org/wiki/Special:FilePath/Cattedraletrapaniesterno.JPG
,,Dôme de Pistoie,cathedrales,wikidata,Pistoia,3,,72.5,48.7,0.0,10.2,8.0,5.0,0.0,0.0,20,,1,,inconnu,,,43.933219,10.917900,Q2557858,https://fr.wikipedia.org/wiki/D%C3%B4me_de_Pistoie,http://commons.wikimedia.org/wiki/Special:FilePath/Pistoia%20-Duomo%2C%20esterno-.JPG
,,Église Saint-Laurent,cathedrales,wikidata,Turin,3,,72.5,44.4,0.0,12.6,8.0,5.0,0.0,0.0,15,,2,,inconnu,,,45.072111,7.684833,Q657635,https://fr.wikipedia.org/wiki/%C3%89glise_Saint-Laurent_de_Turin,http://commons.wikimedia.org/wiki/Special:FilePath/SanLorenzoChurchTurin.JPG
,,Rotonde San Lorenzo,cathedrales,wikidata,Mantoue,3,,72.3,44.4,0.0,14.2,8.0,5.0,0.0,0.0,15,,1,,inconnu,,,45.158125,10.794750,Q2261984,https://fr.wikipedia.org/wiki/Rotonde_San_Lorenzo,http://commons.wikimedia.org/wiki/Special:FilePath/20110720%20Rotonda%20di%20San%20Lorenzo%203607.jpg
,,Basilique Sainte-Marie de Collemaggio,cathedrales,wikidata,L'Aquila,3,,72.1,38.4,0.0,19.5,8.0,5.0,0.0,0.0,10,,2,,inconnu,,,42.342778,13.404722,Q2034923,https://fr.wikipedia.org/wiki/Basilique_Sainte-Marie_de_Collemaggio,http://commons.wikimedia.org/wiki/Special:FilePath/Santa%20Maria%20di%20Collemaggio%20%28L%27Aquila%29%20-%20Facade.jpg
,,Cathédrale de Monopoli,cathedrales,wikidata,Bari,3,,72.1,38.4,0.0,16.7,8.0,5.0,0.0,0.0,10,,3,,inconnu,,,40.950810,17.303560,Q2942718,https://fr.wikipedia.org/wiki/Cath%C3%A9drale_de_Monopoli,http://commons.wikimedia.org/wiki/Special:FilePath/Monopoli%2C%20Cattedrale%20-%20panoramio.jpg
,,Cathédrale d'Ivrée,cathedrales,wikidata,Turin,3,,72.0,38.4,0.0,20.2,8.0,5.0,0.0,0.0,10,,2,,inconnu,,,45.468080,7.875240,Q7882645,https://fr.wikipedia.org/wiki/Cath%C3%A9drale_d%27Ivr%C3%A9e,http://commons.wikimedia.org/wiki/Special:FilePath/Duomo%20di%20Ivrea.JPG
,,Église Sainte-Sophie,cathedrales,wikidata,Benevento,3,,71.9,44.4,0.0,13.9,8.0,5.0,0.0,0.0,15,,1,,inconnu,,,41.130614,14.781292,Q1456931,https://fr.wikipedia.org/wiki/%C3%89glise_Sainte-Sophie_de_B%C3%A9n%C3%A9vent,http://commons.wikimedia.org/wiki/Special:FilePath/Santa%20Sofia%2C%20Benevento%2001.jpg
,,Cathédrale Saint-Alexandre de Bergame,cathedrales,wikidata,Bergame,3,,71.7,45.3,0.0,11.5,8.0,5.0,0.0,0.0,16,,1,,inconnu,,,45.703310,9.662900,Q1081902,https://fr.wikipedia.org/wiki/Cath%C3%A9drale_Saint-Alexandre_de_Bergame,http://commons.wikimedia.org/wiki/Special:FilePath/Bergamo%20katedra%2003.jpg
,,Cathédrale Sainte-Marie de Cagliari,cathedrales,wikidata,Cagliari,3,,71.5,41.0,0.0,14.8,8.0,5.0,0.0,0.0,12,,2,,inconnu,,,39.218750,9.116972,Q1073495,https://fr.wikipedia.org/wiki/Cath%C3%A9drale_Sainte-Marie_de_Cagliari,http://commons.wikimedia.org/wiki/Special:FilePath/Cagliari%20kathedrale%20fassade01.jpg
,,Cathédrale de L'Aquila,cathedrales,wikidata,L'Aquila,3,,71.4,38.4,0.0,19.5,8.0,5.0,0.0,0.0,10,,2,,inconnu,,,42.349199,13.397200,Q2942686,https://fr.wikipedia.org/wiki/Cath%C3%A9drale_de_L%27Aquila,http://commons.wikimedia.org/wiki/Special:FilePath/Laquila%20piazza%20del%20duomo%20017.jpg
,,Église Saint-Dominique de Palerme,cathedrales,wikidata,Palerme,3,,71.4,38.4,0.0,18.7,8.0,5.0,0.0,0.0,10,,1,,inconnu,,,38.119017,13.363383,Q1772789,https://fr.wikipedia.org/wiki/%C3%89glise_Saint-Dominique_de_Palerme,http://commons.wikimedia.org/wiki/Special:FilePath/Palermo-San-Domenico-bjs2007-01.jpg
,,Cathédrale de Noto,cathedrales,wikidata,Syracuse,3,,71.3,44.4,0.0,11.8,8.0,5.0,0.0,0.0,15,,1,,inconnu,,,36.891370,15.070810,Q749677,https://fr.wikipedia.org/wiki/Cath%C3%A9drale_de_Noto,http://commons.wikimedia.org/wiki/Special:FilePath/Noto%20Cathedral%20BW%202025-04-26%2011-10-58.jpg
,,Basilique Saint-Benoît,cathedrales,wikidata,Pérouse,3,,71.2,43.3,0.0,14.4,8.0,5.0,0.0,0.0,14,,2,,inconnu,,,42.798640,13.123300,Q3077776,https://fr.wikipedia.org/wiki/Basilique_Saint-Beno%C3%AEt_de_Norcia,http://commons.wikimedia.org/wiki/Special:FilePath/Norcia.jpg
,,Basilique-sanctuaire Madonna delle Lacrime,cathedrales,wikidata,Syracuse,3,,71.2,38.4,0.0,15.3,8.0,5.0,0.0,0.0,10,,1,,inconnu,,,37.074722,15.285278,Q2223786,https://fr.wikipedia.org/wiki/Basilique-sanctuaire_Madonna_delle_Lacrime,http://commons.wikimedia.org/wiki/Special:FilePath/Basilica%20Santuario%20Madonna%20delle%20Lacrime%20di%20Siracusa%20%28cropped%29.jpg
,,Cathédrale de Vicence,cathedrales,wikidata,Vicence,3,,70.9,38.4,0.0,18.7,8.0,5.0,0.0,0.0,10,,1,,inconnu,,,45.546200,11.543500,Q2019284,https://fr.wikipedia.org/wiki/Cath%C3%A9drale_de_Vicence,http://commons.wikimedia.org/wiki/Special:FilePath/Cathedral%20%28Vicenza%29%20-%20Sud%20esposizione.jpg
,,Dôme de Pordenone,cathedrales,wikidata,Pordenone,3,,70.7,28.7,0.0,28.7,8.0,5.0,0.0,0.0,5,,2,,inconnu,oui,,45.954330,12.660830,Q3045561,https://fr.wikipedia.org/wiki/Cath%C3%A9drale_de_Pordenone,http://commons.wikimedia.org/wiki/Special:FilePath/Duomo%20di%20San%20Marco%20a%20Pordenone%20-%20Facciata%20e%20piazzetta%20%282018%29.jpg
,,Abbaye de Santa Maria del Monte,cathedrales,wikidata,Forlì-Cesena,3,,70.6,36.8,0.0,20.3,8.0,5.0,0.0,0.0,9,,1,,inconnu,oui,,44.131691,12.254890,Q2820721,https://fr.wikipedia.org/wiki/Abbaye_de_Santa_Maria_del_Monte,http://commons.wikimedia.org/wiki/Special:FilePath/Cesena%20-%20Abbazia%20di%20Santa%20Maria%20del%20Monte%20-%20Interno%20-%20Cupola%20ottagonale%20-%202025-09-29%2019-58-00%20001.jpg
,,Dôme de Pienza,cathedrales,wikidata,Sienne,3,,70.6,45.3,0.0,11.4,8.0,5.0,0.0,0.0,16,,2,,inconnu,,,43.076333,11.679139,Q620729,https://fr.wikipedia.org/wiki/D%C3%B4me_de_Pienza,http://commons.wikimedia.org/wiki/Special:FilePath/Dom%20Fassade3-%20s.jpg
,,Église Notre-Dame de Mesumundu,cathedrales,wikidata,Sassari,3,,70.6,43.3,0.0,14.2,8.0,5.0,0.0,0.0,14,,2,,inconnu,,,40.586114,8.746389,Q1189476,https://fr.wikipedia.org/wiki/%C3%89glise_Notre-Dame_de_Mesumundu,http://commons.wikimedia.org/wiki/Special:FilePath/Siligo%20-%20Chiesa%20di%20Santa%20Maria%20di%20Mesumundu%20%2801%29.JPG
,,Basilique de la Sainte-Trinité de Saccargia,cathedrales,wikidata,Sassari,3,,70.5,38.4,0.0,10.0,8.0,5.0,0.0,7.9,10,,2,,inconnu,,,40.671250,8.689111,Q1543539,https://fr.wikipedia.org/wiki/Basilique_de_la_Sainte-Trinit%C3%A9_de_Saccargia,http://commons.wikimedia.org/wiki/Special:FilePath/Codrongianos%20-%20Basilica%20di%20Saccargia%20-%202023-09-19%2014-03-44%20001.JPG
,,Cathédrale Notre-Dame-de-l'Assomption de Novare,cathedrales,wikidata,Novara,3,,70.5,41.0,0.0,16.4,8.0,5.0,0.0,0.0,12,,2,,inconnu,,,45.445680,8.619410,Q1118135,https://fr.wikipedia.org/wiki/Cath%C3%A9drale_Notre-Dame-de-l%27Assomption_de_Novare,http://commons.wikimedia.org/wiki/Special:FilePath/Novara%20Duomo2.jpg
,,Santa Maria Maggiore,cathedrales,wikidata,Pérouse,3,,70.5,39.8,0.0,12.8,8.0,5.0,0.0,0.0,11,,2,,inconnu,,,43.069660,12.614470,Q1304828,https://fr.wikipedia.org/wiki/%C3%89glise_Santa_Maria_Maggiore_(Assise),http://commons.wikimedia.org/wiki/Special:FilePath/316AssisiSMariaMaggiore.jpg
,,Église San Giacomo Maggiore,cathedrales,wikidata,Bologne,3,,70.3,41.0,0.0,15.7,8.0,5.0,0.0,0.0,12,,1,,inconnu,,,44.495450,11.348954,Q2446870,https://fr.wikipedia.org/wiki/%C3%89glise_San_Giacomo_Maggiore_de_Bologne,http://commons.wikimedia.org/wiki/Special:FilePath/Bologna%20San%20Giacomo%20Maggiore%2025-04-2012%2013-55-38.JPG
,,Basilique Saint-François,cathedrales,wikidata,Sienne,3,,70.1,38.4,0.0,17.7,8.0,5.0,0.0,0.0,10,,2,,inconnu,,,43.322321,11.334586,Q810074,https://fr.wikipedia.org/wiki/Basilique_Saint-Fran%C3%A7ois_de_Sienne,http://commons.wikimedia.org/wiki/Special:FilePath/SienaSanFrancesco.JPG
,,Cathédrale Saint Jean-Baptiste,cathedrales,wikidata,Ragusa,3,,70.0,41.0,0.0,15.5,8.0,5.0,0.0,0.0,12,,1,,inconnu,,,36.925667,14.728333,Q251201,https://fr.wikipedia.org/wiki/Cath%C3%A9drale_Saint-Jean-Baptiste_de_Raguse,http://commons.wikimedia.org/wiki/Special:FilePath/Ragusa%20StJohnBaptistChurch%200109.jpg
,,Cathédrale de Bitonto,cathedrales,wikidata,Bari,3,,70.0,38.4,0.0,17.6,8.0,5.0,0.0,0.0,10,,3,,inconnu,,,41.106389,16.690000,Q753363,https://fr.wikipedia.org/wiki/Cath%C3%A9drale_de_Bitonto,http://commons.wikimedia.org/wiki/Special:FilePath/Cattedralebitonto.JPG
,,Cathédrale de Spolète,cathedrales,wikidata,Pérouse,3,,69.9,39.8,0.0,14.7,8.0,5.0,0.0,0.0,11,,2,,inconnu,,,42.735278,12.740556,Q2942818,https://fr.wikipedia.org/wiki/Cath%C3%A9drale_de_Spol%C3%A8te,http://commons.wikimedia.org/wiki/Special:FilePath/Duomo%20%28Spoleto%29%20-%20Facade.jpg
,,Cathédrale de Fabriano,cathedrales,wikidata,Ancône,3,,69.7,39.8,0.0,16.8,8.0,5.0,0.0,0.0,11,,2,,inconnu,,,43.335400,12.904000,Q2942656,https://fr.wikipedia.org/wiki/Cath%C3%A9drale_de_Fabriano,http://commons.wikimedia.org/wiki/Special:FilePath/Cattedrale%20di%20San%20Venanzio%20%28Fabriano%29%2C%2001.jpg
,,Fresques de la chapelle Ovetari,cathedrales,wikidata,Padoue,3,,69.7,38.4,0.0,16.7,8.0,5.0,0.0,0.0,10,,1,,inconnu,,,45.410278,11.880000,Q3087562,https://fr.wikipedia.org/wiki/Fresques_de_la_chapelle_Ovetari,http://commons.wikimedia.org/wiki/Special:FilePath/Church%20of%20the%20Eremitani%20%28Padua%29%20-%20Interior%20-%20cappella%20Ovetari.jpg
,,Dôme de Teramo,cathedrales,wikidata,Teramo,3,,69.6,39.8,0.0,16.5,8.0,5.0,0.0,0.0,11,,2,,inconnu,,,42.658584,13.703724,Q2278808,https://fr.wikipedia.org/wiki/D%C3%B4me_de_Teramo,http://commons.wikimedia.org/wiki/Special:FilePath/Duomo%20di%20Teramo%20-%20facciata%20principale.jpg
,,Cathédrale Notre-Dame-de-l'Annonciation d'Acireale,cathedrales,wikidata,Catane,3,,69.4,43.3,0.0,12.8,8.0,5.0,0.0,0.0,14,,1,,inconnu,,,37.613054,15.166090,Q1736162,https://fr.wikipedia.org/wiki/Cath%C3%A9drale_Notre-Dame-de-l%27Annonciation_d%27Acireale,http://commons.wikimedia.org/wiki/Special:FilePath/Acirealeren%20eliza%201.JPG
,,Église Santo Stefano dei Cavalieri,cathedrales,wikidata,Pise,3,,69.4,39.8,0.0,16.3,8.0,5.0,0.0,0.0,11,,1,,inconnu,,,43.719325,10.400953,Q3674338,https://fr.wikipedia.org/wiki/%C3%89glise_Santo_Stefano_dei_Cavalieri,http://commons.wikimedia.org/wiki/Special:FilePath/Church%20of%20Santo%20Stefano%20dei%20Cavalieri%2C%20Pisa%20%2853110828760%29.jpg
,,Cathédrale d'Oria,cathedrales,wikidata,Brindisi,3,,69.3,39.8,0.0,16.2,8.0,5.0,0.0,0.0,11,,3,,inconnu,,,40.497670,17.642530,Q2942562,https://fr.wikipedia.org/wiki/Cath%C3%A9drale_d%27Oria,http://commons.wikimedia.org/wiki/Special:FilePath/Cattedrale%20di%20Oria%2C%20Puglia.jpg
,,Basilique San Domenico,cathedrales,wikidata,Pérouse,3,,69.2,39.8,0.0,15.9,8.0,5.0,0.0,0.0,11,,2,,inconnu,,,43.106590,12.391760,Q644828,https://fr.wikipedia.org/wiki/Basilique_San_Domenico_de_P%C3%A9rouse,http://commons.wikimedia.org/wiki/Special:FilePath/Chiesa%20di%20San%20Domenico%20-%20Perugia.jpg
,,Cathédrale d'Acerenza,cathedrales,wikidata,Potenza,3,,69.1,39.8,0.0,16.1,8.0,5.0,0.0,0.0,11,,2,,inconnu,,,40.797160,15.941840,Q2942536,https://fr.wikipedia.org/wiki/Cath%C3%A9drale_d%27Acerenza,http://commons.wikimedia.org/wiki/Special:FilePath/Cattedrale%20Santa%20Maria%20Assunta%20e%20San%20Canio.jpg
,,Cathédrale Santa Maria Assunta de Volterra,cathedrales,wikidata,Pise,3,,68.9,43.3,0.0,12.1,8.0,5.0,0.0,0.0,14,,1,,inconnu,,,43.401760,10.858920,Q2942519,https://fr.wikipedia.org/wiki/Cath%C3%A9drale_Santa_Maria_Assunta_de_Volterra,http://commons.wikimedia.org/wiki/Special:FilePath/Duomo%20di%20Volterra.JPG
,,Cathédrale de Chieti,cathedrales,wikidata,Chieti,3,,68.9,38.4,0.0,17.2,8.0,5.0,0.0,0.0,10,,2,,inconnu,,,42.351400,14.166500,Q2942636,https://fr.wikipedia.org/wiki/Cath%C3%A9drale_de_Chieti,http://commons.wikimedia.org/wiki/Special:FilePath/Chieti%202011%20-Cattedrale%20di%20San%20Giustino-%20by%20RaBoe%20002.jpg
,,Cathédrale de Palmi,cathedrales,wikidata,Reggio de Calabre,3,,68.9,39.8,0.0,16.0,8.0,5.0,0.0,0.0,11,,2,,inconnu,,,38.359592,15.848792,Q2942743,https://fr.wikipedia.org/wiki/Cath%C3%A9drale_de_Palmi,http://commons.wikimedia.org/wiki/Special:FilePath/Duomo%20di%20San%20Nicola%20Palmi.jpg
,,Dôme de Pescia,cathedrales,wikidata,Pistoia,3,,68.8,36.8,0.0,18.8,8.0,5.0,0.0,0.0,9,,1,,inconnu,oui,,43.901056,10.692028,Q3045559,https://fr.wikipedia.org/wiki/D%C3%B4me_de_Pescia,http://commons.wikimedia.org/wiki/Special:FilePath/Catedrale-pescia-facciata.jpg
,,Cathédrale d'Andria,cathedrales,wikidata,Barletta-Andria-Trani,3,,68.7,36.8,0.0,18.6,8.0,5.0,0.0,0.0,9,,3,,inconnu,oui,,41.225833,16.295556,Q2942544,https://fr.wikipedia.org/wiki/Cath%C3%A9drale_d%27Andria,http://commons.wikimedia.org/wiki/Special:FilePath/Cattedrale0558%201%20copia.jpg
,,Cathédrale de Massa Marittima,cathedrales,wikidata,Grosseto,3,,68.5,39.8,0.0,15.2,8.0,5.0,0.0,0.0,11,,1,,inconnu,,,43.049694,10.887944,Q992867,https://fr.wikipedia.org/wiki/Cath%C3%A9drale_de_Massa_Marittima,http://commons.wikimedia.org/wiki/Special:FilePath/Massa%20Marittima%20-%20Cattedrale%20di%20San%20Cerbone%20-%202025-09-06%2021-10-08%20001-556.jpg
,,Cathédrale de Reggio d'Émilie,cathedrales,wikidata,Reggio d'Émilie,3,,68.5,39.8,0.0,15.3,8.0,5.0,0.0,0.0,11,,1,,inconnu,,,44.697630,10.631030,Q2085527,https://fr.wikipedia.org/wiki/Cath%C3%A9drale_de_Reggio_d%27%C3%89milie,http://commons.wikimedia.org/wiki/Special:FilePath/Duomo%20Di%20Reggio%20Emilia%2C%20Facciata.jpg
,,Sanctuaire Marie-Auxiliatrice,cathedrales,wikidata,Turin,3,,68.3,43.3,0.0,10.5,8.0,5.0,0.0,0.0,14,,2,,inconnu,,,45.080900,7.675900,Q1895577,https://fr.wikipedia.org/wiki/Sanctuaire_Marie-Auxiliatrice_de_Turin,http://commons.wikimedia.org/wiki/Special:FilePath/Facciata%20delle%20chiesa%20di%20Santa%20Maria%20Ausiliatrice%20-%20Torino.jpg
,,Cathédrale de Brescia,cathedrales,wikidata,Brescia,3,,68.2,45.3,0.0,9.4,8.0,5.0,0.0,0.0,16,,1,,inconnu,,,45.538628,10.221909,Q2942599,https://fr.wikipedia.org/wiki/Cath%C3%A9drale_Notre-Dame-de-l%E2%80%99Assomption_de_Brescia,http://commons.wikimedia.org/wiki/Special:FilePath/Cattedrale%20di%20Santa%20Maria%20Assunta%20Duomo%20nuovo%20facciata%20Brescia.jpg
,,Cathédrale de Nola,cathedrales,wikidata,Naples,3,,68.2,38.4,0.0,16.5,8.0,5.0,0.0,0.0,10,,1,,inconnu,,,40.925830,14.528160,Q2942741,https://fr.wikipedia.org/wiki/Cath%C3%A9drale_de_Nole,http://commons.wikimedia.org/wiki/Special:FilePath/Nola%20Duomo%20Church.jpg
,,Basilique Saint-Saturnin de Cagliari,cathedrales,wikidata,Cagliari,3,,68.0,38.4,0.0,12.7,8.0,5.0,0.0,3.6,10,,2,,inconnu,,,39.213932,9.123279,Q747586,https://fr.wikipedia.org/wiki/Basilique_Saint-Saturnin_de_Cagliari,http://commons.wikimedia.org/wiki/Special:FilePath/Basilica%20di%20S.Saturnino.jpg
,,Cathédrale de Carpi,cathedrales,wikidata,Modène,3,,67.7,41.0,0.0,13.4,8.0,5.0,0.0,0.0,12,,1,,inconnu,,,44.784701,10.886118,Q2942618,https://fr.wikipedia.org/wiki/Cath%C3%A9drale_de_Carpi,http://commons.wikimedia.org/wiki/Special:FilePath/CarpiBasilicaCattedraleSantaMariaAssunta2.jpg
,,Dôme d'Alexandrie,cathedrales,wikidata,Alessandria,3,,67.7,41.0,0.0,13.6,8.0,5.0,0.0,0.0,12,,2,,inconnu,,,44.912100,8.618400,Q733472,https://fr.wikipedia.org/wiki/Cath%C3%A9drale_des_Saints-Pierre-et-Marc_d%27Alexandrie,http://commons.wikimedia.org/wiki/Special:FilePath/Alessandria%20piazzaduomo.jpg
,,Cathédrale d'Atri,cathedrales,wikidata,Teramo,3,,67.5,41.0,0.0,13.3,8.0,5.0,0.0,0.0,12,,2,,inconnu,,,42.580400,13.978900,Q2942549,https://fr.wikipedia.org/wiki/Cath%C3%A9drale_d%27Atri,http://commons.wikimedia.org/wiki/Special:FilePath/Cattedrale.atri.JPG
,,Cathédrale de Brindisi,cathedrales,wikidata,Brindisi,3,,67.5,38.4,0.0,15.3,8.0,5.0,0.0,0.0,10,,3,,inconnu,,,40.640442,17.945716,Q749536,https://fr.wikipedia.org/wiki/Cath%C3%A9drale_de_Brindisi,http://commons.wikimedia.org/wiki/Special:FilePath/Cath%C3%A9drale%20de%20Brindisi.JPG
,,Duomo vecchio,cathedrales,wikidata,Brescia,3,,67.5,39.8,0.0,13.6,8.0,5.0,0.0,0.0,11,,1,,inconnu,,,45.538210,10.221675,Q3041408,https://fr.wikipedia.org/wiki/Duomo_Vecchio_de_Brescia,http://commons.wikimedia.org/wiki/Special:FilePath/Duomo%20vecchio%20facciata%20Brescia.jpg
,,Cathédrale d'Isernia,cathedrales,wikidata,Isernia,3,,67.2,35.2,0.0,18.9,8.0,5.0,0.0,0.0,8,,1,,inconnu,oui,,41.589917,14.226694,Q2942559,https://fr.wikipedia.org/wiki/Cath%C3%A9drale_d%27Isernia,http://commons.wikimedia.org/wiki/Special:FilePath/Cattedrale%20e%20Torre%20Civica%20%281925%29%20%28Isernia%29.jpg
,,Cathédrale de Crema,cathedrales,wikidata,Crémone,3,,67.1,39.8,0.0,14.2,8.0,5.0,0.0,0.0,11,,1,,inconnu,,,45.363140,9.687180,Q1131884,https://fr.wikipedia.org/wiki/Cath%C3%A9drale_Notre-Dame-de-l%27Assomption_de_Crema,http://commons.wikimedia.org/wiki/Special:FilePath/Duomo%20di%20Crema%2C%20Facciata.jpg
,,Cathédrale de Suse,cathedrales,wikidata,Turin,3,,67.1,38.4,0.0,15.0,8.0,5.0,0.0,0.0,10,,1,,inconnu,,,45.137100,7.045040,Q947696,https://fr.wikipedia.org/wiki/Cath%C3%A9drale_de_Suse,http://commons.wikimedia.org/wiki/Special:FilePath/Susa%20TO%20Cattedrale%20San%20Giusto%20e%20Porta%20Savoia.JPG
,,Basilique Santa Maria Assunta,cathedrales,wikidata,Gênes,3,,66.9,42.2,0.0,11.1,8.0,5.0,0.0,0.0,13,,2,,inconnu,,,44.402222,8.935111,Q810076,https://fr.wikipedia.org/wiki/Basilique_Santa_Maria_Assunta_de_G%C3%AAnes,http://commons.wikimedia.org/wiki/Special:FilePath/Genova%2C%20Basilica%20di%20Santa%20Maria%20Assunta%20di%20Carignano%2C%202020%2C%20by%20Luca%20Dea%2C%20crop.jpg
,,Basilique Sant'Eufemia de Grado,cathedrales,wikidata,Gorizia,3,,66.4,33.3,0.0,19.6,8.0,5.0,0.0,0.0,7,,2,,inconnu,oui,,45.676497,13.385229,Q1333235,https://fr.wikipedia.org/wiki/Basilique_Sant%27Eufemia_(Grado),http://commons.wikimedia.org/wiki/Special:FilePath/Grado%20basilique%20st%20eufemia.jpg
,,Cathédrale d'Alghero,cathedrales,wikidata,Sassari,3,,66.4,43.3,0.0,9.5,8.0,5.0,0.0,0.0,14,,2,,inconnu,,,40.559200,8.312781,Q2273465,https://fr.wikipedia.org/wiki/Cath%C3%A9drale_d%27Alghero,http://commons.wikimedia.org/wiki/Special:FilePath/Alghero%20Cathedral%20Catalan%20Gothic.jpg
,,Basilique Saint-Syr de Gênes,cathedrales,wikidata,Gênes,3,,66.1,38.4,0.0,14.0,8.0,5.0,0.0,0.0,10,,2,,inconnu,,,44.411556,8.930361,Q1667579,https://fr.wikipedia.org/wiki/Basilique_Saint-Syr_de_G%C3%AAnes,http://commons.wikimedia.org/wiki/Special:FilePath/San%20Siro%20%28Genoa%29%2005.jpg
,,Cathédrale d'Ascoli Piceno,cathedrales,wikidata,Ascoli Piceno,3,,66.1,41.0,0.0,11.7,8.0,5.0,0.0,0.0,12,,2,,inconnu,,,42.853500,13.578300,Q2942547,https://fr.wikipedia.org/wiki/Cath%C3%A9drale_d%27Ascoli_Piceno,http://commons.wikimedia.org/wiki/Special:FilePath/La%20Cattedrale%20di%20San%20Emidio%20in%20Ascoli%20Piceno%20Italy.jpg
,,Sanctuaire Notre-Dame-de-la-Splendeur,cathedrales,wikidata,Teramo,3,,66.0,36.8,0.0,16.1,8.0,5.0,0.0,0.0,9,,2,,inconnu,oui,,42.757475,13.952897,Q21552379,https://fr.wikipedia.org/wiki/Sanctuaire_Notre-Dame-de-la-Splendeur_de_Giulianova,http://commons.wikimedia.org/wiki/Special:FilePath/Giulianova%2C%20santuario%20della%20Madonna%20dello%20Splendore%2002.jpg
,,Cathédrale de Biella,cathedrales,wikidata,Biella,3,,65.9,39.8,0.0,12.9,8.0,5.0,0.0,0.0,11,,1,,inconnu,,,45.566090,8.053750,Q2942589,https://fr.wikipedia.org/wiki/Cath%C3%A9drale_de_Bielle,http://commons.wikimedia.org/wiki/Special:FilePath/BiellaCattedraleSantoStefano.JPG
,,Cathédrale de Sassari,cathedrales,wikidata,Sassari,3,,65.9,42.2,0.0,10.2,8.0,5.0,0.0,0.0,13,,1,,inconnu,,,40.726700,8.558100,Q728211,https://fr.wikipedia.org/wiki/Cath%C3%A9drale_de_Sassari,http://commons.wikimedia.org/wiki/Special:FilePath/Sardinia%2C%20Sassari%2C%20Cattedrale%20di%20San%20Nicola%20%28front%20view%29.jpg
,,Basilique Saint-Gabin-Saint-Prote-et-Saint-Janvier de Porto Torres,cathedrales,wikidata,Sassari,3,,65.7,38.4,0.0,13.8,8.0,5.0,0.0,0.0,10,,1,,inconnu,,,40.832090,8.400711,Q473277,https://fr.wikipedia.org/wiki/Basilique_Saint-Gabin-Saint-Prote-et-Saint-Janvier_de_Porto_Torres,http://commons.wikimedia.org/wiki/Special:FilePath/San%20Gavino%20Aussenansicht.JPG
,,Cathédrale de Faenza,cathedrales,wikidata,Ravenne,3,,65.5,39.8,0.0,12.4,8.0,5.0,0.0,0.0,11,,1,,inconnu,,,44.285984,11.884132,Q1439876,https://fr.wikipedia.org/wiki/Cath%C3%A9drale_de_Faenza,http://commons.wikimedia.org/wiki/Special:FilePath/Faenza-brick-church.jpg
,,Pieve Sant'Andrea,cathedrales,wikidata,Pistoia,3,,65.5,41.0,0.0,11.2,8.0,5.0,0.0,0.0,12,,1,,inconnu,,,43.935528,10.914278,Q1148335,https://fr.wikipedia.org/wiki/Pieve_Sant%27Andrea_de_Pistoia,http://commons.wikimedia.org/wiki/Special:FilePath/Pistoia%2C%20sant%27andrea%2C%20esterno%2C%20facciata%2002.jpg
,,Église de la Sainte-Trinité-et-Saint-Spiridion de Trieste,cathedrales,wikidata,Trieste,3,,64.9,41.0,0.0,10.2,8.0,5.0,0.0,0.0,12,,2,,inconnu,,,45.651500,13.773400,Q1273657,https://fr.wikipedia.org/wiki/%C3%89glise_de_la_Sainte-Trinit%C3%A9-et-Saint-Spiridion_de_Trieste,http://commons.wikimedia.org/wiki/Special:FilePath/Trieste%20Serb-orthodox%20church%20of%20San-Spiridione3.jpg
,,Basilique Notre-Dame-des-Sept-Douleurs,cathedrales,wikidata,Pescara,3,,64.8,31.1,0.0,20.5,8.0,5.0,0.0,0.0,6,,2,,inconnu,oui,,42.468037,14.182118,Q3635671,https://fr.wikipedia.org/wiki/Basilique_Notre-Dame-des-Sept-Douleurs_de_Pescara,http://commons.wikimedia.org/wiki/Special:FilePath/Scorcio%20Basilica%20dei%20sette%20dolori%20pescara.jpg
,,Cathédrale de Grosseto,cathedrales,wikidata,Grosseto,3,,64.8,39.8,0.0,11.7,8.0,5.0,0.0,0.0,11,,1,,inconnu,,,42.760000,11.113700,Q2942679,https://fr.wikipedia.org/wiki/Cath%C3%A9drale_de_Grosseto,http://commons.wikimedia.org/wiki/Special:FilePath/Duomo%20di%20grosseto%2C%20esterno%2001.JPG
,,Sanctuaire de Gibilmanna,cathedrales,wikidata,Palerme,3,,64.8,38.4,0.0,13.1,8.0,5.0,0.0,0.0,10,,1,,inconnu,,,37.987072,14.018597,Q744135,https://fr.wikipedia.org/wiki/Sanctuaire_de_Gibilmanna,http://commons.wikimedia.org/wiki/Special:FilePath/Sanctuary%20of%20Gibilmanna%2002.jpg
,,Cathédrale de Forlì,cathedrales,wikidata,Forlì-Cesena,3,,64.7,33.3,0.0,18.1,8.0,5.0,0.0,0.0,7,,1,,inconnu,oui,,44.223959,12.037911,Q2942665,https://fr.wikipedia.org/wiki/Cath%C3%A9drale_de_Forl%C3%AC,http://commons.wikimedia.org/wiki/Special:FilePath/Forl%C3%AC%2C%20duomo%2C%20esterno%2001.jpg
,,Dôme de Carrare,cathedrales,wikidata,Massa-Carrara,3,,64.6,38.4,0.0,12.7,8.0,5.0,0.0,0.0,10,,1,,inconnu,,,44.080000,10.099400,Q3716338,https://fr.wikipedia.org/wiki/D%C3%B4me_de_Carrare,http://commons.wikimedia.org/wiki/Special:FilePath/Carrara%2C%20duomo%2C%20esterno%2002.jpg
,,Cathédrale Santa Maria Maggiore de Barletta,cathedrales,wikidata,Barletta-Andria-Trani,3,,64.5,39.8,0.0,11.2,8.0,5.0,0.0,0.0,11,,3,,inconnu,,,41.320556,16.286111,Q2942520,https://fr.wikipedia.org/wiki/Cath%C3%A9drale_Santa_Maria_Maggiore_de_Barletta,http://commons.wikimedia.org/wiki/Special:FilePath/Cath%C3%A9drale%20Santa%20Maria%20Maggiore%20de%20Barletta.JPG
,,Cathédrale de Reggio de Calabre,cathedrales,wikidata,Reggio de Calabre,3,,64.4,39.8,0.0,11.0,8.0,5.0,0.0,0.0,11,,2,,inconnu,,,38.105564,15.641798,Q1736209,https://fr.wikipedia.org/wiki/Cath%C3%A9drale_de_Reggio_de_Calabre,http://commons.wikimedia.org/wiki/Special:FilePath/Reggio%20Calabria%20cartolina%20Duomo%20900.jpg
,,Basilique San Clemente in Santa Maria dei Servi,cathedrales,wikidata,Sienne,3,,64.3,38.4,0.0,12.5,8.0,5.0,0.0,0.0,10,,2,,inconnu,,,43.315167,11.338256,Q810072,https://fr.wikipedia.org/wiki/Basilique_San_Clemente_in_Santa_Maria_dei_Servi,http://commons.wikimedia.org/wiki/Special:FilePath/2009%20Sienne%20San%20Clemente%20in%20Santa%20Maria%20dei%20Servi.jpg
,,Cathédrale d'Alba,cathedrales,wikidata,Cuneo,3,,64.1,39.8,0.0,10.6,8.0,5.0,0.0,0.0,11,,1,,inconnu,,,44.700750,8.036520,Q2266071,https://fr.wikipedia.org/wiki/Cath%C3%A9drale_d%27Alba,http://commons.wikimedia.org/wiki/Special:FilePath/Duomo%20di%20San%20Lorenzo%20ad%20Alba.JPG
,,Chapelle della Sacra Sindone,cathedrales,wikidata,Turin,3,,63.6,38.4,0.0,8.9,8.0,5.0,0.0,0.0,10,,1,,inconnu,,,45.073200,7.685882,Q3657503,https://fr.wikipedia.org/wiki/Chapelle_du_Saint-Suaire,http://commons.wikimedia.org/wiki/Special:FilePath/Duomo%20%28Turin%29%20-%20Dome.jpg
,,Cathédrale de Lanciano,cathedrales,wikidata,Chieti,3,,63.5,39.8,0.0,10.5,8.0,5.0,0.0,0.0,11,,2,,inconnu,,,42.230713,14.391013,Q2942697,https://fr.wikipedia.org/wiki/Cath%C3%A9drale_de_Lanciano,http://commons.wikimedia.org/wiki/Special:FilePath/Madonna%20del%20Ponte%2C%20lanciano%204.JPG
,,Église Saint-Donat de Gênes,cathedrales,wikidata,Gênes,3,,63.1,38.4,0.0,11.4,8.0,5.0,0.0,0.0,10,,2,,inconnu,,,44.405720,8.931570,Q3585330,https://fr.wikipedia.org/wiki/%C3%89glise_Saint-Donat_de_G%C3%AAnes,http://commons.wikimedia.org/wiki/Special:FilePath/Genova-IMG%202276.JPG
,,Cathédrale de Castellaneta,cathedrales,wikidata,Tarente,3,,62.9,36.8,0.0,13.0,8.0,5.0,0.0,0.0,9,,3,,inconnu,oui,,40.629300,16.940900,Q2942623,https://fr.wikipedia.org/wiki/Cath%C3%A9drale_de_Castellaneta,http://commons.wikimedia.org/wiki/Special:FilePath/Cattedrale%20di%20Castellaneta%20%28TA%29.jpg
,,Cathédrale de Piazza Armerina,cathedrales,wikidata,Enna,3,,62.9,39.8,0.0,9.6,8.0,5.0,0.0,0.0,11,,1,,inconnu,,,37.384895,14.364149,Q750495,https://fr.wikipedia.org/wiki/Cath%C3%A9drale_de_Piazza_Armerina,http://commons.wikimedia.org/wiki/Special:FilePath/Piazza%20Armerina%2C%20La%20Cattedrale%20-%20panoramio.jpg
,,Basilique du Saint-Sépulcre,cathedrales,wikidata,Barletta-Andria-Trani,3,,62.6,33.3,0.0,15.9,8.0,5.0,0.0,0.0,7,,3,,inconnu,oui,,41.319080,16.281470,Q2887169,https://fr.wikipedia.org/wiki/Basilique_du_Saint-S%C3%A9pulcre_de_Barletta,http://commons.wikimedia.org/wiki/Special:FilePath/Barletta%20Basilica%20del%20Santo%20Sepolcro%20Prospetto%20Nord.jpeg
,,Dôme Saint-Georges,cathedrales,wikidata,Ragusa,3,,62.5,36.8,0.0,11.8,8.0,5.0,0.0,0.0,9,,1,,inconnu,oui,,36.926700,14.741900,Q752501,https://fr.wikipedia.org/wiki/Cath%C3%A9drale_Saint-Georges_(Raguse),http://commons.wikimedia.org/wiki/Special:FilePath/Ragusa%20SanGiorgioCathedral%200169.jpg
,,Église San Frediano,cathedrales,wikidata,Pise,3,,62.5,38.4,0.0,10.9,8.0,5.0,0.0,0.0,10,,1,,inconnu,,,43.717964,10.399372,Q3504760,https://fr.wikipedia.org/wiki/%C3%89glise_San_Frediano_(Pise),http://commons.wikimedia.org/wiki/Special:FilePath/San%20Frediano%2C%20Pisa%2C%20May%202013%20%2801%29.JPG
,,Église du Saint-Sépulcre de Pise,cathedrales,wikidata,Pise,3,,62.5,38.4,0.0,10.9,8.0,5.0,0.0,0.0,10,,1,,inconnu,,,43.714460,10.403490,Q428178,https://fr.wikipedia.org/wiki/%C3%89glise_du_Saint-S%C3%A9pulcre_de_Pise,http://commons.wikimedia.org/wiki/Special:FilePath/Pisa%20-%20Chiesa%20del%20Santo%20Sepolcro%2C%2001-edit.jpg
,,Basilique de l'Observance,cathedrales,wikidata,Sienne,3,,62.4,38.4,0.0,10.9,8.0,5.0,0.0,0.0,10,,2,,inconnu,,,43.333310,11.339550,Q810070,https://fr.wikipedia.org/wiki/Basilique_de_l%27Observance,http://commons.wikimedia.org/wiki/Special:FilePath/BasilicaDellOsservanzaSiena2.jpg
,,Cathédrale d'Oristano,cathedrales,wikidata,Oristano,3,,62.4,38.4,0.0,10.5,8.0,5.0,0.0,0.0,10,,1,,inconnu,,,39.902650,8.590360,Q2942569,https://fr.wikipedia.org/wiki/Cath%C3%A9drale_d%27Oristano,http://commons.wikimedia.org/wiki/Special:FilePath/Duomo%20di%20oristano%2C%20esterno%2001.jpg
,,Basilique Santa Maria delle Vigne,cathedrales,wikidata,Gênes,3,,62.3,39.8,0.0,9.0,8.0,5.0,0.0,0.0,11,,2,,inconnu,,,44.409550,8.931500,Q1091910,https://fr.wikipedia.org/wiki/Basilique_Santa_Maria_delle_Vigne,http://commons.wikimedia.org/wiki/Special:FilePath/Basilica%20di%20Santa%20Maria%20delle%20Vigne%2001.jpg
,,Cathédrale Saint-Jean-Baptiste de Cesena,cathedrales,wikidata,Forlì-Cesena,3,,62.2,38.4,0.0,10.7,8.0,5.0,0.0,0.0,10,,1,,inconnu,,,44.137464,12.245303,Q1619759,https://fr.wikipedia.org/wiki/Cath%C3%A9drale_de_Cesena,http://commons.wikimedia.org/wiki/Special:FilePath/Facciata%20del%20Duomo%20di%20San%20Giovanni%20Battista.jpg
,,Église Saint-Benoît,cathedrales,wikidata,Catane,3,,62.2,38.4,0.0,10.5,8.0,5.0,0.0,0.0,10,,1,,inconnu,,,37.503694,15.084472,Q1516573,https://fr.wikipedia.org/wiki/%C3%89glise_Saint-Beno%C3%AEt_de_Catane,http://commons.wikimedia.org/wiki/Special:FilePath/Chiesa%20di%20San%20Benedetto%20CT%202015.jpg
,,Cathédrale de Pescara,cathedrales,wikidata,Pescara,3,,61.9,38.4,0.0,10.3,8.0,5.0,0.0,0.0,10,,2,,inconnu,,,42.460220,14.212550,Q1643492,https://fr.wikipedia.org/wiki/Cath%C3%A9drale_de_Pescara,http://commons.wikimedia.org/wiki/Special:FilePath/Pescara%20-Cattedrale%20di%20San%20Cetteo-%202008%20by-RaBoe%20001.jpg
,,Cathédrale de Tricarico,cathedrales,wikidata,Matera,3,,61.7,33.3,0.0,15.3,8.0,5.0,0.0,0.0,7,,2,,inconnu,oui,,40.623738,16.141515,Q2407717,https://fr.wikipedia.org/wiki/Cath%C3%A9drale_de_Tricarico,http://commons.wikimedia.org/wiki/Special:FilePath/Cattedrale%20di%20Santa%20Maria%20Assunta.jpg
,,Cathédrale de Massa,cathedrales,wikidata,Massa-Carrara,3,,61.6,41.0,0.0,7.5,8.0,5.0,0.0,0.0,12,,1,,inconnu,,,44.038000,10.144200,Q379422,https://fr.wikipedia.org/wiki/Cath%C3%A9drale_de_Massa,http://commons.wikimedia.org/wiki/Special:FilePath/Massa%2C%20cattedrale%2C%20facciata%2C%2001.jpg
,,Basilique San Martino,cathedrales,wikidata,Tarente,3,,61.5,33.3,0.0,13.8,8.0,5.0,0.0,0.0,7,,3,,inconnu,oui,,40.705600,17.336900,Q2887105,https://fr.wikipedia.org/wiki/Basilique_San_Martino_(Martina_Franca),http://commons.wikimedia.org/wiki/Special:FilePath/Basilique%20San%20Martino%20de%20Martina%20Franca.JPG
,,Cathédrale de Fiesole,cathedrales,wikidata,Florence,3,,61.5,39.8,0.0,8.2,8.0,5.0,0.0,0.0,11,,1,,inconnu,,,43.807222,11.292500,Q965018,https://fr.wikipedia.org/wiki/Cath%C3%A9drale_de_Fiesole,http://commons.wikimedia.org/wiki/Special:FilePath/FiesoleDec092023%2006.jpg
,,Concattedrale di Santa Maria Assunta,cathedrales,wikidata,Bari,3,,61.5,38.4,0.0,9.7,8.0,5.0,0.0,0.0,10,,3,,inconnu,,,40.817440,16.413640,Q3686013,https://fr.wikipedia.org/wiki/Cath%C3%A9drale_de_Gravina_in_Puglia,http://commons.wikimedia.org/wiki/Special:FilePath/Gravina%20in%20Puglia%20-%20Cattedrale.JPG
,,Cathédrale d'Ariano Irpino,cathedrales,wikidata,Avellino,3,,61.0,39.8,0.0,8.1,8.0,5.0,0.0,0.0,11,,1,,inconnu,,,41.152500,15.087500,Q2942545,https://fr.wikipedia.org/wiki/Cath%C3%A9drale_d%27Ariano_Irpino,http://commons.wikimedia.org/wiki/Special:FilePath/Ariano%20Irpino%20cattedrale.jpeg
,,Église paroissiale de Montepulciano,cathedrales,wikidata,Sienne,3,,60.9,39.8,0.0,7.6,8.0,5.0,0.0,0.0,11,,2,,inconnu,,,43.092360,11.780840,Q2942726,https://fr.wikipedia.org/wiki/Cath%C3%A9drale_de_Montepulciano,http://commons.wikimedia.org/wiki/Special:FilePath/Duomo%20di%20montepulciano%2C%20esterno%2001.jpg
,,Cathédrale de Cortone,cathedrales,wikidata,Arezzo,3,,60.8,39.8,0.0,7.8,8.0,5.0,0.0,0.0,11,,1,,inconnu,,,43.276389,11.984167,Q1097702,https://fr.wikipedia.org/wiki/D%C3%B4me_de_Cortone,http://commons.wikimedia.org/wiki/Special:FilePath/Cortona-catedral.jpg
,,Église San Francesco de Terni,cathedrales,wikidata,Terni,3,,60.8,38.4,0.0,9.3,8.0,5.0,0.0,0.0,10,,2,,inconnu,,,42.564583,12.645764,Q3670098,https://fr.wikipedia.org/wiki/%C3%89glise_San_Francesco_(Terni),http://commons.wikimedia.org/wiki/Special:FilePath/Terni%20-%20chiesa%20di%20San%20Francesco%20-%20202209032236%202.jpg
,,Cathédrale d'Ales,cathedrales,wikidata,Oristano,3,,60.7,38.4,0.0,9.2,8.0,5.0,0.0,0.0,10,,1,,inconnu,,,39.768611,8.816111,Q2942541,https://fr.wikipedia.org/wiki/Cath%C3%A9drale_d%27Ales,http://commons.wikimedia.org/wiki/Special:FilePath/Ales%20Dom%20Fassade.jpg
,,Cathédrale d'Ostuni,cathedrales,wikidata,Brindisi,3,,60.4,36.8,0.0,9.0,8.0,5.0,0.0,0.0,9,,3,,inconnu,oui,,40.734160,17.578798,Q2942571,https://fr.wikipedia.org/wiki/Cath%C3%A9drale_d%27Ostuni,http://commons.wikimedia.org/wiki/Special:FilePath/Ostuni%2C%20cattedrale%2C%20esterno%2002.jpg
,,Cathédrale de Catanzaro,cathedrales,wikidata,Catanzaro,3,,60.3,31.1,0.0,16.1,8.0,5.0,0.0,0.0,6,,2,,inconnu,oui,,38.904959,16.591932,Q2942624,https://fr.wikipedia.org/wiki/Cath%C3%A9drale_de_Catanzaro,http://commons.wikimedia.org/wiki/Special:FilePath/Cattedrale%20metropolitana%20di%20Santa%20Maria%20Assunta.jpg
,,Cathédrale de Gorizia,cathedrales,wikidata,Gorizia,3,,60.3,36.8,0.0,10.0,8.0,5.0,0.0,0.0,9,,2,,inconnu,oui,,45.942300,13.624200,Q768130,https://fr.wikipedia.org/wiki/Cath%C3%A9drale_de_Gorizia,http://commons.wikimedia.org/wiki/Special:FilePath/Duomo%20di%20Gorizia.jpg
,,Cathédrale de Nicosia,cathedrales,wikidata,Enna,3,,60.3,38.4,0.0,8.8,8.0,5.0,0.0,0.0,10,,1,,inconnu,,,37.747684,14.398204,Q1736196,https://fr.wikipedia.org/wiki/Cath%C3%A9drale_de_Nicosia,http://commons.wikimedia.org/wiki/Special:FilePath/Nicoasia%20SaintNicholasCathedral%20009%204882.jpg
,,Cathédrale de Pitigliano,cathedrales,wikidata,Grosseto,3,,60.3,39.8,0.0,7.4,8.0,5.0,0.0,0.0,11,,1,,inconnu,,,42.633610,11.666090,Q2942756,https://fr.wikipedia.org/wiki/Cath%C3%A9drale_de_Pitigliano,http://commons.wikimedia.org/wiki/Special:FilePath/Duomo%20di%20Pitigliano2.jpg
,,Cathédrale de Tropea,cathedrales,wikidata,Vibo Valentia,3,,60.2,36.8,0.0,9.8,8.0,5.0,0.0,0.0,9,,2,,inconnu,oui,,38.677880,15.898630,Q1736224,https://fr.wikipedia.org/wiki/Cath%C3%A9drale_de_Tropea,http://commons.wikimedia.org/wiki/Special:FilePath/Tropea%20Cathedral1-2.jpg
,,Cathédrale de Lipari,cathedrales,wikidata,Messine,3,,60.0,38.4,0.0,7.7,8.0,5.0,0.0,0.0,10,,1,,inconnu,,,38.466800,14.957400,Q2219251,https://fr.wikipedia.org/wiki/Cath%C3%A9drale_de_Lipari,http://commons.wikimedia.org/wiki/Special:FilePath/Lipari%20cathedral.jpg
,,Dôme de Larino,cathedrales,wikidata,Campobasso,3,,60.0,35.2,0.0,11.7,8.0,5.0,0.0,0.0,8,,1,,inconnu,oui,,41.801000,14.910300,Q3045554,https://fr.wikipedia.org/wiki/D%C3%B4me_de_Larino,http://commons.wikimedia.org/wiki/Special:FilePath/Duomo%20Larino%205.JPG
,,Cathédrale Sainte-Marie-Majeure de Spilimbergo,cathedrales,wikidata,Pordenone,3,,59.6,28.7,0.0,17.8,8.0,5.0,0.0,0.0,5,,2,,inconnu,oui,,46.110050,12.904700,Q3716417,https://fr.wikipedia.org/wiki/Cath%C3%A9drale_Sainte-Marie-Majeure_de_Spilimbergo,http://commons.wikimedia.org/wiki/Special:FilePath/Spilimbergo%20Duomo%2001.jpg
,,Cathédrale de Sarzana,cathedrales,wikidata,La Spezia,3,,59.6,38.4,0.0,8.0,8.0,5.0,0.0,0.0,10,,2,,inconnu,,,44.112158,9.962515,Q2942800,https://fr.wikipedia.org/wiki/Cath%C3%A9drale_de_Sarzana,http://commons.wikimedia.org/wiki/Special:FilePath/Concath%C3%A9drale%20Santa%20Maria%20Assunta%20-%20Sarzana%20%28IT42%29%20-%202022-08-28%20-%206.jpg
,,Cathédrale de Campobasso,cathedrales,wikidata,Campobasso,3,,59.5,33.3,0.0,13.1,8.0,5.0,0.0,0.0,7,,1,,inconnu,oui,,41.560500,14.659800,Q2942612,https://fr.wikipedia.org/wiki/Cath%C3%A9drale_de_Campobasso,http://commons.wikimedia.org/wiki/Special:FilePath/Cattedrale%20campobasso.jpg
,,Cathédrale de Piana degli Albanesi,cathedrales,wikidata,Palerme,3,,59.4,38.4,0.0,7.9,8.0,5.0,0.0,0.0,10,,1,,inconnu,,,37.996200,13.285347,Q1487728,https://fr.wikipedia.org/wiki/Cath%C3%A9drale_de_Piana_degli_Albanesi,http://commons.wikimedia.org/wiki/Special:FilePath/San%20Demetrio%20Megalomartire%20%28Piana%20degli%20Albanesi%29%2029%2003%202026%2002.jpg
,,Cathédrale d'Avezzano,cathedrales,wikidata,L'Aquila,3,,59.2,38.4,0.0,7.7,8.0,5.0,0.0,0.0,10,,2,,inconnu,,,42.034600,13.426700,Q2942552,https://fr.wikipedia.org/wiki/Cath%C3%A9drale_d%27Avezzano,http://commons.wikimedia.org/wiki/Special:FilePath/Cattedrale%20di%20Avezzano%20Wiki%20Loves%20Monuments.jpg
,,Santa Maria della Concezione,cathedrales,label,Syracuse,3,,59.1,11.1,40.0,0.0,8.0,0.0,0.0,0.0,1,unesco,2,,inconnu,oui,,37.060183,15.294569,Q94984797,,http://commons.wikimedia.org/wiki/Special:FilePath/Ortigia%2C%20chiesa%20di%20santa%20maria%20della%20concezione%2C%20interno%2002.JPG
,,Sanctuaire Saint Gabriel dell'Addolorata,cathedrales,wikidata,Teramo,3,,58.8,31.1,0.0,14.2,8.0,5.0,0.0,0.0,6,,2,,inconnu,oui,,42.516944,13.657500,Q3950012,https://fr.wikipedia.org/wiki/Sanctuaire_Saint_Gabriel_dell%27Addolorata,http://commons.wikimedia.org/wiki/Special:FilePath/Santuario%20San%20Gabriele%20dell%27Addolorata%20Abruzzo%2003.JPG
,,Cathédrale de Crotone,cathedrales,wikidata,Crotone,3,,58.6,31.1,0.0,14.1,8.0,5.0,0.0,0.0,6,,2,,inconnu,oui,,39.081500,17.128500,Q2942652,https://fr.wikipedia.org/wiki/Cath%C3%A9drale_de_Crotone,http://commons.wikimedia.org/wiki/Special:FilePath/Crotone%2C%20duomo%2C%20esterno%2C%20facciata%2001.jpg
,,Cathédrale de Guastalla,cathedrales,wikidata,Reggio d'Émilie,3,,58.1,31.1,0.0,14.0,8.0,5.0,0.0,0.0,6,,1,,inconnu,oui,,44.922721,10.653667,Q2942675,https://fr.wikipedia.org/wiki/Cath%C3%A9drale_de_Guastalla,http://commons.wikimedia.org/wiki/Special:FilePath/Guastalla%2C%20duomo%2C%20esterno%2002.jpg
,,Église Sainte-Euphémie de Novare,cathedrales,wikidata,Novara,3,,57.3,35.2,0.0,9.1,8.0,5.0,0.0,0.0,8,,1,,inconnu,oui,,45.445652,8.625699,Q3672794,https://fr.wikipedia.org/wiki/%C3%89glise_Sainte-Euph%C3%A9mie_de_Novare,http://commons.wikimedia.org/wiki/Special:FilePath/Novara%20SEufemia.jpg
,,Basilique de Notre-Dame de l'humilité,cathedrales,wikidata,Pistoia,3,,57.1,33.3,0.0,10.5,8.0,5.0,0.0,0.0,7,,1,,inconnu,oui,,43.932778,10.914167,Q1115358,https://fr.wikipedia.org/wiki/Basilique_Notre-Dame_de_l%27humilit%C3%A9,http://commons.wikimedia.org/wiki/Special:FilePath/Pistoia%2C%20basilica%20della%20Madonna%20dell%27Umilt%C3%A0%20%2801%29.jpg
,,Cathédrale de Termoli,cathedrales,wikidata,Campobasso,3,,56.6,35.2,0.0,7.9,8.0,5.0,0.0,0.0,8,,1,,inconnu,oui,,42.005300,14.997200,Q2942828,https://fr.wikipedia.org/wiki/Cath%C3%A9drale_de_Termoli,http://commons.wikimedia.org/wiki/Special:FilePath/Duomo%20Termoli%201.JPG
,,Cathédrale de Tursi,cathedrales,wikidata,Matera,3,,56.3,28.7,0.0,14.5,8.0,5.0,0.0,0.0,5,,2,,inconnu,oui,,40.246800,16.469300,Q2942839,https://fr.wikipedia.org/wiki/Cath%C3%A9drale_de_Tursi,http://commons.wikimedia.org/wiki/Special:FilePath/Cattedrale%20Tursi.jpg
,,Cathédrale de Pontremoli,cathedrales,wikidata,Massa-Carrara,3,,56.0,35.2,0.0,7.6,8.0,5.0,0.0,0.0,8,,1,,inconnu,oui,,44.377810,9.883020,Q2942760,https://fr.wikipedia.org/wiki/Cath%C3%A9drale_de_Pontremoli,http://commons.wikimedia.org/wiki/Special:FilePath/Pontremoli%2C%20duomo%2C%20esterno%2C%20facciata%2001.jpg
,,Chiesa di Santa Maria Assunta,cathedrales,wikidata,Pistoia,3,,55.5,28.7,0.0,13.7,8.0,5.0,0.0,0.0,5,,1,,inconnu,oui,,43.882700,10.770160,Q3673308,https://fr.wikipedia.org/wiki/%C3%89glise_Santa_Maria_Assunta_(Montecatini_Terme),http://commons.wikimedia.org/wiki/Special:FilePath/Chiesa%20di%20Santa%20Maria%20Assunta%20-%20Montecatini%20Terme%20-%20panoramio%20%281%29.jpg
,,Basilique Notre-Dame-de-Grâces de Bénévent,cathedrales,wikidata,Benevento,3,,55.1,28.7,0.0,13.3,8.0,5.0,0.0,0.0,5,,1,,inconnu,oui,,41.134700,14.767800,Q2886905,https://fr.wikipedia.org/wiki/Basilique_Notre-Dame-de-Gr%C3%A2ces_de_B%C3%A9n%C3%A9vent,http://commons.wikimedia.org/wiki/Special:FilePath/Benevento%20-%20Basilica%20della%20Madonna%20delle%20Grazie.jpg
,,Basilica Minore dei Santi Filippo e Giacomo,cathedrales,wikidata,Belluno,3,,47.8,39.8,0.0,0.0,8.0,0.0,0.0,0.0,11,,1,,inconnu,,,46.537439,12.136531,Q3635652,,http://commons.wikimedia.org/wiki/Special:FilePath/Cortina1.jpg
,,Abbaye San Salvatore de Brescia,cathedrales,wikidata,Brescia,3,,46.4,38.4,0.0,0.0,8.0,0.0,0.0,0.0,10,,1,,inconnu,,,45.539853,10.228132,Q334267,,http://commons.wikimedia.org/wiki/Special:FilePath/Museo%20di%20Santa%20Giulia%20chiesa%20San%20Salvatore%20navata%20centrale%20Brescia.jpg
,,Duomo of San Giorgio,cathedrales,wikidata,Ragusa,3,,46.4,38.4,0.0,0.0,8.0,0.0,0.0,0.0,10,,1,,inconnu,,,36.864090,14.761670,Q587824,,http://commons.wikimedia.org/wiki/Special:FilePath/Modica%20StGeorgeCathedral%200215.jpg
,,Église Santa Sofia,cathedrales,wikidata,Padoue,3,,46.4,38.4,0.0,0.0,8.0,0.0,0.0,0.0,10,,1,,inconnu,,,45.407310,11.884800,Q3674225,,http://commons.wikimedia.org/wiki/Special:FilePath/Saint%20Sophia%20church%20in%20Padua%20%281%29.jpg
,,Église de San Fermo Maggiore,cathedrales,wikidata,Vérone,3,,46.4,38.4,0.0,0.0,8.0,0.0,0.0,0.0,10,,1,,inconnu,,,45.439167,11.000000,Q3669965,,http://commons.wikimedia.org/wiki/Special:FilePath/San%20Fermo%20Maggiore%20-%20esterno%20%284%29.jpg
,,Château d'Arco,chateaux,wikidata,Trente,3,,74.9,35.2,0.0,15.2,8.0,5.0,0.0,11.0,8,,3,,inconnu,,,45.922170,10.888267,Q224779,https://fr.wikipedia.org/wiki/Ch%C3%A2teau_d%27Arco,http://commons.wikimedia.org/wiki/Special:FilePath/Castello%20di%20Arco%20%28TN%29.jpg
,,Château d'Aci,chateaux,wikidata,Catane,3,,74.6,35.2,0.0,16.8,8.0,5.0,0.0,9.0,8,,3,,inconnu,,,37.554199,15.149524,Q2968035,https://fr.wikipedia.org/wiki/Ch%C3%A2teau_d%27Aci,http://commons.wikimedia.org/wiki/Special:FilePath/Aci%20Castello%20Sicily%20Italy%20-%20Creative%20Commons%20by%20gnuckx%20%285085398127%29.jpg
,,Château de Canossa,chateaux,wikidata,Reggio d'Émilie,3,,74.0,51.5,0.0,8.2,8.0,5.0,0.0,0.0,24,,2,,inconnu,,,44.576047,10.455789,Q1033649,https://fr.wikipedia.org/wiki/Ch%C3%A2teau_de_Canossa,http://commons.wikimedia.org/wiki/Special:FilePath/Castello%20%28Canossa%29%20-%20lato%20sud%203%202022-07-23.jpg
,,Château de Sammezzano,chateaux,wikidata,Florence,3,,73.8,45.3,0.0,13.7,8.0,5.0,0.0,0.0,16,,3,,inconnu,,,43.703000,11.471700,Q3662857,https://fr.wikipedia.org/wiki/Ch%C3%A2teau_de_Sammezzano,http://commons.wikimedia.org/wiki/Special:FilePath/Castello%20di%20Sammezzano01.JPG
,,Château de Santa Severina,chateaux,wikidata,Crotone,3,,73.1,28.7,0.0,24.1,8.0,5.0,0.0,6.9,5,,3,,inconnu,oui,,39.146787,16.914461,Q30889812,https://fr.wikipedia.org/wiki/Ch%C3%A2teau_de_Santa_Severina,http://commons.wikimedia.org/wiki/Special:FilePath/Castello%20santa%20severina.jpg
,,Château Savoie,chateaux,wikidata,Aoste,3,,72.8,36.8,0.0,11.2,8.0,5.0,0.0,10.4,9,,5,,inconnu,,,45.764066,7.826702,Q112485,https://fr.wikipedia.org/wiki/Ch%C3%A2teau_Savoie,http://commons.wikimedia.org/wiki/Special:FilePath/CastelloSavoiaAugust192023%2001.jpg
,,Château aragonais,chateaux,wikidata,Tarente,3,,72.6,39.8,0.0,18.6,8.0,5.0,0.0,0.0,11,,4,,inconnu,,,40.473098,17.233987,Q450145,https://fr.wikipedia.org/wiki/Ch%C3%A2teau_aragonais_(Tarente),http://commons.wikimedia.org/wiki/Special:FilePath/Castello%20Aragonese%20-%20Taranto.jpg
,,Forteresse de Lucera,chateaux,wikidata,Foggia,3,,72.3,36.8,0.0,21.7,8.0,5.0,0.0,0.0,9,,4,,inconnu,,,41.509413,15.321508,Q573650,https://fr.wikipedia.org/wiki/Forteresse_de_Lucera,http://commons.wikimedia.org/wiki/Special:FilePath/Lucera0001.jpg
,,Castel Capuano,chateaux,wikidata,Naples,3,,71.6,47.1,0.0,10.6,8.0,5.0,0.0,0.0,18,,1,,inconnu,,,40.853544,14.264441,Q858940,https://fr.wikipedia.org/wiki/Castel_Capuano,http://commons.wikimedia.org/wiki/Special:FilePath/Napoli%20-%20Castel%20Capuano.jpg
,,Vieille Forteresse,chateaux,wikidata,Livourne,3,,71.6,36.8,0.0,21.4,8.0,5.0,0.0,0.0,9,,3,,inconnu,,,43.551916,10.302944,Q3748715,https://fr.wikipedia.org/wiki/Vieille_Forteresse,http://commons.wikimedia.org/wiki/Special:FilePath/Livorno%2C%20fortezza%20vecchia%2003.jpg
,,Château d'Arechi,chateaux,wikidata,Salerne,3,,71.5,35.2,0.0,17.2,8.0,5.0,0.0,4.8,8,,2,,inconnu,,,40.684511,14.754746,Q1174435,https://fr.wikipedia.org/wiki/Ch%C3%A2teau_d%27Arechi,http://commons.wikimedia.org/wiki/Special:FilePath/Castello%20salerno%20dal%20drone.jpg
,,Forteresse de Basso,chateaux,wikidata,Florence,3,,71.1,39.8,0.0,17.0,8.0,5.0,0.0,0.0,11,,3,,inconnu,,,43.781630,11.248853,Q913295,https://fr.wikipedia.org/wiki/Forteresse_de_Basso,http://commons.wikimedia.org/wiki/Special:FilePath/Fortezza%20da%20Basso%201.JPG
,,Château d'Ursino,chateaux,wikidata,Catane,3,,70.9,46.2,0.0,9.6,8.0,5.0,0.0,0.0,17,,2,,inconnu,,,37.498969,15.084386,Q1048850,https://fr.wikipedia.org/wiki/Ch%C3%A2teau_d%27Ursino,http://commons.wikimedia.org/wiki/Special:FilePath/Catania%20Castel%20Ursino.jpg
,,Château de l'Empereur,chateaux,wikidata,Prato,3,,70.5,36.8,0.0,11.2,8.0,5.0,0.0,9.2,9,,1,,inconnu,,,43.878883,11.098659,Q1089361,https://fr.wikipedia.org/wiki/Ch%C3%A2teau_de_l%27Empereur,http://commons.wikimedia.org/wiki/Special:FilePath/Prato%2C%20Castello%20dell%27imperatore%2C%20da%20S-E.jpg
,,Château d'Otrante,chateaux,wikidata,Lecce,3,,70.2,39.8,0.0,14.9,8.0,5.0,0.0,0.0,11,,4,,inconnu,,,40.144462,18.492711,Q3239505,https://fr.wikipedia.org/wiki/Ch%C3%A2teau_d%27Otrante,http://commons.wikimedia.org/wiki/Special:FilePath/Castle%20of%20Otranto%2001.jpg
,,Château de Rocca Calascio,chateaux,wikidata,L'Aquila,3,,70.1,41.0,0.0,13.2,8.0,5.0,0.0,0.0,12,,3,,inconnu,,,42.328901,13.688876,Q1166100,https://fr.wikipedia.org/wiki/Ch%C3%A2teau_de_Rocca_Calascio,http://commons.wikimedia.org/wiki/Special:FilePath/Rocca%20Calascio%2006%202023.jpg
,,Castelli di Cannero,chateaux,wikidata,Verbano-Cusio-Ossola,3,,70.0,36.8,0.0,19.1,8.0,5.0,0.0,0.0,9,,4,,inconnu,,,46.023900,8.705281,Q1048781,https://fr.wikipedia.org/wiki/Castelli_di_Cannero,http://commons.wikimedia.org/wiki/Special:FilePath/Cannero%20Castle%2C%20Lake%20Maggiore%2C%20Italy-LCCN2001700868.jpg
,,Rocca Malatestiana,chateaux,wikidata,Forlì-Cesena,3,,69.5,33.3,0.0,22.9,8.0,5.0,0.0,0.0,7,,2,,inconnu,oui,,44.136424,12.240078,Q1166106,https://fr.wikipedia.org/wiki/Rocca_Malatestiana_(Cesena),http://commons.wikimedia.org/wiki/Special:FilePath/Rocca%20Malatestiana%20-%20Aerial%20view.jpg
,,Château Saint-Georges,chateaux,wikidata,Mantoue,3,,68.8,35.2,0.0,19.4,8.0,5.0,0.0,0.0,8,,2,,inconnu,,,45.160906,10.799936,Q3662862,https://fr.wikipedia.org/wiki/Ch%C3%A2teau_Saint-Georges_(Mantoue),http://commons.wikimedia.org/wiki/Special:FilePath/SanGiorgioMN.jpg
,,Château d'Agliè,chateaux,wikidata,Turin,3,,68.3,38.4,0.0,16.3,8.0,5.0,0.0,0.0,10,,5,,inconnu,,,45.361455,7.769561,Q19846,https://fr.wikipedia.org/wiki/Ch%C3%A2teau_d%27Agli%C3%A8,http://commons.wikimedia.org/wiki/Special:FilePath/Agli%C3%A8%20e%20Rivarolo%20Canavese%20%2847695246552%29.jpg
,,Château de Copertino,chateaux,wikidata,Lecce,3,,67.6,35.2,0.0,15.5,8.0,5.0,0.0,3.7,8,,4,,inconnu,,,40.273673,18.044572,Q3662583,https://fr.wikipedia.org/wiki/Ch%C3%A2teau_de_Copertino,http://commons.wikimedia.org/wiki/Special:FilePath/Particolare%20ingresso%20del%20Castello%20di%20Copertino.jpg
,,Château de Donnafugata,chateaux,wikidata,Ragusa,3,,67.6,38.4,0.0,13.1,8.0,5.0,0.0,0.0,10,,2,,inconnu,,,36.882028,14.564056,Q1048852,https://fr.wikipedia.org/wiki/Ch%C3%A2teau_de_Donnafugata,http://commons.wikimedia.org/wiki/Special:FilePath/Donnafugata%2001.jpg
,,Fort espagnol,chateaux,wikidata,L'Aquila,3,,67.3,38.4,0.0,15.5,8.0,5.0,0.0,0.0,10,,3,,inconnu,,,42.353951,13.404944,Q1438933,https://fr.wikipedia.org/wiki/Fort_espagnol_(L%27Aquila),http://commons.wikimedia.org/wiki/Special:FilePath/Castello%20500.JPG
,,Château de Roccascalegna,chateaux,wikidata,Chieti,3,,66.9,35.2,0.0,11.5,8.0,5.0,0.0,6.9,8,,3,,inconnu,,,42.062346,14.303800,Q3662840,https://fr.wikipedia.org/wiki/Ch%C3%A2teau_de_Roccascalegna,http://commons.wikimedia.org/wiki/Special:FilePath/Castello%20di%20Rocca%20scalegna.jpg
,,Château de Pizzo,chateaux,wikidata,Vibo Valentia,3,,66.7,25.8,0.0,17.4,8.0,5.0,0.0,8.0,4,,3,,inconnu,oui,,38.735460,16.160340,Q28001091,https://fr.wikipedia.org/wiki/Ch%C3%A2teau_de_Pizzo,http://commons.wikimedia.org/wiki/Special:FilePath/Ingresso%20del%20Castello.jpg
,,Château d'Euryale,chateaux,wikidata,Syracuse,3,,66.4,36.8,0.0,14.0,8.0,5.0,0.0,1.5,9,,2,,inconnu,,,37.091181,15.222759,Q538394,https://fr.wikipedia.org/wiki/Ch%C3%A2teau_d%27Euryale,http://commons.wikimedia.org/wiki/Special:FilePath/0932%20-%20Siracusa%20-%20Castello%20Eurialo%20-%20Bastione%20e%20Pentapylon%20-%20Foto%20Giovanni%20Dall%27Orto%20-%2017-Oct-2008.jpg
,,Château de Saint-Pierre,chateaux,wikidata,Aoste,3,,65.1,36.8,0.0,14.5,8.0,5.0,0.0,0.0,9,,5,,inconnu,,,45.710251,7.227239,Q2970574,https://fr.wikipedia.org/wiki/Ch%C3%A2teau_de_Saint-Pierre_(Vall%C3%A9e_d%27Aoste),http://commons.wikimedia.org/wiki/Special:FilePath/CastelloDiSaintPierreJuly312023%2002.jpg
,,Fort Belvedere,chateaux,wikidata,Florence,3,,64.7,39.8,0.0,10.6,8.0,5.0,0.0,0.0,11,,2,,inconnu,,,43.763054,11.253738,Q72786,https://fr.wikipedia.org/wiki/Fort_Belvedere_(Florence),http://commons.wikimedia.org/wiki/Special:FilePath/Forte%20belvedere%2C%20edificio%20principale%2002.JPG
,,Château d'Ussel,chateaux,wikidata,Aoste,3,,64.4,35.2,0.0,15.1,8.0,5.0,0.0,0.0,8,,5,,inconnu,,,45.741583,7.628421,Q2968346,https://fr.wikipedia.org/wiki/Ch%C3%A2teau_d%27Ussel,http://commons.wikimedia.org/wiki/Special:FilePath/Castello%20ussel.jpg
,,Rocca Paolina,chateaux,wikidata,Pérouse,3,,64.4,36.8,0.0,13.2,8.0,5.0,0.0,0.0,9,,3,,inconnu,,,43.108333,12.388056,Q3437424,https://fr.wikipedia.org/wiki/Rocca_Paolina,http://commons.wikimedia.org/wiki/Special:FilePath/Ingresso%20della%20Rocca%20Paolina%2001.jpg
,,Château d'Introd,chateaux,wikidata,Aoste,3,,64.3,35.2,0.0,13.1,8.0,5.0,0.0,2.8,8,,5,,inconnu,,,45.691340,7.186403,Q3662635,https://fr.wikipedia.org/wiki/Ch%C3%A2teau_d%27Introd,http://commons.wikimedia.org/wiki/Special:FilePath/Castello%20Introd.jpg
,,Rocca dei Rettori,chateaux,wikidata,Benevento,3,,63.5,33.3,0.0,17.0,8.0,5.0,0.0,0.0,7,,2,,inconnu,oui,,41.129162,14.782524,Q3939447,https://fr.wikipedia.org/wiki/Rocca_dei_Rettori,http://commons.wikimedia.org/wiki/Special:FilePath/Rocca%20dei%20Rettori%2C%20Benevento.jpg
,,Château Cantelmo-Caldora,chateaux,wikidata,L'Aquila,3,,63.4,35.2,0.0,15.0,8.0,5.0,0.0,0.0,8,,3,,inconnu,,,42.051671,13.995264,Q3662312,https://fr.wikipedia.org/wiki/Ch%C3%A2teau_Cantelmo-Caldora,http://commons.wikimedia.org/wiki/Special:FilePath/Abruzzo%20pacentro.jpg
,,Château de Pollenzo,chateaux,wikidata,Cuneo,3,,63.3,38.4,0.0,11.2,8.0,5.0,0.0,0.0,10,,3,,inconnu,,,44.681651,7.895684,Q19854,https://fr.wikipedia.org/wiki/Ch%C3%A2teau_de_Pollenzo,http://commons.wikimedia.org/wiki/Special:FilePath/PollenzoTowerAndChurch.jpg
,,Château de Lierna,chateaux,wikidata,Lecco,3,,63.1,36.8,0.0,13.0,8.0,5.0,0.0,0.0,9,,2,,inconnu,,,45.965865,9.301002,Q19721674,https://fr.wikipedia.org/wiki/Ch%C3%A2teau_de_Lierna,http://commons.wikimedia.org/wiki/Special:FilePath/Mura%20di%20Lierna.jpg
,,Casino del Principe,chateaux,wikidata,Benevento,3,,62.9,25.8,0.0,24.0,8.0,5.0,0.0,0.0,4,,2,,inconnu,oui,,41.098870,14.929332,Q55570250,https://fr.wikipedia.org/wiki/Casino_del_Principe,http://commons.wikimedia.org/wiki/Special:FilePath/Casino%20del%20Principe%2001.jpg
,,Château du Carmine,chateaux,wikidata,Naples,3,,62.9,39.8,0.0,9.8,8.0,5.0,0.0,0.0,11,,1,disparu ou démoli (1906),inconnu,,,40.846111,14.268556,Q572009,https://fr.wikipedia.org/wiki/Ch%C3%A2teau_du_Carmine,http://commons.wikimedia.org/wiki/Special:FilePath/Napoli%2C%20Castello%20del%20Carmine%202.jpg
,,Forteresse Borromée d'Arona,chateaux,wikidata,Novara,3,,62.6,25.8,0.0,23.1,8.0,5.0,0.0,0.0,4,,3,,inconnu,oui,,45.764426,8.555159,Q3939456,https://fr.wikipedia.org/wiki/Forteresse_Borrom%C3%A9e_d%27Arona,http://commons.wikimedia.org/wiki/Special:FilePath/DJI%2020260218094315%200958%20D%20HDR.jpg
,,Château d'Ivrée,chateaux,wikidata,Turin,3,,62.3,38.4,0.0,10.4,8.0,5.0,0.0,0.0,10,,4,,inconnu,,,45.467866,7.874104,Q3662639,https://fr.wikipedia.org/wiki/Ch%C3%A2teau_d%27Ivr%C3%A9e,http://commons.wikimedia.org/wiki/Special:FilePath/Ivrea%20Castello%20Veduta%2006.JPG
,,Château de Charles Quint,chateaux,wikidata,Crotone,3,,62.3,25.8,0.0,22.7,8.0,5.0,0.0,0.0,4,,3,,inconnu,oui,,39.081639,17.131268,Q3662534,https://fr.wikipedia.org/wiki/Ch%C3%A2teau_de_Charles_Quint,http://commons.wikimedia.org/wiki/Special:FilePath/Crotone%2C%20Calabria%2C%20Italy.%20Castello%20di%20Carlo%20V.%20-%20panoramio.jpg
,,Château de Massino Visconti,chateaux,wikidata,Novara,3,,62.3,31.1,0.0,18.0,8.0,5.0,0.0,0.0,6,,3,,inconnu,oui,,45.820751,8.538702,Q3662682,https://fr.wikipedia.org/wiki/Ch%C3%A2teau_de_Massino_Visconti,http://commons.wikimedia.org/wiki/Special:FilePath/Massino%20Visconti%20castello.jpg
,,Château de Pignatelli della Leonessa,chateaux,wikidata,Avellino,3,,61.1,25.8,0.0,22.2,8.0,5.0,0.0,0.0,4,,2,,inconnu,oui,,41.020161,14.662319,Q32186691,https://fr.wikipedia.org/wiki/Ch%C3%A2teau_de_Pignatelli_della_Leonessa,http://commons.wikimedia.org/wiki/Special:FilePath/Castello%20Pignatelli%20della%20Leonessa%2045.jpg
,,Forteresse Santa Barbara,chateaux,wikidata,Pistoia,3,,61.1,28.7,0.0,16.1,8.0,5.0,0.0,3.1,5,,2,,inconnu,oui,,43.929129,10.922631,Q3748713,https://fr.wikipedia.org/wiki/Forteresse_Santa_Barbara,http://commons.wikimedia.org/wiki/Special:FilePath/Pistoia%2C%20fortezza%20di%20santa%20barbara%2C%20ingresso%2C%20ponte%20su%20fossato%2001.jpg
,,Forteresse Malaspina,chateaux,wikidata,Massa-Carrara,3,,60.5,25.8,0.0,14.7,8.0,5.0,0.0,6.6,4,,2,,inconnu,oui,,44.031974,10.146459,Q6741375,https://fr.wikipedia.org/wiki/Forteresse_Malaspina,http://commons.wikimedia.org/wiki/Special:FilePath/Massa-panorama%20rocca%20Malaspina.jpg
,,Forteresse de Le Castella,chateaux,wikidata,Crotone,3,,60.1,22.2,0.0,13.6,8.0,5.0,0.0,10.8,3,,2,,inconnu,oui,,38.907023,17.021170,Q110694487,https://fr.wikipedia.org/wiki/Forteresse_de_Le_Castella,http://commons.wikimedia.org/wiki/Special:FilePath/Le-castella-d.jpg
,,Château de Barletta,chateaux,wikidata,Barletta-Andria-Trani,3,,59.7,35.2,0.0,10.8,8.0,5.0,0.0,0.0,8,,3,,inconnu,,,41.321042,16.288691,Q2968443,https://fr.wikipedia.org/wiki/Ch%C3%A2teau_de_Barletta,http://commons.wikimedia.org/wiki/Special:FilePath/Barletta%20Castello%20SE%202008%20Ott21.jpeg
,,Château de Santo Niceto,chateaux,wikidata,Reggio de Calabre,3,,59.5,35.2,0.0,11.1,8.0,5.0,0.0,0.0,8,,2,,inconnu,,,38.026784,15.707188,Q1048868,https://fr.wikipedia.org/wiki/Ch%C3%A2teau_de_Sant%27Aniceto,http://commons.wikimedia.org/wiki/Special:FilePath/Castello%20San%20Niceto.JPG
,,Château Suève de Brindisi,chateaux,wikidata,Brindisi,3,,58.7,28.7,0.0,16.6,8.0,5.0,0.0,0.0,5,,3,,inconnu,oui,,40.639530,17.938154,Q3662381,https://fr.wikipedia.org/wiki/Ch%C3%A2teau_Su%C3%A8ve_de_Brindisi,http://commons.wikimedia.org/wiki/Special:FilePath/Entrata%20castello%20svevo.jpg
,,Château ducal de Ceglie Messapica,chateaux,wikidata,Brindisi,3,,58.7,25.8,0.0,19.8,8.0,5.0,0.0,0.0,4,,3,,inconnu,oui,,40.646689,17.517647,Q24942423,https://fr.wikipedia.org/wiki/Ch%C3%A2teau_ducal_de_Ceglie_Messapica,http://commons.wikimedia.org/wiki/Special:FilePath/Ceglie%20Messapica%20-%20Castello%20Ducale%20-%20202209061546.jpg
,,Château ducal Cantelmo,chateaux,wikidata,Pescara,3,,58.1,28.7,0.0,16.3,8.0,5.0,0.0,0.0,5,,2,,inconnu,oui,,42.173244,13.838880,Q23638921,https://fr.wikipedia.org/wiki/Ch%C3%A2teau_ducal_Cantelmo,http://commons.wikimedia.org/wiki/Special:FilePath/Popoli%20Castello%2008%20%28RaBoe%29.jpg
,,Château Dentice di Frasso,chateaux,wikidata,Brindisi,3,,57.8,25.8,0.0,18.7,8.0,5.0,0.0,0.0,4,,3,,inconnu,oui,,40.707520,17.656939,Q24936766,https://fr.wikipedia.org/wiki/Ch%C3%A2teau_Dentice_di_Frasso_(Carovigno),http://commons.wikimedia.org/wiki/Special:FilePath/Carovignocastello.jpg
,,Château Dentice di Frasso,chateaux,wikidata,Brindisi,3,,56.8,28.7,0.0,14.9,8.0,5.0,0.0,0.0,5,,3,,inconnu,oui,,40.656648,17.704107,Q2051142,https://fr.wikipedia.org/wiki/Ch%C3%A2teau_Dentice_di_Frasso_(San_Vito_dei_Normanni),http://commons.wikimedia.org/wiki/Special:FilePath/La%20torre%20quadrata%20del%20Castello%20di%20San%20Vito%20dei%20Normanni%2C%20Italia.jpg
,,Château de Banchette,chateaux,wikidata,Turin,3,,56.2,35.2,0.0,7.9,8.0,5.0,0.0,0.0,8,,3,,inconnu,,,45.462118,7.857903,Q17624096,https://fr.wikipedia.org/wiki/Ch%C3%A2teau_de_Banchette,http://commons.wikimedia.org/wiki/Special:FilePath/Castello%20di%20Banchette%202.jpg
,,Rocca Maggiore,chateaux,wikidata,Pérouse,3,,56.2,39.8,0.0,0.0,8.0,0.0,0.0,8.4,11,,2,,inconnu,,,43.070600,12.616300,Q1594614,,http://commons.wikimedia.org/wiki/Special:FilePath/RoccaMaggioreAssisiDec122023%2002.jpg
,,Château Alfonsino,chateaux,wikidata,Brindisi,3,,56.0,28.7,0.0,14.0,8.0,5.0,0.0,0.0,5,,3,,inconnu,oui,,40.656550,17.968140,Q3662397,https://fr.wikipedia.org/wiki/Ch%C3%A2teau_Alfonsino,http://commons.wikimedia.org/wiki/Special:FilePath/Brindisi%20molo%20vecchio%20zoom.jpg
,,Château de Mesagne,chateaux,wikidata,Brindisi,3,,55.8,25.8,0.0,16.8,8.0,5.0,0.0,0.0,4,,3,,inconnu,oui,,40.560138,17.807463,Q24942425,https://fr.wikipedia.org/wiki/Ch%C3%A2teau_de_Mesagne,http://commons.wikimedia.org/wiki/Special:FilePath/Castello%20Normanno%20Svevo.jpg
,,Château Aghinolfi,chateaux,wikidata,Massa-Carrara,3,,55.6,22.2,0.0,19.8,8.0,5.0,0.0,0.5,3,,1,,inconnu,oui,,44.008715,10.167246,Q3662302,https://fr.wikipedia.org/wiki/Ch%C3%A2teau_Aghinolfi,http://commons.wikimedia.org/wiki/Special:FilePath/MontignosoCastelloAghinolfi2.JPG
,,Château Ruffo de Nicotera,chateaux,wikidata,Vibo Valentia,3,,55.6,25.8,0.0,16.7,8.0,5.0,0.0,0.0,4,,2,,inconnu,oui,,38.551883,15.937418,Q3662364,https://fr.wikipedia.org/wiki/Ch%C3%A2teau_Ruffo_de_Nicotera,http://commons.wikimedia.org/wiki/Special:FilePath/Castello%20di%20Nicotera%20%28VV%29.jpg
,,Château Tramontano,chateaux,wikidata,Matera,3,,55.3,31.1,0.0,10.5,8.0,5.0,0.0,0.0,6,,2,,inconnu,oui,,40.663916,16.605953,Q2968007,https://fr.wikipedia.org/wiki/Ch%C3%A2teau_Tramontano,http://commons.wikimedia.org/wiki/Special:FilePath/Castello%20Tramontano.JPG
,,Château Baradello,chateaux,wikidata,Côme,3,,55.1,35.2,0.0,6.3,8.0,5.0,0.0,0.0,8,,1,,inconnu,,,45.794138,9.085824,Q2967836,https://fr.wikipedia.org/wiki/Ch%C3%A2teau_Baradello,http://commons.wikimedia.org/wiki/Special:FilePath/W%20-%20baradello%20da%20monte%20goi%20%281%29.jpg
,,Château Malaspina,chateaux,wikidata,Massa-Carrara,3,,55.0,25.8,0.0,14.8,8.0,5.0,0.0,0.9,4,,1,,inconnu,oui,,44.135673,10.021184,Q3662332,https://fr.wikipedia.org/wiki/Ch%C3%A2teau_Malaspina_(Fosdinovo),http://commons.wikimedia.org/wiki/Special:FilePath/Fosdinovo-castello%20Malaspina1.JPG
,,Runkelstein,chateaux,wikidata,Bolzano,3,,53.7,36.8,0.0,0.0,8.0,0.0,0.0,8.9,9,,2,,inconnu,,,46.517484,11.358994,Q376571,,http://commons.wikimedia.org/wiki/Special:FilePath/Schloss%20Runkelstein%20ext.jpg
,,Rocchetta Mattei,chateaux,wikidata,Bologne,3,,53.0,35.2,0.0,0.0,8.0,0.0,0.0,9.8,8,,1,,inconnu,,,44.223814,11.059786,Q1775907,,http://commons.wikimedia.org/wiki/Special:FilePath/Paolo%20Monti%20-%20Servizio%20fotografico%20%28Grizzana%20Morandi%2C%201969%29%20-%20BEIC%206353956.jpg
,,Govone Castle,chateaux,wikidata,Cuneo,3,,50.3,36.8,0.0,0.0,8.0,0.0,0.0,5.5,9,,2,,inconnu,,,44.804900,8.100050,Q19856,,http://commons.wikimedia.org/wiki/Special:FilePath/Castellogovone2.JPG
,,Torre Grossa,chateaux,wikidata,Sienne,3,,44.8,36.8,0.0,0.0,8.0,0.0,0.0,0.0,9,,1,,inconnu,,,43.467628,11.042903,Q3995190,,http://commons.wikimedia.org/wiki/Special:FilePath/Torre%20Grossa.jpg
,,Vezio Castle,chateaux,wikidata,Lecco,3,,44.8,36.8,0.0,0.0,8.0,0.0,0.0,0.0,9,,1,,inconnu,,,46.010633,9.286778,Q3662951,,http://commons.wikimedia.org/wiki/Special:FilePath/Castello%20di%20Vezio.jpg
,,Castel Verruca,chateaux,wikidata,Bolzano,3,,43.2,35.2,0.0,0.0,8.0,0.0,0.0,0.0,8,,1,,inconnu,,,46.638617,11.192245,Q3662153,,http://commons.wikimedia.org/wiki/Special:FilePath/Meran%20Fragsburg%20Ostansicht%20M%C3%A4rz%202015.jpg
,,Château de Grinzane Cavour,chateaux,wikidata,Cuneo,3,,43.2,35.2,0.0,0.0,8.0,0.0,0.0,0.0,8,,2,,inconnu,,,44.653152,7.994892,Q3662629,,http://commons.wikimedia.org/wiki/Special:FilePath/Grinzane%20cavour%20castello.jpg
,,Forte Gonzaga,chateaux,wikidata,Messine,3,,43.2,35.2,0.0,0.0,8.0,0.0,0.0,0.0,8,,1,,inconnu,,,38.188096,15.540831,Q13196191,,http://commons.wikimedia.org/wiki/Special:FilePath/Forte%20Gonzaga%202.jpg
,,Lagune de Venise,dunes-marais,wikidata,Venise,3,,114.2,63.8,0.0,28.6,8.0,5.0,0.0,0.0,53,,2,,inconnu,,,45.413056,12.297222,Q76925,https://fr.wikipedia.org/wiki/Lagune_de_Venise,http://commons.wikimedia.org/wiki/Special:FilePath/The%20Venetian%20Lagoon%20ESA25362327%20%28cropped%29.tiff
,,Marais pontins,dunes-marais,wikidata,Latina,3,,81.1,48.7,0.0,14.7,8.0,5.0,0.0,0.0,20,,2,,inconnu,,,41.466667,12.900000,Q1756467,https://fr.wikipedia.org/wiki/Marais_pontins,http://commons.wikimedia.org/wiki/Special:FilePath/Fogliano3%202007.jpg
,,Dunes of Campomarino,dunes-marais,wikidata,Tarente,3,,30.2,22.2,0.0,0.0,8.0,0.0,0.0,0.0,3,,2,,inconnu,,,40.300080,17.575900,Q3716262,,http://commons.wikimedia.org/wiki/Special:FilePath/Dunedicampomarino.jpeg
,,Dune fossili di Massenzatica,dunes-marais,wikidata,Ferrare,3,,25.6,17.6,0.0,0.0,8.0,0.0,0.0,0.0,2,,2,,inconnu,,,44.897222,12.163056,Q16268344,,http://commons.wikimedia.org/wiki/Special:FilePath/Dune%20fossili%20massenzatica%207.JPG
,,Saline di Carloforte,dunes-marais,wikidata,Carbonia-Iglesias,3,,25.6,17.6,0.0,0.0,8.0,0.0,0.0,0.0,2,,2,,inconnu,,,39.134721,8.305321,Q24935534,,http://commons.wikimedia.org/wiki/Special:FilePath/Saline%20dicarloforte.jpg
,,Saline di Ostia,dunes-marais,wikidata,Rome,3,,17.6,17.6,0.0,0.0,0.0,0.0,0.0,0.0,2,,1,aucune photo,inconnu,,,41.762093,12.291813,Q3945531,,
,,Île de Gorgone,iles,wikidata,Livourne,3,descend,91.7,57.3,0.0,17.1,8.0,5.0,0.0,0.0,35,,4,,inconnu,,,43.433333,9.900000,Q19347,https://fr.wikipedia.org/wiki/%C3%8Ele_de_Gorgone,http://commons.wikimedia.org/wiki/Special:FilePath/Aerial%20image%20of%20Gorgona%20%28view%20from%20the%20east%29.jpg
,,Ventotene,iles,wikidata,Latina,3,descend,89.8,54.9,0.0,16.5,8.0,5.0,0.0,0.0,30,,3,,inconnu,,,40.792220,13.425280,Q1085906,https://fr.wikipedia.org/wiki/Ventotene_(%C3%AEle),http://commons.wikimedia.org/wiki/Special:FilePath/Ventotene%2C%20scogliera%20nord%2C%20punta%20eolo%20e%20zona%20della%20villa%20romana%2014.jpg
,,Île de Favignana,iles,wikidata,Trapani,3,,83.2,49.5,0.0,14.7,8.0,5.0,0.0,0.0,21,,3,,inconnu,,,37.933333,12.316667,Q996782,https://fr.wikipedia.org/wiki/%C3%8Ele_de_Favignana,http://commons.wikimedia.org/wiki/Special:FilePath/Favignana%2012.jpg
,,Tinetto,iles,wikidata,La Spezia,3,,81.5,56.4,0.0,11.4,8.0,5.0,0.0,0.0,33,,3,,inconnu,,,44.023508,9.851264,Q752505,https://fr.wikipedia.org/wiki/%C3%8Ele_du_Tinetto,http://commons.wikimedia.org/wiki/Special:FilePath/Tinetto.JPG
,,Santo Stefano,iles,wikidata,Latina,3,,80.7,51.5,0.0,14.2,8.0,5.0,0.0,0.0,24,,2,,inconnu,,,40.789444,13.454167,Q909048,https://fr.wikipedia.org/wiki/Santo_Stefano_(%C3%AEle),http://commons.wikimedia.org/wiki/Special:FilePath/Santostefcarcere.JPG
,,Sant'Erasmo,iles,wikidata,Venise,3,,80.2,50.2,0.0,14.8,8.0,5.0,0.0,0.0,22,,2,,inconnu,,,45.454444,12.407778,Q1072076,https://fr.wikipedia.org/wiki/Sant%27Erasmo,http://commons.wikimedia.org/wiki/Special:FilePath/Sant%27Erasmo%20%28island%29%20South%20end%20of%20the%20island.jpg
,,Nisida,iles,wikidata,Naples,3,,79.9,51.5,0.0,13.7,8.0,5.0,0.0,0.0,24,,2,,inconnu,,,40.795278,14.163333,Q1192720,https://fr.wikipedia.org/wiki/Nisida,http://commons.wikimedia.org/wiki/Special:FilePath/Nisida%20al%20tramonto.jpg
,,Isola dei Pescatori,iles,wikidata,Verbano-Cusio-Ossola,3,,78.9,47.1,0.0,13.1,8.0,5.0,0.0,0.0,18,,2,,inconnu,,,45.900556,8.520556,Q304108,https://fr.wikipedia.org/wiki/Isola_dei_Pescatori,http://commons.wikimedia.org/wiki/Special:FilePath/Stresa%2C%20isola%20dei%20Pescatori%20%2808%29.jpg
,,Île Saint-Jules,iles,wikidata,Novara,3,,78.3,46.2,0.0,14.9,8.0,5.0,0.0,0.0,17,,1,,inconnu,,,45.796111,8.399864,Q1674467,https://fr.wikipedia.org/wiki/%C3%8Ele_Saint-Jules,http://commons.wikimedia.org/wiki/Special:FilePath/OrtaSanGiulioAug132024%2002.jpg
,,Île Comacina,iles,wikidata,Côme,3,,77.1,47.9,0.0,14.3,8.0,5.0,0.0,0.0,19,,2,,inconnu,,,45.964722,9.176389,Q1674456,https://fr.wikipedia.org/wiki/Comacina,http://commons.wikimedia.org/wiki/Special:FilePath/Tremezzina%20-%20Torre%20dell%27Isola%20Comacina%20-%202023-09-02%2000-32-34%20002.JPG
,,Santo Stefano,iles,wikidata,Olbia-Tempio,3,,75.8,47.1,0.0,14.3,8.0,5.0,0.0,0.0,18,,4,,inconnu,,,41.200000,9.416667,Q2014084,https://fr.wikipedia.org/wiki/Santo_Stefano_(Sardaigne),http://commons.wikimedia.org/wiki/Special:FilePath/A%20maddalena%20-%20panoramio%20-%20brunobarbato%20%281%29.jpg
,,Isola Maggiore,iles,wikidata,Pérouse,3,,75.4,45.3,0.0,16.3,8.0,5.0,0.0,0.0,16,,2,,inconnu,,,43.183333,12.100000,Q1674460,https://fr.wikipedia.org/wiki/%C3%8Ele_Majeure,http://commons.wikimedia.org/wiki/Special:FilePath/Isola%20Maggiore.jpg
,,Isola Madre,iles,wikidata,Verbano-Cusio-Ossola,3,,75.3,45.3,0.0,9.9,8.0,5.0,0.0,0.0,16,,1,,inconnu,,,45.911111,8.537778,Q1555998,https://fr.wikipedia.org/wiki/Isola_Madre,http://commons.wikimedia.org/wiki/Special:FilePath/IsolaMadreJune052026.jpg
,,Zannone,iles,wikidata,Latina,3,,75.2,49.5,0.0,12.1,8.0,5.0,0.0,0.0,21,,1,,inconnu,,,40.966667,13.050000,Q146988,https://fr.wikipedia.org/wiki/Zannone,http://commons.wikimedia.org/wiki/Special:FilePath/Zannone.jpg
,,Palmarola,iles,wikidata,Latina,3,,74.5,48.7,0.0,10.3,8.0,5.0,0.0,0.0,20,,1,,inconnu,,,40.937500,12.857500,Q1466491,https://fr.wikipedia.org/wiki/Palmarola,http://commons.wikimedia.org/wiki/Special:FilePath/Palmarola01.JPG
,,Île de Sant'Antioco,iles,wikidata,Carbonia-Iglesias,3,,74.5,48.7,0.0,11.4,8.0,5.0,0.0,0.0,20,,3,,inconnu,,,39.033330,8.416670,Q11406604,https://fr.wikipedia.org/wiki/%C3%8Ele_de_Sant%27Antioco,http://commons.wikimedia.org/wiki/Special:FilePath/Sant%27Antioco%20da%20monte%20Sirai.jpg
,,Île Gallinara,iles,wikidata,Savone,3,,74.1,43.3,0.0,14.7,8.0,5.0,0.0,0.0,14,,2,,inconnu,,,44.025500,8.226333,Q1492476,https://fr.wikipedia.org/wiki/%C3%8Ele_Gallinara,http://commons.wikimedia.org/wiki/Special:FilePath/Isola%20Gallinara-regione%20Monti.jpg
,,Île de Garde,iles,wikidata,Brescia,3,,73.6,43.3,0.0,15.2,8.0,5.0,0.0,0.0,14,,1,,inconnu,,,45.593641,10.587094,Q1460456,https://fr.wikipedia.org/wiki/%C3%8Ele_de_Garde,http://commons.wikimedia.org/wiki/Special:FilePath/Villa%20Isola%20del%20Garda.JPG
,,Strombolicchio,iles,wikidata,Messine,3,nouveau,73.4,47.1,0.0,11.6,8.0,5.0,0.0,0.0,18,,3,,inconnu,,,38.817306,15.251972,Q1189187,https://fr.wikipedia.org/wiki/Strombolicchio,http://commons.wikimedia.org/wiki/Special:FilePath/Strombolicchio%20Island.jpg
,,Mal di Ventre,iles,wikidata,Oristano,3,,72.9,47.1,0.0,12.0,8.0,5.0,0.0,0.0,18,,3,,inconnu,,,39.990000,8.309170,Q220990,https://fr.wikipedia.org/wiki/Mal_di_Ventre,http://commons.wikimedia.org/wiki/Special:FilePath/Mal%20di%20ventre.jpg
,,Récifs de Coreca,iles,wikidata,Cosenza,3,,72.6,48.7,0.0,10.9,8.0,5.0,0.0,0.0,20,,2,,inconnu,,,39.095357,16.078758,Q3952486,https://fr.wikipedia.org/wiki/R%C3%A9cifs_de_Coreca,http://commons.wikimedia.org/wiki/Special:FilePath/Scogli%20Coreca.jpg
,,Vivara,iles,wikidata,Naples,3,,71.5,52.7,0.0,4.8,8.0,5.0,0.0,0.0,26,,1,,inconnu,,,40.743960,13.993420,Q1073353,https://fr.wikipedia.org/wiki/Vivara,http://commons.wikimedia.org/wiki/Special:FilePath/Vivara%20vista%20solchiaro.jpg
,,Meloria,iles,wikidata,Livourne,3,,71.4,44.4,0.0,13.4,8.0,5.0,0.0,0.0,15,,2,,inconnu,,,43.548000,10.219000,Q955207,https://fr.wikipedia.org/wiki/Meloria,http://commons.wikimedia.org/wiki/Special:FilePath/Meloria%20south%20lighthouse%2001%20%40andreani.jpg
,,Spargi,iles,wikidata,Olbia-Tempio,3,,70.7,45.3,0.0,11.7,8.0,5.0,0.0,0.0,16,,4,,inconnu,,,41.243333,9.347500,Q2250212,https://fr.wikipedia.org/wiki/Spargi,http://commons.wikimedia.org/wiki/Special:FilePath/La%20Maddalena%20-%20Isola%20di%20Spargi%20%2809%29.JPG
,,Palmaiola,iles,wikidata,Livourne,3,,70.2,45.3,0.0,11.3,8.0,5.0,0.0,0.0,16,,2,,inconnu,,,42.866111,10.475000,Q1229122,https://fr.wikipedia.org/wiki/Palmaiola,http://commons.wikimedia.org/wiki/Special:FilePath/Palmaiola%20island%20-%20panorama.jpg
,,Île Belle,iles,wikidata,Messine,3,,69.9,41.0,0.0,12.7,8.0,5.0,0.0,0.0,12,,3,,inconnu,,,37.850000,15.300000,Q642924,https://fr.wikipedia.org/wiki/%C3%8Ele_Belle_(Taormine),http://commons.wikimedia.org/wiki/Special:FilePath/Isola%20Bella%2C%20Taormina%2C%20Sicily%2C%20Italy%20%284894718318%29.jpg
,,Gavi,iles,wikidata,Latina,3,,69.8,47.9,0.0,8.6,8.0,5.0,0.0,0.0,19,,1,,inconnu,,,40.935280,13.000830,Q1467793,https://fr.wikipedia.org/wiki/Gavi_(%C3%AEle),http://commons.wikimedia.org/wiki/Special:FilePath/Gavi01.jpg
,,Île de Barbana,iles,wikidata,Gorizia,3,,69.7,33.3,0.0,22.8,8.0,5.0,0.0,0.0,7,,2,,inconnu,oui,,45.703200,13.423000,Q807312,https://fr.wikipedia.org/wiki/%C3%8Ele_de_Barbana,http://commons.wikimedia.org/wiki/Special:FilePath/Barbana.jpg
,,Île de Bergeggi,iles,wikidata,Savone,3,,68.3,41.0,0.0,13.8,8.0,5.0,0.0,0.0,12,,2,,inconnu,,,44.234167,8.445139,Q1516637,https://fr.wikipedia.org/wiki/%C3%8Ele_de_Bergeggi,http://commons.wikimedia.org/wiki/Special:FilePath/Isola%20di%20Bergeggi.JPG
,,Île d'Ustica,iles,wikidata,Palerme,3,,66.4,35.2,0.0,15.9,8.0,5.0,0.0,0.0,8,,2,,inconnu,,,38.704722,13.175000,Q3593327,https://fr.wikipedia.org/wiki/%C3%8Ele_d%27Ustica,http://commons.wikimedia.org/wiki/Special:FilePath/UsticaFerry.jpg
,,Île Polvese,iles,wikidata,Pérouse,3,,66.3,38.4,0.0,14.4,8.0,5.0,0.0,0.0,10,,2,,inconnu,,,43.117400,12.137300,Q1414778,https://fr.wikipedia.org/wiki/%C3%8Ele_Polvese,http://commons.wikimedia.org/wiki/Special:FilePath/Polvese%20Ansicht2.JPG
,,Île de San Domino,iles,wikidata,Foggia,3,,66.2,36.8,0.0,14.3,8.0,5.0,0.0,0.0,9,,2,,inconnu,,,42.114400,15.486000,Q1218738,https://fr.wikipedia.org/wiki/%C3%8Ele_de_San_Domino,http://commons.wikimedia.org/wiki/Special:FilePath/Tremiti-porto01.jpg
,,Santa Maria,iles,wikidata,Olbia-Tempio,3,,64.6,38.4,0.0,12.5,8.0,5.0,0.0,0.0,10,,4,,inconnu,,,41.298190,9.373350,Q1060495,https://fr.wikipedia.org/wiki/Santa_Maria_(Sardaigne),http://commons.wikimedia.org/wiki/Special:FilePath/Isola%20di%20Santa%20Maria%20-%20Faro%20di%20Punta%20Filetto%20%2801%29.JPG
,,Ile du Taureau,iles,wikidata,Carbonia-Iglesias,3,,64.4,38.4,0.0,12.7,8.0,5.0,0.0,0.0,10,,2,,inconnu,,,38.861389,8.409444,Q1082710,https://fr.wikipedia.org/wiki/%C3%8Ele_du_Taureau,http://commons.wikimedia.org/wiki/Special:FilePath/Isola%20del%20toro.JPG
,,Île de San Nicola,iles,wikidata,Foggia,3,,64.3,35.2,0.0,15.4,8.0,5.0,0.0,0.0,8,,2,,inconnu,,,42.122222,15.510000,Q1089148,https://fr.wikipedia.org/wiki/%C3%8Ele_de_San_Nicola,http://commons.wikimedia.org/wiki/Special:FilePath/Tremiti%201999%20-Isola%20di%20San%20Nicola%20-%20Santa%20Maria%20a%20Mare-%20by-RaBoe%20001.jpg
,,Archipel des Sulcis,iles,wikidata,Carbonia-Iglesias,3,,64.1,39.8,0.0,10.7,8.0,5.0,0.0,0.0,11,,2,,inconnu,,,39.116667,8.366667,Q750010,https://fr.wikipedia.org/wiki/Archipel_du_Sulcis,http://commons.wikimedia.org/wiki/Special:FilePath/Arcipelago%20Sulcis%20da%20Monte%20Sirai.jpg
,,Île de Pianosa,iles,wikidata,Foggia,3,,62.6,35.2,0.0,13.9,8.0,5.0,0.0,0.0,8,,2,,inconnu,,,42.224167,15.748333,Q2258873,https://fr.wikipedia.org/wiki/%C3%8Ele_de_Pianosa_(Tremiti),http://commons.wikimedia.org/wiki/Special:FilePath/Posizionepianosa.png
,,Dino,iles,wikidata,Cosenza,3,,62.0,39.8,0.0,8.6,8.0,5.0,0.0,0.0,11,,2,,inconnu,,,39.873500,15.774800,Q532450,https://fr.wikipedia.org/wiki/Dino_(%C3%AEle),http://commons.wikimedia.org/wiki/Special:FilePath/Praia%20a%20Mare%20-%20Isola%20di%20Dino%2020160715.jpg
,,Molara,iles,wikidata,Olbia-Tempio,3,,61.9,39.8,0.0,8.7,8.0,5.0,0.0,0.0,11,,3,,inconnu,,,40.869167,9.727500,Q576004,https://fr.wikipedia.org/wiki/Molara,http://commons.wikimedia.org/wiki/Special:FilePath/Isola%20di%20molara%20-%20Olbia.JPG
,,Razzoli,iles,wikidata,Olbia-Tempio,3,,60.6,36.8,0.0,10.1,8.0,5.0,0.0,0.0,9,,3,,inconnu,,,41.301700,9.346670,Q1060488,https://fr.wikipedia.org/wiki/Razzoli,http://commons.wikimedia.org/wiki/Special:FilePath/La%20Maddalena%20-%20Isola%20di%20Razzoli%20%2801%29.JPG
,,Île de Cerboli,iles,wikidata,Livourne,3,,60.1,38.4,0.0,8.4,8.0,5.0,0.0,0.0,10,,2,,inconnu,,,42.858056,10.547778,Q1054703,https://fr.wikipedia.org/wiki/%C3%8Ele_de_Cerboli,http://commons.wikimedia.org/wiki/Special:FilePath/Isola%20di%20Cerboli%20-%20panoramio.jpg
,,Capraia,iles,wikidata,Foggia,3,,59.6,35.2,0.0,10.9,8.0,5.0,0.0,0.0,8,,2,,inconnu,,,42.135910,15.512140,Q2258864,https://fr.wikipedia.org/wiki/Capraia_(Tremiti),http://commons.wikimedia.org/wiki/Special:FilePath/Isole%20Tremiti%2012.JPG
,,Isola dei Topi,iles,wikidata,Livourne,3,,58.9,35.2,0.0,10.5,8.0,5.0,0.0,0.0,8,,2,,inconnu,,,42.870840,10.423410,Q3802955,https://fr.wikipedia.org/wiki/Isola_dei_Topi,http://commons.wikimedia.org/wiki/Special:FilePath/Isola%20dei%20topi%20da%20sud.jpg
,,Île Bisentina,iles,wikidata,Viterbo,3,,58.7,36.8,0.0,8.2,8.0,5.0,0.0,0.0,9,,1,,inconnu,,,42.581910,11.906600,Q1674445,https://fr.wikipedia.org/wiki/%C3%8Ele_Bisentina,http://commons.wikimedia.org/wiki/Special:FilePath/Isola%20Bisentina%2C%20Lago%20di%20Bolsena.JPG
,,Formica,iles,wikidata,Trapani,3,,57.7,35.2,0.0,8.4,8.0,5.0,0.0,0.0,8,,2,,inconnu,,,37.988900,12.425300,Q489406,https://fr.wikipedia.org/wiki/Formica_(%C3%AEle),http://commons.wikimedia.org/wiki/Special:FilePath/Isola%20Formica.jpg
,,Île Martana,iles,wikidata,Viterbo,3,,57.1,35.2,0.0,8.5,8.0,5.0,0.0,0.0,8,,1,,inconnu,,,42.549410,11.952440,Q1674451,https://fr.wikipedia.org/wiki/%C3%8Ele_Martana,http://commons.wikimedia.org/wiki/Special:FilePath/Isola%20Martana.jpg
,,Molarotto,iles,wikidata,Olbia-Tempio,3,,56.0,35.2,0.0,7.7,8.0,5.0,0.0,0.0,8,,3,,inconnu,,,40.874587,9.778658,Q3860195,https://fr.wikipedia.org/wiki/Molarotto,http://commons.wikimedia.org/wiki/Special:FilePath/Olbia%2C%20isola%20di%20Molarotto%20%2804%29.jpg
,,Sardaigne,iles,wikidata,Nuoro,3,,47.8,39.8,0.0,0.0,8.0,0.0,0.0,0.0,11,,2,,inconnu,,,40.050000,9.083333,Q19740031,,http://commons.wikimedia.org/wiki/Special:FilePath/Sardinia%20satellite.jpg
,,Ile de San Pantaleo,iles,wikidata,Trapani,3,,43.2,35.2,0.0,0.0,8.0,0.0,0.0,0.0,8,,2,,inconnu,,,37.868333,12.468611,Q2219863,,http://commons.wikimedia.org/wiki/Special:FilePath/Isola%20di%20mozia.jpg
,,Isola di Foradada,iles,wikidata,Sassari,3,,43.2,35.2,0.0,0.0,8.0,0.0,0.0,0.0,8,,2,,inconnu,,,40.570000,8.151111,Q2595439,,http://commons.wikimedia.org/wiki/Special:FilePath/Isola%20Foradada.JPG
,,Monte Isola,iles,wikidata,Brescia,3,,43.2,35.2,0.0,0.0,8.0,0.0,0.0,0.0,8,,1,,inconnu,,,45.716667,10.083333,Q4203472,,http://commons.wikimedia.org/wiki/Special:FilePath/Monte%20Isola.jpg
,,Île de Giglio,iles,wikidata,Grosseto,3,,43.2,35.2,0.0,0.0,8.0,0.0,0.0,0.0,8,,1,,inconnu,,,42.365833,10.901944,Q13409862,,http://commons.wikimedia.org/wiki/Special:FilePath/Isola%20del%20Giglio-Campese.jpg
,,Orto dei Semplici Elbano,jardins,wikidata,Livourne,3,,54.2,28.7,0.0,12.4,8.0,5.0,0.0,0.0,5,,2,,inconnu,,,42.816667,10.400000,Q3886286,https://fr.wikipedia.org/wiki/Orto_dei_Semplici_elbano,http://commons.wikimedia.org/wiki/Special:FilePath/Orto%20dei%20Semplici%20Elbano%2001.jpg
,,Arboretum de Vallombrosa,jardins,wikidata,Florence,3,,53.0,28.7,0.0,11.2,8.0,5.0,0.0,0.0,5,,2,,inconnu,,,43.731120,11.554640,Q3621362,https://fr.wikipedia.org/wiki/Arboretum_de_Vallombrosa,http://commons.wikimedia.org/wiki/Special:FilePath/Arboreti%20di%20Vallombrosa%20.jpg
,,Jardin anglais,jardins,wikidata,Palerme,3,,52.6,28.7,0.0,10.7,8.0,5.0,0.0,0.0,5,,2,,inconnu,,,38.132500,13.351667,Q1522771,https://fr.wikipedia.org/wiki/Jardin_anglais_(Palerme),http://commons.wikimedia.org/wiki/Special:FilePath/Fountain%20in%20Giardino%20Inglese%2C%20Palermo%2C%20Sicily%2C%20Italy%20%289456347445%29.jpg
,,Jardins de la rotonde de Padoue,jardins,wikidata,Padoue,3,,52.4,28.7,0.0,10.7,8.0,5.0,0.0,0.0,5,,2,,inconnu,,,45.416300,11.875400,Q1061762,https://fr.wikipedia.org/wiki/Jardins_de_la_rotonde_de_Padoue,http://commons.wikimedia.org/wiki/Special:FilePath/Padova%20-%20Torrione%20della%20Gatta%20-%20Giardini%20della%20Rotonda%20-%20Marcok%202024-12-01%20019.jpeg
,,Jardin botanique alpin du château Savoie,jardins,wikidata,Aoste,3,,49.9,28.7,0.0,8.1,8.0,5.0,0.0,0.0,5,,3,,inconnu,,,45.763889,7.826667,Q2077168,https://fr.wikipedia.org/wiki/Jardin_botanique_alpin_du_ch%C3%A2teau_Savoie,http://commons.wikimedia.org/wiki/Special:FilePath/Gressoney-Saint-Jean-IMG%201574.JPG
,,Giardini Pubblici Indro Montanelli,jardins,wikidata,Milan,3,,49.0,41.0,0.0,0.0,8.0,0.0,0.0,0.0,12,,3,,inconnu,,,45.474444,9.200000,Q169090,,http://commons.wikimedia.org/wiki/Special:FilePath/Milano%2C%20Palazzo%20Dugnani%2C%202016-06%20CN-02.jpg
,,Gardens of Augustus,jardins,wikidata,Naples,3,,44.8,36.8,0.0,0.0,8.0,0.0,0.0,0.0,9,,1,,inconnu,,,40.547500,14.243333,Q600863,,http://commons.wikimedia.org/wiki/Special:FilePath/Giardini%20di%20Augusto%20001.JPG
,,Giardini della Biennale,jardins,wikidata,Venise,3,,44.8,36.8,0.0,0.0,8.0,0.0,0.0,0.0,9,,2,,inconnu,,,45.429017,12.357934,Q724170,,http://commons.wikimedia.org/wiki/Special:FilePath/Giardini%202007.jpg
,,Parque des basiliques,jardins,wikidata,Milan,3,,43.2,35.2,0.0,0.0,8.0,0.0,0.0,0.0,8,,3,,inconnu,,,45.455779,9.180037,Q3895557,,http://commons.wikimedia.org/wiki/Special:FilePath/Parco%20delle%20Basiliche%20San%20Lorenzo.jpg
,,Giardino Botanico Alpinia,jardins,wikidata,Verbano-Cusio-Ossola,3,,41.3,33.3,0.0,0.0,8.0,0.0,0.0,0.0,7,,3,,inconnu,,,45.881451,8.500669,Q1645232,,http://commons.wikimedia.org/wiki/Special:FilePath/Stresa%20-%20Giardino%20botanico%20Alpinia%20-%202025-09-13%2011-02-47%20008.JPG
,,Giardino Botanico Fondazione André Heller,jardins,wikidata,Brescia,3,,41.3,33.3,0.0,0.0,8.0,0.0,0.0,0.0,7,,3,,inconnu,,,45.620833,10.561944,Q2035053,,http://commons.wikimedia.org/wiki/Special:FilePath/Giardino%20Botanico%20Andre%20Heller%20Gardone%20Riviera.JPG
,,Minerva's Garden,jardins,wikidata,Salerne,3,,41.3,33.3,0.0,0.0,8.0,0.0,0.0,0.0,7,,2,,inconnu,,,40.681110,14.753720,Q3763918,,http://commons.wikimedia.org/wiki/Special:FilePath/GiardinodellaMinerva.jpg
,,The Gardens of Trauttmansdorff Castle,jardins,wikidata,Bolzano,3,,41.3,33.3,0.0,0.0,8.0,0.0,0.0,0.0,7,,2,,inconnu,,,46.660000,11.185000,Q894651,,http://commons.wikimedia.org/wiki/Special:FilePath/Botanischer%20Garten%20Meran%2039.JPG
,,Giardini Botanici Villa Taranto,jardins,wikidata,Verbano-Cusio-Ossola,3,,39.1,31.1,0.0,0.0,8.0,0.0,0.0,0.0,6,,2,,inconnu,,,45.925000,8.560000,Q61598900,,http://commons.wikimedia.org/wiki/Special:FilePath/Villa%20Taranto%20-%20Gartenterrasse%203.jpg
,,Jardin botanique de l'Isola Madre,jardins,wikidata,Verbano-Cusio-Ossola,3,,39.1,31.1,0.0,0.0,8.0,0.0,0.0,0.0,6,,2,,inconnu,,,45.911700,8.538200,Q5558578,,http://commons.wikimedia.org/wiki/Special:FilePath/Isola%20Madre.jpg
,,Parco Alessandrini,jardins,wikidata,Milan,3,,39.1,31.1,0.0,0.0,8.0,0.0,0.0,0.0,6,,2,,inconnu,,,45.449858,9.227314,Q3895396,,
,,Parco Forlanini,jardins,wikidata,Milan,3,,39.1,31.1,0.0,0.0,8.0,0.0,0.0,0.0,6,,2,,inconnu,,,45.464224,9.264951,Q3895399,,http://commons.wikimedia.org/wiki/Special:FilePath/Forlanini%20monlu%C3%A8%20011.JPG
,,Giardino Botanico Carsiana,jardins,wikidata,Trieste,3,,36.7,28.7,0.0,0.0,8.0,0.0,0.0,0.0,5,,2,,inconnu,,,45.732500,13.739700,Q3763875,,http://commons.wikimedia.org/wiki/Special:FilePath/Carsiana.jpg
,,Giardino Botanico Montano di Pratorondanino,jardins,wikidata,Gênes,3,,36.7,28.7,0.0,0.0,8.0,0.0,0.0,0.0,5,,2,,inconnu,,,44.528240,8.750820,Q3763892,,
,,Parco della Vernavola,jardins,wikidata,Pavie,3,,36.7,28.7,0.0,0.0,8.0,0.0,0.0,0.0,5,,2,,inconnu,,,45.207380,9.166460,Q49538172,,http://commons.wikimedia.org/wiki/Special:FilePath/Pavia-Vernavola%20Park.jpg
,,Villa Giulia,jardins,wikidata,Palerme,3,,36.7,28.7,0.0,0.0,8.0,0.0,0.0,0.0,5,,1,,inconnu,,,38.113510,13.375790,Q1291579,,http://commons.wikimedia.org/wiki/Special:FilePath/Palermo-Villa-Giulia-bjs-1.jpg
,,Villoresi Park,jardins,wikidata,Monza et Brianza,3,,36.7,28.7,0.0,0.0,8.0,0.0,0.0,0.0,5,,1,,inconnu,,,45.587869,9.245411,Q1777545,,http://commons.wikimedia.org/wiki/Special:FilePath/Villoresi%20Park%20view.jpg
,,Orto Botanico di Montemarcello,jardins,wikidata,La Spezia,3,,28.7,28.7,0.0,0.0,0.0,0.0,0.0,0.0,5,,1,aucune photo,inconnu,,,44.066667,9.950000,Q7105076,,
,,Lac de Barcis,lacs,wikidata,Pordenone,3,,66.0,33.3,0.0,19.2,8.0,5.0,0.0,0.0,7,,3,,inconnu,,,46.188506,12.565269,Q3825909,https://fr.wikipedia.org/wiki/Lac_de_Barcis,http://commons.wikimedia.org/wiki/Special:FilePath/Lago%20di%20Barcis%20%28Barcis%20Lake%29%20-%20Dint%20trail.jpg
,,Lac d'Ampola,lacs,wikidata,Trente,3,,65.9,33.3,0.0,19.5,8.0,5.0,0.0,0.0,7,,5,,inconnu,,,45.870600,10.652000,Q3825824,https://fr.wikipedia.org/wiki/Lac_d%27Ampola,http://commons.wikimedia.org/wiki/Special:FilePath/Lago%20d%27ampola.JPG
,,Lac de Campotosto,lacs,wikidata,L'Aquila,3,,65.8,43.3,0.0,9.2,8.0,5.0,0.0,0.0,14,,3,,inconnu,,,42.530833,13.383333,Q2518166,https://fr.wikipedia.org/wiki/Lac_de_Campotosto,http://commons.wikimedia.org/wiki/Special:FilePath/Lago%20di%20campotosto.jpg
,,Lago del Salto,lacs,wikidata,Rieti,3,,65.7,35.2,0.0,17.2,8.0,5.0,0.0,0.0,8,,2,,inconnu,,,42.252537,13.067894,Q3825859,https://fr.wikipedia.org/wiki/Lago_del_Salto,http://commons.wikimedia.org/wiki/Special:FilePath/Lago%20del%20Salto%21%21%20%287447648144%29.jpg
,,Lac d'Anterselva,lacs,wikidata,Bolzano,3,,65.2,36.8,0.0,14.8,8.0,5.0,0.0,0.0,9,,5,,inconnu,,,46.885833,12.166111,Q572562,https://fr.wikipedia.org/wiki/Lac_d%27Anterselva,http://commons.wikimedia.org/wiki/Special:FilePath/Lago%20di%20Anterselva.jpg
,,Lac Omodeo,lacs,wikidata,Oristano,3,,65.0,45.3,0.0,5.7,8.0,5.0,0.0,0.0,16,,3,,inconnu,,,40.135200,8.912900,Q878556,https://fr.wikipedia.org/wiki/Lac_Omodeo,http://commons.wikimedia.org/wiki/Special:FilePath/Lago%20Omodeo%20%2803%29.JPG
,,Lac de Segrino,lacs,wikidata,Côme,3,,65.0,33.3,0.0,18.5,8.0,5.0,0.0,0.0,7,,4,,inconnu,,,45.827620,9.264560,Q3825864,https://fr.wikipedia.org/wiki/Lac_de_Segrino,http://commons.wikimedia.org/wiki/Special:FilePath/Lake%20segrino.jpg
,,Lac de Mergozzo,lacs,wikidata,Verbano-Cusio-Ossola,3,,64.8,41.0,0.0,9.9,8.0,5.0,0.0,0.0,12,,3,,inconnu,,,45.955556,8.466667,Q1467712,https://fr.wikipedia.org/wiki/Lac_de_Mergozzo,http://commons.wikimedia.org/wiki/Special:FilePath/MergozzoToceJune032026%2005.jpg
,,Lac de Loppio,lacs,wikidata,Trente,3,,64.5,33.3,0.0,17.9,8.0,5.0,0.0,0.0,7,,5,,inconnu,,,45.863333,10.920000,Q3825970,https://fr.wikipedia.org/wiki/Lac_de_Loppio,http://commons.wikimedia.org/wiki/Special:FilePath/Lake%20Loppio%2C%20Lake%20Garda%2C%20Italy-LCCN2001700813.jpg
,,Lac de Bomba,lacs,wikidata,Chieti,3,,64.4,36.8,0.0,14.4,8.0,5.0,0.0,0.0,9,,3,,inconnu,,,42.000000,14.362000,Q834348,https://fr.wikipedia.org/wiki/Lac_de_Bomba,http://commons.wikimedia.org/wiki/Special:FilePath/Veduta%20panoramica%20di%20Pietraferrazzana.jpg
,,Lac de Levico,lacs,wikidata,Trente,3,,64.4,39.8,0.0,11.2,8.0,5.0,0.0,0.0,11,,5,,inconnu,,,46.013678,11.278208,Q1475787,https://fr.wikipedia.org/wiki/Lac_de_Levico,http://commons.wikimedia.org/wiki/Special:FilePath/Levico%20und%20der%20Levicosee.JPG
,,Lac de Pusiano,lacs,wikidata,Côme,3,,64.4,41.0,0.0,9.9,8.0,5.0,0.0,0.0,12,,4,,inconnu,,,45.801940,9.270830,Q63177,https://fr.wikipedia.org/wiki/Lac_de_Pusiano,http://commons.wikimedia.org/wiki/Special:FilePath/Pusiano%20Lake%20from%20Cornilozzo.jpg
,,Lac de Santa Giustina,lacs,wikidata,Trente,3,,64.4,35.2,0.0,15.9,8.0,5.0,0.0,0.0,8,,5,,inconnu,,,46.373122,11.049242,Q2222728,https://fr.wikipedia.org/wiki/Lac_de_Santa_Giustina,http://commons.wikimedia.org/wiki/Special:FilePath/Santa%20Giustina.jpg
,,Lac Massaciuccoli,lacs,wikidata,Lucques,3,,64.3,39.8,0.0,10.2,8.0,5.0,0.0,0.0,11,,3,,inconnu,,,43.833333,10.333333,Q1236114,https://fr.wikipedia.org/wiki/Lac_de_Massaciuccoli,http://commons.wikimedia.org/wiki/Special:FilePath/Massaciuccoli%20lake%20overview.jpg
,,Lac de Landro,lacs,wikidata,Bolzano,3,,64.1,39.8,0.0,10.6,8.0,5.0,0.0,0.0,11,,4,,inconnu,,,46.630000,12.231944,Q691103,https://fr.wikipedia.org/wiki/Lac_de_Landro,http://commons.wikimedia.org/wiki/Special:FilePath/Lake%20Landro%2C%20Italy.jpg
,,Lac d'Alleghe,lacs,wikidata,Belluno,3,,64.0,35.2,0.0,15.3,8.0,5.0,0.0,0.0,8,,2,,inconnu,,,46.406389,12.015556,Q3825896,https://fr.wikipedia.org/wiki/Lac_d%27Alleghe,http://commons.wikimedia.org/wiki/Special:FilePath/Alie%20rid.jpg
,,Lac de Barbellino,lacs,wikidata,Bergame,3,,63.3,35.2,0.0,15.0,8.0,5.0,0.0,0.0,8,,3,,inconnu,,,46.064444,10.052500,Q3825844,https://fr.wikipedia.org/wiki/Lac_de_Barbellino,http://commons.wikimedia.org/wiki/Special:FilePath/Lagobarbellino1.jpg
,,Lac de Caldonazzo,lacs,wikidata,Trente,3,,63.3,39.8,0.0,10.0,8.0,5.0,0.0,0.0,11,,4,,inconnu,,,46.018528,11.242444,Q1026494,https://fr.wikipedia.org/wiki/Lac_de_Caldonazzo,http://commons.wikimedia.org/wiki/Special:FilePath/Lago%20di%20caldonazzo.jpg
,,Lac de l'Ingagna,lacs,wikidata,Biella,3,,63.3,22.2,0.0,28.0,8.0,5.0,0.0,0.0,3,,2,,inconnu,oui,,45.529321,7.981782,Q3825869,https://fr.wikipedia.org/wiki/Lac_de_l%27Ingagna,http://commons.wikimedia.org/wiki/Special:FilePath/Lago%20ingagna%20da%20castellazzo%20sfondo%20mongrando.jpg
,,Lac de Mezzola,lacs,wikidata,Sondrio,3,,63.0,38.4,0.0,11.3,8.0,5.0,0.0,0.0,10,,1,,inconnu,,,46.200508,9.441033,Q1502960,https://fr.wikipedia.org/wiki/Lac_de_Mezzola,http://commons.wikimedia.org/wiki/Special:FilePath/Lago%20di%20Mezzola%2009.JPG
,,Lac Angitola,lacs,wikidata,Vibo Valentia,3,,62.9,38.4,0.0,11.4,8.0,5.0,0.0,0.0,10,,2,,inconnu,,,38.738800,16.238900,Q769551,https://fr.wikipedia.org/wiki/Lac_Angitola,http://commons.wikimedia.org/wiki/Special:FilePath/Bacino%20dell%27Angitola.jpg
,,Lagune d'Orbetello,lacs,wikidata,Grosseto,3,,62.9,35.2,0.0,14.2,8.0,5.0,0.0,0.0,8,,2,,inconnu,,,42.437500,11.194167,Q2250521,https://fr.wikipedia.org/wiki/Lagune_d%27Orbetello,http://commons.wikimedia.org/wiki/Special:FilePath/Orbetello%20-%20Dettaglio%20laguna%202.JPG
,,Lac d'Annone,lacs,wikidata,Lecco,3,,62.8,39.8,0.0,9.8,8.0,5.0,0.0,0.0,11,,2,,inconnu,,,45.811944,9.349444,Q63172,https://fr.wikipedia.org/wiki/Lac_d%27Annone,http://commons.wikimedia.org/wiki/Special:FilePath/Lagoannone001.jpg
,,Idroscalo di Milano,lacs,wikidata,Milan,3,,62.4,35.2,0.0,13.7,8.0,5.0,0.0,0.0,8,,2,,inconnu,,,45.461667,9.288611,Q2239600,https://fr.wikipedia.org/wiki/Idroscalo_(Milan),http://commons.wikimedia.org/wiki/Special:FilePath/Idroscalo%20di%20sera%20meglio.jpg
,,Lac de Vernago,lacs,wikidata,Bolzano,3,,62.3,36.8,0.0,12.3,8.0,5.0,0.0,0.0,9,,4,,inconnu,,,46.735556,10.836111,Q1654531,https://fr.wikipedia.org/wiki/Lac_de_Vernago,http://commons.wikimedia.org/wiki/Special:FilePath/Vernagtstausee.JPG
,,Lac de Toblino,lacs,wikidata,Trente,3,,62.2,35.2,0.0,13.5,8.0,5.0,0.0,0.0,8,,4,,inconnu,,,46.053361,10.965806,Q781019,https://fr.wikipedia.org/wiki/Lac_de_Toblino,http://commons.wikimedia.org/wiki/Special:FilePath/Lago%20di%20Toblino%2C%20vista%20da%20SP18%20dir%20Ranzo.jpg
,,Lac de Cavedine,lacs,wikidata,Trente,3,,62.1,33.3,0.0,15.6,8.0,5.0,0.0,0.0,7,,3,,inconnu,,,46.000960,10.950790,Q35722561,https://fr.wikipedia.org/wiki/Lac_de_Cavedine,http://commons.wikimedia.org/wiki/Special:FilePath/Le%20Marocche%20di%20Dro%20%28TN%29%20-%20panoramio.jpg
,,Lac de Baratz,lacs,wikidata,Sassari,3,,61.3,41.0,0.0,6.9,8.0,5.0,0.0,0.0,12,,2,,inconnu,,,40.680560,8.225560,Q946242,https://fr.wikipedia.org/wiki/Lac_de_Baratz,http://commons.wikimedia.org/wiki/Special:FilePath/Sassari%2C%20lago%20di%20Baratz%20%2802%29.jpg
,,Lac Sirio,lacs,wikidata,Turin,3,,60.8,38.4,0.0,9.1,8.0,5.0,0.0,0.0,10,,2,,inconnu,,,45.487000,7.884000,Q3825794,https://fr.wikipedia.org/wiki/Lac_Sirio,http://commons.wikimedia.org/wiki/Special:FilePath/Lago%20Sirio.jpg
,,Lac de Calaita,lacs,wikidata,Trente,3,,60.6,33.3,0.0,14.1,8.0,5.0,0.0,0.0,7,,3,,inconnu,,,46.203000,11.793000,Q3825920,https://fr.wikipedia.org/wiki/Lac_de_Calaita,http://commons.wikimedia.org/wiki/Special:FilePath/Lago%20di%20Calaita%2001.jpg
,,Lech dl Dragon,lacs,wikidata,Bolzano,3,,60.4,35.2,0.0,12.1,8.0,5.0,0.0,0.0,8,,3,,inconnu,,,46.534722,11.805000,Q1811289,https://fr.wikipedia.org/wiki/Lech_dl_Dragon,http://commons.wikimedia.org/wiki/Special:FilePath/Lech%20Dragon%20quater.jpg
,,Lac de Cavazzo,lacs,wikidata,Udine,3,,59.7,36.8,0.0,9.4,8.0,5.0,0.0,0.0,9,,2,,inconnu,,,46.328333,13.072500,Q1051808,https://fr.wikipedia.org/wiki/Lac_de_Cavazzo,http://commons.wikimedia.org/wiki/Special:FilePath/LagoCavazzo.jpg
,,Lac di Monate,lacs,wikidata,Varese,3,,59.6,42.2,0.0,4.1,8.0,5.0,0.0,0.0,13,,2,,inconnu,,,45.795278,8.661111,Q2259119,https://fr.wikipedia.org/wiki/Lac_de_Monate,http://commons.wikimedia.org/wiki/Special:FilePath/Travedona%2C%20Lago%20di%20Monate.jpg
,,Lac de Ganna,lacs,wikidata,Varese,3,,59.5,42.2,0.0,4.2,8.0,5.0,0.0,0.0,13,,2,,inconnu,,,45.897250,8.826240,Q1089655,https://fr.wikipedia.org/wiki/Lac_de_Ganna,http://commons.wikimedia.org/wiki/Special:FilePath/Lago%20di%20Ganna.JPG
,,Lac de Valvestino,lacs,wikidata,Brescia,3,,59.3,33.3,0.0,12.8,8.0,5.0,0.0,0.0,7,,2,,inconnu,,,45.715740,10.608970,Q1800436,https://fr.wikipedia.org/wiki/Lac_de_Valvestino,http://commons.wikimedia.org/wiki/Special:FilePath/Lago%20di%20Valvestino%201.jpg
,,Lac Naturel de Barbellino,lacs,wikidata,Bergame,3,,59.2,35.2,0.0,11.0,8.0,5.0,0.0,0.0,8,,2,,inconnu,,,46.077778,10.084167,Q3825846,https://fr.wikipedia.org/wiki/Lac_Naturel_de_Barbellino,http://commons.wikimedia.org/wiki/Special:FilePath/LagoBarbellino1.jpg
,,Lac du Predil,lacs,wikidata,Udine,3,,59.2,35.2,0.0,10.7,8.0,5.0,0.0,0.0,8,,2,,inconnu,,,46.416667,13.566667,Q3825861,https://fr.wikipedia.org/wiki/Lac_du_Predil,http://commons.wikimedia.org/wiki/Special:FilePath/Lago%20del%20Predil%2C%20Tarvisio%2C%202013.jpg
,,Lac de San Valentino alla Muta,lacs,wikidata,Bolzano,3,,59.1,35.2,0.0,10.6,8.0,5.0,0.0,0.0,8,,3,,inconnu,,,46.754444,10.531944,Q1569127,https://fr.wikipedia.org/wiki/Lac_de_San_Valentino_alla_Muta,http://commons.wikimedia.org/wiki/Special:FilePath/Aerial%20image%20of%20Haidersee%20%28view%20from%20the%20south%29.jpg
,,Lac de Sauris,lacs,wikidata,Udine,3,,59.1,33.3,0.0,12.5,8.0,5.0,0.0,0.0,7,,2,,inconnu,,,46.449444,12.723333,Q3826046,https://fr.wikipedia.org/wiki/Lac_de_Sauris,http://commons.wikimedia.org/wiki/Special:FilePath/Staumauer%20vom%20Lago%20di%20Sauris%2007102007%2003.jpg
,,Lac de Pilate,lacs,wikidata,Ascoli Piceno,3,,58.9,31.1,0.0,14.2,8.0,5.0,0.0,0.0,6,,2,,inconnu,,,42.826178,13.265216,Q1059016,https://fr.wikipedia.org/wiki/Lac_de_Pilate,http://commons.wikimedia.org/wiki/Special:FilePath/Montevettore001.jpg
,,Réserve naturelle des Salines de Margherita di Savoia,lacs,wikidata,Barletta-Andria-Trani,3,,58.9,28.7,0.0,16.3,8.0,5.0,0.0,0.0,5,,2,,inconnu,oui,,41.389300,16.063400,Q3936711,https://fr.wikipedia.org/wiki/R%C3%A9serve_naturelle_des_Salines_de_Margherita_di_Savoia,http://commons.wikimedia.org/wiki/Special:FilePath/Riserva%20naturale%20Salina%20di%20Margherita%20di%20Savoia.jpg
,,Lac de Serraia,lacs,wikidata,Trente,3,,58.7,33.3,0.0,12.3,8.0,5.0,0.0,0.0,7,,3,,inconnu,,,46.136910,11.255660,Q3825886,https://fr.wikipedia.org/wiki/Lac_de_Serraia,http://commons.wikimedia.org/wiki/Special:FilePath/Serraia.jpg
,,Lac de Fondi,lacs,wikidata,Latina,3,,58.6,41.0,0.0,4.4,8.0,5.0,0.0,0.0,12,,1,,inconnu,,,41.324000,13.333000,Q3825952,https://fr.wikipedia.org/wiki/Lac_de_Fondi,http://commons.wikimedia.org/wiki/Special:FilePath/Lago%20di%20Fondi%202012%20by-RaBoe%2001.jpg
,,Lac de Scanno,lacs,wikidata,L'Aquila,3,,58.4,36.8,0.0,7.6,8.0,5.0,0.0,0.0,9,,2,,inconnu,,,41.920000,13.863889,Q1072254,https://fr.wikipedia.org/wiki/Lac_de_Scanno,http://commons.wikimedia.org/wiki/Special:FilePath/Lago%20di%20Scanno%20dji%20mini%203%20pro.jpg
,,Lac de Neves,lacs,wikidata,Bolzano,3,,58.3,33.3,0.0,11.9,8.0,5.0,0.0,0.0,7,,3,,inconnu,,,46.946389,11.782222,Q1761445,https://fr.wikipedia.org/wiki/Lac_de_Neves,http://commons.wikimedia.org/wiki/Special:FilePath/Nevesstausee%202002.jpg
,,Lac de Ghirla,lacs,wikidata,Varese,3,,58.2,38.4,0.0,6.6,8.0,5.0,0.0,0.0,10,,2,,inconnu,,,45.916944,8.821667,Q1081290,https://fr.wikipedia.org/wiki/Lac_de_Ghirla,http://commons.wikimedia.org/wiki/Special:FilePath/Lago%20di%20ghirla.jpg
,,Lac Pistono,lacs,wikidata,Turin,3,,58.0,33.3,0.0,11.6,8.0,5.0,0.0,0.0,7,,2,,inconnu,,,45.493000,7.874500,Q3825757,https://fr.wikipedia.org/wiki/Lac_Pistono,http://commons.wikimedia.org/wiki/Special:FilePath/Lago%20Pistono%203.jpg
,,Lac de Lases,lacs,wikidata,Trente,3,,57.8,33.3,0.0,11.5,8.0,5.0,0.0,0.0,7,,3,,inconnu,,,46.140597,11.221289,Q3825965,https://fr.wikipedia.org/wiki/Lac_de_Lases,http://commons.wikimedia.org/wiki/Special:FilePath/Lases74.JPG
,,Lac de lavarone,lacs,wikidata,Trente,3,,57.7,33.3,0.0,11.3,8.0,5.0,0.0,0.0,7,,3,,inconnu,,,45.936500,11.252800,Q3825962,https://fr.wikipedia.org/wiki/Lac_de_Lavarone,http://commons.wikimedia.org/wiki/Special:FilePath/Lavarone-lake%20Lavarone%202.jpg
,,Lac d'Alserio,lacs,wikidata,Côme,3,,57.4,38.4,0.0,5.9,8.0,5.0,0.0,0.0,10,,2,,inconnu,,,45.786389,9.216667,Q1110115,https://fr.wikipedia.org/wiki/Lac_d%27Alserio,http://commons.wikimedia.org/wiki/Special:FilePath/Alserio.jpg
,,Lac d'Antermoia,lacs,wikidata,Trente,3,,57.4,33.3,0.0,10.9,8.0,5.0,0.0,0.0,7,,3,,inconnu,,,46.477900,11.660300,Q3825822,https://fr.wikipedia.org/wiki/Lac_d%27Antermoia,http://commons.wikimedia.org/wiki/Special:FilePath/Lago%20d%27Antermoia.jpg
,,Lac de Piediluco,lacs,wikidata,Terni,3,,57.4,33.3,0.0,10.5,8.0,5.0,0.0,0.0,7,,2,,inconnu,,,42.531389,12.758333,Q3215512,https://fr.wikipedia.org/wiki/Lac_de_Piediluco,http://commons.wikimedia.org/wiki/Special:FilePath/Lago%20di%20Piediluco%20con%20il%20paese.jpg
,,Lac d'Endine,lacs,wikidata,Bergame,3,,57.2,38.4,0.0,5.4,8.0,5.0,0.0,0.0,10,,2,,inconnu,,,45.778610,9.939440,Q917288,https://fr.wikipedia.org/wiki/Lac_d%27Endine,http://commons.wikimedia.org/wiki/Special:FilePath/Endine%20lago.jpg
,,Lac de Comabbio,lacs,wikidata,Varese,3,,57.0,36.8,0.0,6.8,8.0,5.0,0.0,0.0,9,,2,,inconnu,,,45.761944,8.691389,Q1094718,https://fr.wikipedia.org/wiki/Lac_de_Comabbio,http://commons.wikimedia.org/wiki/Special:FilePath/Lago%20di%20Comabbio.JPG
,,Lac d'Ortiglieto,lacs,wikidata,Gênes,3,,56.8,31.1,0.0,12.6,8.0,5.0,0.0,0.0,6,,2,,inconnu,,,44.569167,8.603889,Q3825996,https://fr.wikipedia.org/wiki/Lac_d%27Ortiglieto,http://commons.wikimedia.org/wiki/Special:FilePath/Lago%20di%20Ortiglieto%202016.png
,,Lac du Grand-Saint-Bernard,lacs,wikidata,Aoste,3,,56.3,33.3,0.0,9.5,8.0,5.0,0.0,0.0,7,,2,,inconnu,,,45.868611,7.167222,Q5600028,https://fr.wikipedia.org/wiki/Lac_du_Grand-Saint-Bernard,http://commons.wikimedia.org/wiki/Special:FilePath/Lac%20du%20Great%20St%20Bernard%20Pass%2C%202010%20August.JPG
,,Lac Ampollino,lacs,wikidata,Crotone,3,,56.2,35.2,0.0,7.8,8.0,5.0,0.0,0.0,8,,2,,inconnu,,,39.200000,16.633333,Q2885882,https://fr.wikipedia.org/wiki/Lac_Ampollino,http://commons.wikimedia.org/wiki/Special:FilePath/Lago%20Ampollino.jpeg
,,Lac Liscia,lacs,wikidata,Olbia-Tempio,3,,55.6,35.2,0.0,6.8,8.0,5.0,0.0,0.0,8,,2,,inconnu,,,41.000695,9.263964,Q3215012,https://fr.wikipedia.org/wiki/Lac_Liscia,http://commons.wikimedia.org/wiki/Special:FilePath/Luras%20-%20Lago%20Liscia%20%2803%29.JPG
,,Lac du Miage,lacs,wikidata,Aoste,3,,55.5,31.1,0.0,11.1,8.0,5.0,0.0,0.0,6,,2,,inconnu,,,45.778385,6.870667,Q3825848,https://fr.wikipedia.org/wiki/Lac_du_Miage,http://commons.wikimedia.org/wiki/Special:FilePath/LagodelMiage.jpg
,,Lac Arancio,lacs,wikidata,Agrigento,3,,55.3,35.2,0.0,6.9,8.0,5.0,0.0,0.0,8,,2,,inconnu,,,37.634600,13.062400,Q3825627,https://fr.wikipedia.org/wiki/Lac_Arancio,http://commons.wikimedia.org/wiki/Special:FilePath/Lagoarancio.jpg
,,Lac d'Auronzo,lacs,wikidata,Belluno,3,,55.3,31.1,0.0,10.9,8.0,5.0,0.0,0.0,6,,2,,inconnu,,,46.543986,12.450793,Q3825901,https://fr.wikipedia.org/wiki/Lac_d%27Auronzo,http://commons.wikimedia.org/wiki/Special:FilePath/Auronzo%20cadore%20dolomiti%20belluno%20autunno.jpg
,,Lac de Canterno,lacs,wikidata,Frosinone,3,,55.2,35.2,0.0,6.8,8.0,5.0,0.0,0.0,8,,1,,inconnu,,,41.751000,13.250000,Q3215397,https://fr.wikipedia.org/wiki/Lac_de_Canterno,http://commons.wikimedia.org/wiki/Special:FilePath/Lago%20di%20Canterno.JPG
,,Lac de Chiusi,lacs,wikidata,Sienne,3,,55.2,35.2,0.0,6.7,8.0,5.0,0.0,0.0,8,,2,,inconnu,,,43.056142,11.965497,Q655536,https://fr.wikipedia.org/wiki/Lac_de_Chiusi,http://commons.wikimedia.org/wiki/Special:FilePath/Lago%20di%20chiusi1.jpg
,,Lagune de Caorle,lacs,wikidata,Venise,3,,55.1,31.1,0.0,10.8,8.0,5.0,0.0,0.0,6,,1,,inconnu,,,45.656389,12.891667,Q3216286,https://fr.wikipedia.org/wiki/Lagune_de_Caorle,http://commons.wikimedia.org/wiki/Special:FilePath/Scorcio%20di%20laguna%20-%20panoramio.jpg
,,Lac de Candia,lacs,wikidata,Turin,3,,55.0,35.2,0.0,6.5,8.0,5.0,0.0,0.0,8,,1,,inconnu,,,45.333333,7.883333,Q962235,https://fr.wikipedia.org/wiki/Lac_de_Candia,http://commons.wikimedia.org/wiki/Special:FilePath/Riflesso%20montagne%20sul%20Lago%20di%20Candia.jpg
,,Lac Salso,lacs,wikidata,Foggia,3,,54.6,31.1,0.0,10.4,8.0,5.0,0.0,0.0,6,,1,,inconnu,,,41.559142,15.872841,Q949581,https://fr.wikipedia.org/wiki/Lac_Salso,http://commons.wikimedia.org/wiki/Special:FilePath/Prati%20allagati.jpg
,,Lac de Mezzano,lacs,wikidata,Viterbo,3,,54.4,33.3,0.0,8.0,8.0,5.0,0.0,0.0,7,,1,,inconnu,,,42.611667,11.769722,Q1052521,https://fr.wikipedia.org/wiki/Lac_de_Mezzano,http://commons.wikimedia.org/wiki/Special:FilePath/Lago%20di%20Mezzano.jpg
,,Lago di Valdurna,lacs,wikidata,Bolzano,3,,54.3,31.1,0.0,10.1,8.0,5.0,0.0,0.0,6,,3,,inconnu,,,46.742778,11.443611,Q1267415,https://fr.wikipedia.org/wiki/Lac_de_Valdurna,http://commons.wikimedia.org/wiki/Special:FilePath/Sarntal%20Durnholzer%20See.jpg
,,Lac de Garlate,lacs,wikidata,Lecco,3,,54.2,35.2,0.0,5.7,8.0,5.0,0.0,0.0,8,,2,,inconnu,,,45.819444,9.402778,Q63161,https://fr.wikipedia.org/wiki/Lac_de_Garlate,http://commons.wikimedia.org/wiki/Special:FilePath/LagoGarlate001.jpg
,,Lac d'Occhito,lacs,wikidata,Campobasso,3,,53.7,33.3,0.0,7.2,8.0,5.0,0.0,0.0,7,,1,,inconnu,,,41.580000,14.945000,Q724869,https://fr.wikipedia.org/wiki/Lac_d%27Occhito,http://commons.wikimedia.org/wiki/Special:FilePath/Occhito14012012.JPG
,,Lac de Lentini,lacs,wikidata,Syracuse,3,,53.6,33.3,0.0,7.0,8.0,5.0,0.0,0.0,7,,2,,inconnu,,,37.323000,14.950000,Q3825975,https://fr.wikipedia.org/wiki/Lac_de_Lentini,http://commons.wikimedia.org/wiki/Special:FilePath/Lago%20di%20Lentini.JPG
,,Lac de Burano,lacs,wikidata,Grosseto,3,,53.5,31.1,0.0,9.2,8.0,5.0,0.0,0.0,6,,1,,inconnu,,,42.401111,11.377778,Q3825918,https://fr.wikipedia.org/wiki/Lac_de_Burano,http://commons.wikimedia.org/wiki/Special:FilePath/Lago%20di%20Burano%20%28GR%29.jpg
,,Lac de Prà della Stua,lacs,wikidata,Trente,3,,53.4,31.1,0.0,9.3,8.0,5.0,0.0,0.0,6,,3,,inconnu,,,45.772810,10.900200,Q18022857,https://fr.wikipedia.org/wiki/Lac_de_Pr%C3%A0_della_Stua,http://commons.wikimedia.org/wiki/Special:FilePath/Lago%20di%20Pr%C3%A0%20della%20Stua%2003.jpg
,,Lac Cecita,lacs,wikidata,Cosenza,3,,53.3,33.3,0.0,6.8,8.0,5.0,0.0,0.0,7,,2,,inconnu,,,39.383000,16.520000,Q3825664,https://fr.wikipedia.org/wiki/Lac_Cecita,http://commons.wikimedia.org/wiki/Special:FilePath/Lago%20cecita.jpg
,,Lac de Sabaudia,lacs,wikidata,Latina,3,,53.3,31.1,0.0,9.1,8.0,5.0,0.0,0.0,6,,1,,inconnu,,,41.278889,13.027222,Q3825995,https://fr.wikipedia.org/wiki/Lac_de_Sabaudia,http://commons.wikimedia.org/wiki/Special:FilePath/Lago%20paola.JPG
,,Lac d'Ogliastro,lacs,wikidata,Enna,3,,52.5,33.3,0.0,6.1,8.0,5.0,0.0,0.0,7,,2,,inconnu,,,37.445000,14.570000,Q3825998,https://fr.wikipedia.org/wiki/Lac_d%27Ogliastro,http://commons.wikimedia.org/wiki/Special:FilePath/LagoOgliastro.JPG
,,Lac Misérin,lacs,wikidata,Aoste,3,,52.3,31.1,0.0,8.0,8.0,5.0,0.0,0.0,6,,2,,inconnu,,,45.599400,7.522500,Q3215066,https://fr.wikipedia.org/wiki/Lac_Mis%C3%A9rin,http://commons.wikimedia.org/wiki/Special:FilePath/Lago%20Miserin.JPG
,,Lac Vadimo,lacs,wikidata,Viterbo,3,,51.0,31.1,0.0,14.7,0.0,5.0,0.0,0.0,6,,1,aucune photo,inconnu,,,42.484145,12.323192,Q3826072,https://fr.wikipedia.org/wiki/Lac_Vadimo,
,,Lac Arvo,lacs,wikidata,Cosenza,3,,50.8,31.1,0.0,6.5,8.0,5.0,0.0,0.0,6,,2,,inconnu,,,39.240000,16.500000,Q3825626,https://fr.wikipedia.org/wiki/Lac_Arvo,http://commons.wikimedia.org/wiki/Special:FilePath/Lago%20Arvo2.jpeg
,,Lac de Gramolazzo,lacs,wikidata,Lucques,3,,49.4,31.1,0.0,5.1,8.0,5.0,0.0,0.0,6,,1,,inconnu,,,44.163611,10.251111,Q3825961,https://fr.wikipedia.org/wiki/Lac_de_Gramolazzo,http://commons.wikimedia.org/wiki/Special:FilePath/Minucciano-Castagnola-lago1.JPG
,,Lago Delio,lacs,wikidata,Varese,3,,49.0,41.0,0.0,0.0,8.0,0.0,0.0,0.0,12,,2,,inconnu,,,46.077222,8.754722,Q1574784,,http://commons.wikimedia.org/wiki/Special:FilePath/Lago%20d%27Elio.JPG
,,Valli di Comacchio,lacs,wikidata,Ferrare,3,,47.8,39.8,0.0,0.0,8.0,0.0,0.0,0.0,11,,2,,inconnu,,,44.615300,12.166900,Q1891671,,http://commons.wikimedia.org/wiki/Special:FilePath/Saline%20di%20Comacchio.JPG
,,Lago del Turano,lacs,wikidata,Rieti,3,,46.4,38.4,0.0,0.0,8.0,0.0,0.0,0.0,10,,1,,inconnu,,,42.210978,12.956572,Q2623043,,http://commons.wikimedia.org/wiki/Special:FilePath/Lago%20del%20Turano%202020.jpg
,,Lago di Livigno,lacs,wikidata,Sondrio,3,,46.4,38.4,0.0,0.0,8.0,0.0,0.0,0.0,10,,1,,inconnu,,,46.622222,10.193333,Q672495,,http://commons.wikimedia.org/wiki/Special:FilePath/LagoDelGallo.JPG
,,Lac Sorapiss,lacs,wikidata,Belluno,3,,44.8,36.8,0.0,0.0,8.0,0.0,0.0,0.0,9,,1,,inconnu,,,46.520400,12.223600,Q15410555,,http://commons.wikimedia.org/wiki/Special:FilePath/Lago%20di%20Sorapis%201.jpg
,,Lac d'Antorno,lacs,wikidata,Belluno,3,,44.8,36.8,0.0,0.0,8.0,0.0,0.0,0.0,9,,1,,inconnu,,,46.595100,12.265400,Q2217047,,http://commons.wikimedia.org/wiki/Special:FilePath/Lake%20de%20Antorno%202.jpg
,,Lago Coghinas,lacs,wikidata,Olbia-Tempio,3,,44.8,36.8,0.0,0.0,8.0,0.0,0.0,0.0,9,,1,,inconnu,,,40.748428,9.046383,Q1403009,,http://commons.wikimedia.org/wiki/Special:FilePath/Oschiri%20-%20Lago%20Coghinas%20%2807%29.JPG
,,Lago di Barrea,lacs,wikidata,L'Aquila,3,,44.8,36.8,0.0,0.0,8.0,0.0,0.0,0.0,9,,2,,inconnu,,,41.763060,13.967220,Q3290960,,http://commons.wikimedia.org/wiki/Special:FilePath/Aerial%20image%20of%20Lago%20di%20Barrea%20%28view%20from%20the%20southeast%29.jpg
,,Gusana,lacs,wikidata,Nuoro,3,,43.2,35.2,0.0,0.0,8.0,0.0,0.0,0.0,8,,1,,inconnu,,,40.131770,9.204480,Q3825955,,http://commons.wikimedia.org/wiki/Special:FilePath/LagoGusana.JPG
,,Lago della Busalletta,lacs,wikidata,Alessandria,3,,43.2,35.2,0.0,0.0,8.0,0.0,0.0,0.0,8,,1,,inconnu,,,44.567500,8.921111,Q779394,,http://commons.wikimedia.org/wiki/Special:FilePath/Lago%20della%20Busalletta.JPG
,,Lago di Piana degli Albanesi,lacs,wikidata,Palerme,3,,43.2,35.2,0.0,0.0,8.0,0.0,0.0,0.0,8,,1,,inconnu,,,37.973000,13.300000,Q1800431,,http://commons.wikimedia.org/wiki/Special:FilePath/LagoPianaDegliAlbanesi.JPG
,,Lago di Piano,lacs,wikidata,Côme,3,,43.2,35.2,0.0,0.0,8.0,0.0,0.0,0.0,8,,2,,inconnu,,,46.038889,9.163611,Q1131376,,http://commons.wikimedia.org/wiki/Special:FilePath/Lake%20Piano.jpg
,,Lago di Santa Croce,lacs,wikidata,Belluno,3,,43.2,35.2,0.0,0.0,8.0,0.0,0.0,0.0,8,,1,,inconnu,,,46.105700,12.335800,Q1800433,,http://commons.wikimedia.org/wiki/Special:FilePath/Lago%20di%20Santa%20Croce.jpg
,,Laghi del Gorzente,lacs,wikidata,Alessandria,3,,41.3,33.3,0.0,0.0,8.0,0.0,0.0,0.0,7,,1,,inconnu,,,44.550556,8.821667,Q917585,,http://commons.wikimedia.org/wiki/Special:FilePath/Laghi-Gorzente.jpg
,,Lago Pozzillo,lacs,wikidata,Enna,3,,41.3,33.3,0.0,0.0,8.0,0.0,0.0,0.0,7,,1,,inconnu,,,37.660556,14.589167,Q499239,,http://commons.wikimedia.org/wiki/Special:FilePath/Lago%20Pozzillo%20dal%20castello%20di%20Agira%202.jpg
,,Lago del Brugneto,lacs,wikidata,Gênes,3,,41.3,33.3,0.0,0.0,8.0,0.0,0.0,0.0,7,,2,,inconnu,,,44.539444,9.191944,Q533574,,http://commons.wikimedia.org/wiki/Special:FilePath/Lago%20del%20Brugneto%20veduta.jpg
,,Lago del Mucrone,lacs,wikidata,Biella,3,,41.3,33.3,0.0,0.0,8.0,0.0,0.0,0.0,7,,1,,inconnu,,,45.628056,7.942500,Q3825856,,http://commons.wikimedia.org/wiki/Special:FilePath/Lago%20mucrone%20da%20monte%20rosso.jpg
,,Lago della Vacca,lacs,wikidata,Brescia,3,,41.3,33.3,0.0,0.0,8.0,0.0,0.0,0.0,7,,2,,inconnu,,,45.954722,10.438611,Q3825894,,http://commons.wikimedia.org/wiki/Special:FilePath/Lago%20della%20Vacca%201.jpg
,,Lago di Ancipa,lacs,wikidata,Enna,3,,41.3,33.3,0.0,0.0,8.0,0.0,0.0,0.0,7,,1,,inconnu,,,37.835700,14.561400,Q1088991,,http://commons.wikimedia.org/wiki/Special:FilePath/Lago%20Ancipa.JPG
,,Lago di Bilancino,lacs,wikidata,Florence,3,,41.3,33.3,0.0,0.0,8.0,0.0,0.0,0.0,7,,1,,inconnu,,,43.977222,11.263333,Q3825916,,http://commons.wikimedia.org/wiki/Special:FilePath/Bilancino%2001.jpg
,,Lago di Coca,lacs,wikidata,Bergame,3,,41.3,33.3,0.0,0.0,8.0,0.0,0.0,0.0,7,,2,,inconnu,,,46.063056,9.999722,Q3825933,,http://commons.wikimedia.org/wiki/Special:FilePath/LagodiCoca.jpg
,,Lech Sant,lacs,wikidata,Bolzano,3,,41.3,33.3,0.0,0.0,8.0,0.0,0.0,0.0,7,,3,,inconnu,,,46.586459,11.729461,Q1811284,,http://commons.wikimedia.org/wiki/Special:FilePath/Lechsant%20Sella.jpg
,,Estany del Càlic,lacs,wikidata,Sassari,3,,39.1,31.1,0.0,0.0,8.0,0.0,0.0,0.0,6,,1,,inconnu,,,40.596140,8.299913,Q3968023,,http://commons.wikimedia.org/wiki/Special:FilePath/Alghero%20-%20Stagno%20di%20Calich%20%2807%29.jpg
,,Lago Aviolo,lacs,wikidata,Brescia,3,,39.1,31.1,0.0,0.0,8.0,0.0,0.0,0.0,6,,2,,inconnu,,,46.194444,10.413333,Q3825634,,http://commons.wikimedia.org/wiki/Special:FilePath/Lago%20d%27Aviolo%20in%20Val%20Paghera.jpg
,,Lago Biviere,lacs,wikidata,Messine,3,,39.1,31.1,0.0,0.0,8.0,0.0,0.0,0.0,6,,1,,inconnu,,,37.952670,14.715583,Q3825642,,http://commons.wikimedia.org/wiki/Special:FilePath/Lagobiviere.jpg
,,Lago Boracifero,lacs,wikidata,Grosseto,3,,39.1,31.1,0.0,0.0,8.0,0.0,0.0,0.0,6,,1,,inconnu,,,43.154583,10.811528,Q3825652,,http://commons.wikimedia.org/wiki/Special:FilePath/MonterotondoMarittimoLagoBoraciferoLake5.jpg
,,Lago Fanaco,lacs,wikidata,Palerme,3,,39.1,31.1,0.0,0.0,8.0,0.0,0.0,0.0,6,,1,,inconnu,,,37.664663,13.551722,Q741081,,
,,Lago Santa Rosalia,lacs,wikidata,Ragusa,3,,39.1,31.1,0.0,0.0,8.0,0.0,0.0,0.0,6,,1,,inconnu,,,36.975000,14.775833,Q782685,,http://commons.wikimedia.org/wiki/Special:FilePath/Lago%20santa%20rosalia01.jpg
,,Lago d'Arno,lacs,wikidata,Brescia,3,,39.1,31.1,0.0,0.0,8.0,0.0,0.0,0.0,6,,2,,inconnu,,,46.046643,10.442885,Q3825834,,http://commons.wikimedia.org/wiki/Special:FilePath/Lago%20d%27Arno.jpg
,,Lago delle Trote,lacs,wikidata,Bergame,3,,39.1,31.1,0.0,0.0,8.0,0.0,0.0,0.0,6,,2,,inconnu,,,46.051389,9.780278,Q1147433,,http://commons.wikimedia.org/wiki/Special:FilePath/LagoTrote1.jpg
,,Lago di Giacopiane,lacs,wikidata,Gênes,3,,39.1,31.1,0.0,0.0,8.0,0.0,0.0,0.0,6,,1,,inconnu,,,44.461111,9.394722,Q1800424,,http://commons.wikimedia.org/wiki/Special:FilePath/Giacopiane-IMG%200582.JPG
,,Lago di Malciaussia,lacs,wikidata,Turin,3,,39.1,31.1,0.0,0.0,8.0,0.0,0.0,0.0,6,,1,,inconnu,,,45.206944,7.141667,Q3825978,,http://commons.wikimedia.org/wiki/Special:FilePath/Lago%20di%20Malciaussia%20ghiacciato.jpg
,,Lago di Montepulciano,lacs,wikidata,Sienne,3,,39.1,31.1,0.0,0.0,8.0,0.0,0.0,0.0,6,,1,,inconnu,,,43.091667,11.924722,Q1236752,,http://commons.wikimedia.org/wiki/Special:FilePath/Lago%20di%20Montepulciano%20con%20drone.jpg
,,Lago di Rascino,lacs,wikidata,Rieti,3,,39.1,31.1,0.0,0.0,8.0,0.0,0.0,0.0,6,,1,,inconnu,,,42.347778,13.147778,Q3826025,,http://commons.wikimedia.org/wiki/Special:FilePath/Rascino.jpg
,,Lagune du Mort,lacs,wikidata,Venise,3,,39.1,31.1,0.0,0.0,8.0,0.0,0.0,0.0,6,,1,,inconnu,,,45.539121,12.746930,Q3826136,,http://commons.wikimedia.org/wiki/Special:FilePath/LagunaDelMort%201.jpg
,,Stubensee,lacs,wikidata,Bolzano,3,,39.1,31.1,0.0,0.0,8.0,0.0,0.0,0.0,6,,3,,inconnu,,,46.974722,11.285000,Q953113,,http://commons.wikimedia.org/wiki/Special:FilePath/Stubensee.jpg
,,Villa Lysis,maisons,wikidata,Naples,3,descend,70.8,38.4,0.0,16.9,8.0,5.0,0.0,0.0,10,,3,,inconnu,,,40.559167,14.259722,Q934070,https://fr.wikipedia.org/wiki/Villa_Lysis,http://commons.wikimedia.org/wiki/Special:FilePath/Villa%20Lysis%202635.jpg
,,Villa Medicea di Fiesole,maisons,wikidata,Florence,3,,70.7,42.2,0.0,14.1,8.0,5.0,0.0,0.0,13,,3,,inconnu,,,43.805717,11.289117,Q206365,https://fr.wikipedia.org/wiki/Villa_Medicea_di_Fiesole,http://commons.wikimedia.org/wiki/Special:FilePath/Villa%20medici%20di%20belcanto%2C%20veduta%2000.JPG
,,Villa Mondragone,maisons,wikidata,Rome,3,,70.6,41.0,0.0,15.7,8.0,5.0,0.0,0.0,12,,1,,inconnu,,,41.809111,12.696889,Q1241849,https://fr.wikipedia.org/wiki/Villa_Mondragone,http://commons.wikimedia.org/wiki/Special:FilePath/Villa%20mondragone%20view.jpg
,,Musée archéologique national de Cividale del Friuli,maisons,wikidata,Udine,3,,70.4,25.8,0.0,24.3,8.0,5.0,0.0,7.1,4,,3,,inconnu,,,46.093594,13.431767,Q3867697,https://fr.wikipedia.org/wiki/Mus%C3%A9e_arch%C3%A9ologique_national_de_Cividale_del_Friuli,http://commons.wikimedia.org/wiki/Special:FilePath/Cividale%2C%20man%2C%20esterno%2C%20palazzo%20palladio.JPG
,,Villa Angarano,maisons,wikidata,Vicence,3,,70.3,42.2,0.0,14.5,8.0,5.0,0.0,0.0,13,,5,,inconnu,,,45.780556,11.723611,Q2299483,https://fr.wikipedia.org/wiki/Villa_Angarano,http://commons.wikimedia.org/wiki/Special:FilePath/VillaAngarano%202007%2007%2016%2001.jpg
,,Palazzo Centurione Gio. Battista,maisons,label,Gênes,3,,70.2,22.2,40.0,0.0,8.0,0.0,0.0,0.0,3,unesco,4,,inconnu,oui,,44.412100,8.928990,Q3890206,,http://commons.wikimedia.org/wiki/Special:FilePath/PalazzoGioBattistaCenturione2.jpg
,,Palazzo Croce De Marini,maisons,label,Gênes,3,,70.2,22.2,40.0,0.0,8.0,0.0,0.0,0.0,3,unesco,4,,inconnu,oui,,44.408802,8.929420,Q3889992,,http://commons.wikimedia.org/wiki/Special:FilePath/Palazzo%20De%20Marini-Croce.jpg
,,Villa Chiericati,maisons,wikidata,Vicence,3,,70.2,41.0,0.0,15.7,8.0,5.0,0.0,0.0,12,,4,,inconnu,,,45.503100,11.643900,Q2722026,https://fr.wikipedia.org/wiki/Villa_Chiericati,http://commons.wikimedia.org/wiki/Special:FilePath/VillaChiericati%202007%2007%2018%202.jpg
,,Palazzo Donn'Anna,maisons,wikidata,Naples,3,,69.9,43.3,0.0,11.6,8.0,5.0,0.0,0.0,14,,3,,inconnu,,,40.819900,14.214300,Q718790,https://fr.wikipedia.org/wiki/Palazzo_Donn%27Anna,http://commons.wikimedia.org/wiki/Special:FilePath/Napoli%20-%20Palazzo%20Donnanna.jpg
,,Villa Pisani,maisons,wikidata,Padoue,3,,69.4,41.0,0.0,14.6,8.0,5.0,0.0,0.0,12,,3,,inconnu,,,45.230530,11.469650,Q2705507,https://fr.wikipedia.org/wiki/Villa_Pisani_(Montagnana),http://commons.wikimedia.org/wiki/Special:FilePath/VillaPisani%20Montagnana2007%2007%2011%201.jpg
,,Villa Piovene,maisons,wikidata,Vicence,3,,68.5,39.8,0.0,15.2,8.0,5.0,0.0,0.0,11,,4,,inconnu,,,45.747751,11.533216,Q2506967,https://fr.wikipedia.org/wiki/Villa_Piovene,http://commons.wikimedia.org/wiki/Special:FilePath/VillaPiovene20070707-1%20rect.jpg
,,Villa Valmarana,maisons,wikidata,Vicence,3,,68.4,41.0,0.0,13.6,8.0,5.0,0.0,0.0,12,,4,,inconnu,,,45.579800,11.610300,Q2721458,https://fr.wikipedia.org/wiki/Villa_Valmarana_(Lisiera),http://commons.wikimedia.org/wiki/Special:FilePath/VillaValmaranaScagnolariZen%202007%2007%2016%2001.jpg
,,Villa Rosebery,maisons,wikidata,Naples,3,,67.9,39.8,0.0,12.9,8.0,5.0,0.0,0.0,11,,3,,inconnu,,,40.800605,14.204972,Q1631971,https://fr.wikipedia.org/wiki/Villa_Rosebery,http://commons.wikimedia.org/wiki/Special:FilePath/Napoli%20-%20Villa%20Rosebery%20%28Posillipo%29.jpg
,,Villa Forni Cerato,maisons,wikidata,Vicence,3,,67.6,42.2,0.0,12.0,8.0,5.0,0.0,0.0,13,,4,,inconnu,,,45.656389,11.562222,Q2598094,https://fr.wikipedia.org/wiki/Villa_Forni_Cerato,http://commons.wikimedia.org/wiki/Special:FilePath/VillaForniCerato%202007%2007%2016%2001.jpg
,,Villa Olmo,maisons,wikidata,Côme,3,,67.6,36.8,0.0,15.3,8.0,5.0,0.0,0.0,9,,3,,inconnu,,,45.818957,9.065372,Q1516590,https://fr.wikipedia.org/wiki/Villa_Olmo,http://commons.wikimedia.org/wiki/Special:FilePath/Villa%20dell%20Olmo%20Como.jpg
,,Villa Valmarana Bressan,maisons,wikidata,Vicence,3,,67.0,38.4,0.0,15.2,8.0,5.0,0.0,0.0,10,,3,,inconnu,,,45.607400,11.584400,Q2722506,https://fr.wikipedia.org/wiki/Villa_Valmarana_Bressan,http://commons.wikimedia.org/wiki/Special:FilePath/VillaValmaranaBresson20070717-8.jpg
,,Palais Riso,maisons,wikidata,Palerme,3,,66.6,31.1,0.0,12.6,8.0,5.0,0.0,9.5,6,,1,,inconnu,,,38.116330,13.363147,Q1421391,https://fr.wikipedia.org/wiki/Palais_Riso,http://commons.wikimedia.org/wiki/Special:FilePath/Palazzo%20Blemonte%20Riso.jpg
,,Villa Zeno,maisons,wikidata,Venise,3,,66.6,39.8,0.0,13.4,8.0,5.0,0.0,0.0,11,,2,,inconnu,,,45.700278,12.643056,Q2271810,https://fr.wikipedia.org/wiki/Villa_Zeno,http://commons.wikimedia.org/wiki/Special:FilePath/Cessalto%20Villa%20Zeno%20FoNo.jpg
,,Musée archéologique national Jatta,maisons,wikidata,Bari,3,,66.2,25.8,0.0,22.8,8.0,5.0,0.0,4.3,4,,2,,inconnu,,,41.113611,16.485833,Q3867701,https://fr.wikipedia.org/wiki/Mus%C3%A9e_arch%C3%A9ologique_national_Jatta,http://commons.wikimedia.org/wiki/Special:FilePath/CortilePalazzojatta2.jpg
,,Casa-museo Boschi Di Stefano,maisons,wikidata,Milan,3,,66.1,28.7,0.0,15.7,8.0,5.0,0.0,8.2,5,,1,,inconnu,,,45.478935,9.211667,Q3661033,https://fr.wikipedia.org/wiki/Casa-museo_Boschi_Di_Stefano,http://commons.wikimedia.org/wiki/Special:FilePath/Casa%20museo%20Boschi-Di%20Stefano%20Milano.jpg
,,Villa Aurelia,maisons,wikidata,Lecco,3,,66.0,42.2,0.0,10.1,8.0,5.0,0.0,0.0,13,,1,,inconnu,,,45.962633,9.301227,Q98211889,https://fr.wikipedia.org/wiki/Villa_Aurelia_(Lierna),http://commons.wikimedia.org/wiki/Special:FilePath/Lago%20di%20Como%2C%20Lierna%2C%20Lombardy%2C%20Italy%20-%20panoramio%20%281%29.jpg
,,Villa Erba,maisons,wikidata,Côme,3,,65.6,35.2,0.0,14.4,8.0,5.0,0.0,0.0,8,,1,,inconnu,,,45.838080,9.077190,Q891095,https://fr.wikipedia.org/wiki/Villa_Erba,http://commons.wikimedia.org/wiki/Special:FilePath/Villa%20Erba%20004.JPG
,,Maison-musée Pascoli,maisons,wikidata,Lucques,3,,65.5,33.3,0.0,17.1,8.0,5.0,0.0,2.0,7,,1,,inconnu,,,44.084163,10.462714,Q3661337,https://fr.wikipedia.org/wiki/Maison-mus%C3%A9e_Pascoli,http://commons.wikimedia.org/wiki/Special:FilePath/Casa-pascoli-barga.jpg
,,Musée national du judaïsme italien et de la Shoah,maisons,wikidata,Ferrare,3,,65.2,33.3,0.0,9.8,8.0,5.0,0.0,9.0,7,,2,,inconnu,,,44.835487,11.613415,Q20744415,https://fr.wikipedia.org/wiki/Mus%C3%A9e_national_du_juda%C3%AFsme_italien_et_de_la_Shoah,http://commons.wikimedia.org/wiki/Special:FilePath/Museo%20Nazionale%20dell%27Ebraismo%20Italiano%20e%20della%20Shoah%20%28MEIS%29%20sede.jpg
,,Casa Santi,maisons,wikidata,Pesaro et Urbin,3,,64.9,31.1,0.0,10.0,8.0,5.0,0.0,10.4,6,,2,,inconnu,,,43.727046,12.635355,Q2940761,https://fr.wikipedia.org/wiki/Casa_Santi,http://commons.wikimedia.org/wiki/Special:FilePath/Urbino%2C%20casa%20di%20raffello%2001.JPG
,,Villa Verdi,maisons,wikidata,Parme,3,,64.1,31.1,0.0,15.0,8.0,5.0,0.0,4.4,6,,2,,inconnu,,,45.005494,10.036544,Q21076815,https://fr.wikipedia.org/wiki/Villa_Verdi,http://commons.wikimedia.org/wiki/Special:FilePath/Sant%27Agata%2001.jpg
,,Villa Medicea di Cafaggiolo,maisons,wikidata,Florence,3,,64.0,38.4,0.0,11.7,8.0,5.0,0.0,0.0,10,,2,,inconnu,,,43.964717,11.295168,Q1808591,https://fr.wikipedia.org/wiki/Villa_Medicea_di_Cafaggiolo,http://commons.wikimedia.org/wiki/Special:FilePath/Cafaggiolo-Villa%20front%20large.jpg
,,Fondation Magnani-Rocca,maisons,wikidata,Parme,3,,63.4,28.7,0.0,12.8,8.0,5.0,0.0,7.7,5,,2,,inconnu,,,44.667649,10.348469,Q3747192,https://fr.wikipedia.org/wiki/Fondation_Magnani-Rocca,http://commons.wikimedia.org/wiki/Special:FilePath/La%20Villa%20dei%20Capolavori%20della%20Fondazione%20Magnani-Rocca.jpg
,,Villa Arnaldi,maisons,wikidata,Vicence,3,,63.4,38.4,0.0,11.9,8.0,5.0,0.0,0.0,10,,3,,inconnu,,,45.426389,11.426111,Q2298571,https://fr.wikipedia.org/wiki/Villa_Arnaldi,http://commons.wikimedia.org/wiki/Special:FilePath/Villa%20Arnaldi%2020070717-2.jpg
,,Villa Melzi d'Eril,maisons,wikidata,Côme,3,,63.1,35.2,0.0,12.2,8.0,5.0,0.0,0.0,8,,1,,inconnu,,,45.979090,9.253190,Q650088,https://fr.wikipedia.org/wiki/Villa_Melzi,http://commons.wikimedia.org/wiki/Special:FilePath/Bellagio%20-%20Villa%20Melzi%20d%27Eril%20-%20202109110047.jpg
,,Galerie d'Art moderne,maisons,wikidata,Florence,3,,62.8,28.7,0.0,20.5,8.0,5.0,0.0,0.0,5,,2,,inconnu,,,43.765652,11.250392,Q3094628,https://fr.wikipedia.org/wiki/Galerie_d%27Art_moderne_de_Florence,http://commons.wikimedia.org/wiki/Special:FilePath/Palazzo%20pitti%20galleria%20arte%20moderna%201.jpg
,,Maison de Carlo Goldoni,maisons,wikidata,Venise,3,,62.6,33.3,0.0,9.7,8.0,5.0,0.0,6.0,7,,2,,inconnu,,,45.436154,12.328261,Q856400,https://fr.wikipedia.org/wiki/Maison_de_Carlo_Goldoni,http://commons.wikimedia.org/wiki/Special:FilePath/Casa%20goldoni%2C%2001.jpg
,,Église San Paolo Converso,maisons,wikidata,Milan,3,,62.3,36.8,0.0,12.3,8.0,5.0,0.0,0.0,9,,1,,inconnu,,,45.457271,9.187553,Q3671553,https://fr.wikipedia.org/wiki/%C3%89glise_San_Paolo_Converso,http://commons.wikimedia.org/wiki/Special:FilePath/IMG%205474%20-%20Milano%20-%20San%20Paolo%20Converso%20-%20Foto%20Giovanni%20Dall%27Orto%20-%2021-Febr-2007.jpg
,,Villa Floridiana,maisons,wikidata,Naples,3,,62.2,39.8,0.0,8.8,8.0,5.0,0.0,0.0,11,,1,,inconnu,,,40.839400,14.230050,Q718315,https://fr.wikipedia.org/wiki/Villa_Floridiana,http://commons.wikimedia.org/wiki/Special:FilePath/Villa%20floridiana02.jpg
,,Villa Serego,maisons,wikidata,Vérone,3,,61.9,36.8,0.0,11.7,8.0,5.0,0.0,0.0,9,,2,,inconnu,,,45.499444,10.925556,Q2299393,https://fr.wikipedia.org/wiki/Villa_Serego,http://commons.wikimedia.org/wiki/Special:FilePath/VillaSarego20110707-1.jpg
,,Villa Saraceno,maisons,wikidata,Vicence,3,,61.7,39.8,0.0,8.4,8.0,5.0,0.0,0.0,11,,3,,inconnu,,,45.312500,11.566389,Q387517,https://fr.wikipedia.org/wiki/Villa_Saraceno,http://commons.wikimedia.org/wiki/Special:FilePath/VillaSaraCeno2007%2007%2011%201.jpg
,,Villa Ravera,maisons,wikidata,Turin,3,,61.5,36.8,0.0,11.5,8.0,5.0,0.0,0.0,9,,2,,inconnu,,,45.464194,7.872444,Q92953255,https://fr.wikipedia.org/wiki/Villa_Ravera,http://commons.wikimedia.org/wiki/Special:FilePath/Villa%20Ravera%202.jpg
,,Musée archéologique national de Ferrare,maisons,wikidata,Ferrare,3,,61.4,31.1,0.0,10.4,8.0,5.0,0.0,6.6,6,,2,,inconnu,,,44.827500,11.627100,Q637189,https://fr.wikipedia.org/wiki/Mus%C3%A9e_arch%C3%A9ologique_national_de_Ferrare,http://commons.wikimedia.org/wiki/Special:FilePath/Palazzo%20costabili%2C%20ext.%2002.JPG
,,Museo Civico Ala Ponzone,maisons,wikidata,Crémone,3,,61.2,28.7,0.0,13.0,8.0,5.0,0.0,6.0,5,,1,,inconnu,,,45.137917,10.020917,Q6940464,https://fr.wikipedia.org/wiki/Museo_Civico_Ala_Ponzone,http://commons.wikimedia.org/wiki/Special:FilePath/Cremona%2C%20museo%20civico%2C%20ingresso.JPG
,,Villa Medicea del Trebbio,maisons,wikidata,Florence,3,,61.0,38.4,0.0,8.9,8.0,5.0,0.0,0.0,10,,2,,inconnu,,,43.953056,11.286667,Q1862652,https://fr.wikipedia.org/wiki/Villa_Medicea_del_Trebbio,http://commons.wikimedia.org/wiki/Special:FilePath/Villa%20medicea%20del%20trebbio%2C%2010.jpg
,,Musée Mille Miglia,maisons,wikidata,Brescia,3,,60.7,25.8,0.0,16.2,8.0,5.0,0.0,5.2,4,,1,,inconnu,,,45.524672,10.267108,Q3868042,https://fr.wikipedia.org/wiki/Mus%C3%A9e_Mille_Miglia,http://commons.wikimedia.org/wiki/Special:FilePath/Mille%20Miglia%20Museum.jpg
,,Villa Nobel,maisons,wikidata,Imperia,3,,60.3,36.8,0.0,8.9,8.0,5.0,0.0,0.0,9,,2,,inconnu,,,43.821268,7.792770,Q55348831,https://fr.wikipedia.org/wiki/Villa_Nobel,http://commons.wikimedia.org/wiki/Special:FilePath/Villa%20Nobel%2C%20Sanremo%2C%20Italy%20-%20Image%20from%20Flickr%20490340495.jpg
,,Musée civique Pier Alessandro Garda,maisons,wikidata,Turin,3,,59.5,31.1,0.0,12.3,8.0,5.0,0.0,3.0,6,,2,,inconnu,,,45.467560,7.878226,Q55165339,https://fr.wikipedia.org/wiki/Mus%C3%A9e_civique_Pier_Alessandro_Garda,http://commons.wikimedia.org/wiki/Special:FilePath/Museo%20civico%20Pier%20Alessandro%20Garda.jpg
,,Villa Arrigona,maisons,wikidata,Mantoue,3,,58.8,35.2,0.0,10.5,8.0,5.0,0.0,0.0,8,,1,,inconnu,,,44.971390,11.048970,Q28668608,https://fr.wikipedia.org/wiki/Villa_Arrigona,http://commons.wikimedia.org/wiki/Special:FilePath/Villa%20Arrigona%20Facciata.jpg
,,Pinacothèque communale de Volterra,maisons,wikidata,Pise,3,,58.3,25.8,0.0,11.4,8.0,5.0,0.0,7.7,4,,1,,inconnu,,,43.402683,10.859601,Q3181094,https://fr.wikipedia.org/wiki/Pinacoth%C3%A8que_communale_(Volterra),http://commons.wikimedia.org/wiki/Special:FilePath/Volterra-pinacoteca.jpg
,,Villa Mariani,maisons,wikidata,Imperia,3,,57.7,25.8,0.0,16.3,8.0,5.0,0.0,2.0,4,,2,,inconnu,,,43.782172,7.672350,Q20250707,https://fr.wikipedia.org/wiki/Villa_Mariani_(Bordighera),http://commons.wikimedia.org/wiki/Special:FilePath/Villa%20Mariani%2C%20facciata.jpg
,,Casa Boccaccio,maisons,wikidata,Florence,3,,57.3,25.8,0.0,10.2,8.0,5.0,0.0,8.0,4,,2,,inconnu,,,43.548981,11.044250,Q2940748,https://fr.wikipedia.org/wiki/Casa_Boccaccio,http://commons.wikimedia.org/wiki/Special:FilePath/Casa%20Boccaccio.JPG
,,Palazzo Viti,maisons,wikidata,Pise,3,,56.8,25.8,0.0,12.3,8.0,5.0,0.0,5.0,4,,1,,inconnu,,,43.402611,10.860833,Q3361347,https://fr.wikipedia.org/wiki/Palazzo_Viti,http://commons.wikimedia.org/wiki/Special:FilePath/869VolterraPalIncontriViti.JPG
,,Civica raccolta delle stampe Achille Bertarelli,maisons,wikidata,Milan,3,,56.7,28.7,0.0,14.8,8.0,5.0,0.0,0.0,5,,1,,inconnu,,,45.469392,9.179700,Q3678764,https://fr.wikipedia.org/wiki/Civica_raccolta_delle_stampe_Achille_Bertarelli,http://commons.wikimedia.org/wiki/Special:FilePath/Scultori%20Adamo%20-%20Hercules%20at%20the%20crossroads.jpg
,,Maison natale de Giuseppe Verdi,maisons,wikidata,Parme,3,,56.4,25.8,0.0,12.8,8.0,5.0,0.0,4.2,4,,2,,inconnu,,,44.952020,10.072340,Q3280232,https://fr.wikipedia.org/wiki/Maison_natale_de_Giuseppe_Verdi,http://commons.wikimedia.org/wiki/Special:FilePath/Rodn%C3%BD%20d%C5%AFm%20Giuseppe%20Verdiho%20v%20Roncole%20-%20It%C3%A1lie%20-%20panoramio.jpg
,,Maison de Mosse,maisons,wikidata,Aoste,3,,56.2,25.8,0.0,17.2,8.0,5.0,0.0,0.1,4,,2,,inconnu,,,45.705810,7.126080,Q12912417,https://fr.wikipedia.org/wiki/Maison_de_Mosse,http://commons.wikimedia.org/wiki/Special:FilePath/Maison%20de%20Mosse%20abc7.JPG
,,Museo della battaglia e di Anghiari,maisons,wikidata,Arezzo,3,,55.6,25.8,0.0,13.1,8.0,5.0,0.0,3.6,4,,1,,inconnu,,,43.540827,12.056415,Q24938870,https://fr.wikipedia.org/wiki/Mus%C3%A9e_de_la_bataille_d%27Anghiari,http://commons.wikimedia.org/wiki/Special:FilePath/Palazzo%20Battaglia%20gabriele%20mazzi%20XXVIII.jpg
,,Teatro dell'Aquila,maisons,wikidata,Fermo,3,,55.3,33.3,0.0,8.9,8.0,5.0,0.0,0.0,7,,1,,inconnu,,,43.160382,13.717670,Q3982289,https://fr.wikipedia.org/wiki/Teatro_dell%27Aquila,http://commons.wikimedia.org/wiki/Special:FilePath/Fermo%20-%20Teatro%20dell%27Aquila.JPG
,,Villa Lacchia,maisons,wikidata,Turin,3,,55.1,35.2,0.0,6.7,8.0,5.0,0.0,0.0,8,,1,,inconnu,,,45.469444,7.870389,Q97621435,https://fr.wikipedia.org/wiki/Villa_Botalla,http://commons.wikimedia.org/wiki/Special:FilePath/Villa%20Lacchia%203%203.jpg
,,Villa Napoleonica,maisons,wikidata,Livourne,3,,54.2,28.7,0.0,9.3,8.0,5.0,0.0,0.0,5,,1,,inconnu,,,42.785531,10.280392,Q4012768,https://fr.wikipedia.org/wiki/Villa_Napoleonica,http://commons.wikimedia.org/wiki/Special:FilePath/Villa%20di%20San%20Martino%2001.jpg
,,Musée archéologique de Pithecusae,maisons,wikidata,Naples,3,,54.0,25.8,0.0,11.9,8.0,5.0,0.0,3.1,4,,1,,inconnu,,,40.752511,13.883081,Q3867690,https://fr.wikipedia.org/wiki/Mus%C3%A9e_arch%C3%A9ologique_de_Pithecusae,http://commons.wikimedia.org/wiki/Special:FilePath/Lacco%20Ameno%20Archaeologisches%20Museum%2001%20RK01.jpg
,,Musée naval romain,maisons,wikidata,Savone,3,,54.0,25.8,0.0,12.6,8.0,5.0,0.0,2.4,4,,2,,inconnu,,,44.048702,8.212646,Q3330748,https://fr.wikipedia.org/wiki/Mus%C3%A9e_naval_romain,http://commons.wikimedia.org/wiki/Special:FilePath/Anfore%20palazzo%20Peloso%20Cepolla.jpg
,,Musée du papier d'Amalfi,maisons,wikidata,Salerne,3,,53.7,28.7,0.0,11.5,8.0,5.0,0.0,0.0,5,,1,,inconnu,,,40.639710,14.600144,Q3868061,https://fr.wikipedia.org/wiki/Mus%C3%A9e_du_papier_d%27Amalfi,http://commons.wikimedia.org/wiki/Special:FilePath/PaperMillMusemAmalfi.JPG
,,Centre de Production Rai de Naples,maisons,wikidata,Naples,3,,53.6,25.8,0.0,14.6,8.0,5.0,0.0,0.0,4,,1,,inconnu,,,40.827003,14.189444,Q3664742,https://fr.wikipedia.org/wiki/Centre_de_production_Rai_de_Naples,http://commons.wikimedia.org/wiki/Special:FilePath/Paolo%20Monti%20-%20Servizio%20fotografico%20%28Napoli%2C%201966%29%20-%20BEIC%206355865.jpg
,,Maison Rossini,maisons,wikidata,Pesaro et Urbin,3,,51.8,25.8,0.0,8.2,8.0,5.0,0.0,4.5,4,,2,,inconnu,,,43.910760,12.913866,Q3661158,https://fr.wikipedia.org/wiki/Maison_Rossini,http://commons.wikimedia.org/wiki/Special:FilePath/Pesaro%20casa%20di%20rossini.jpg
,,Biblioteca comunale Classense,maisons,wikidata,Ravenne,3,,51.6,25.8,0.0,0.0,8.0,0.0,0.0,17.8,4,,1,,inconnu,,,44.414325,12.200024,Q3639574,,http://commons.wikimedia.org/wiki/Special:FilePath/Ingresso%20biblioteca%20Classense%20Ravenna.JPG
,,Casa di Ludovico Ariosto,maisons,wikidata,Ferrare,3,,51.5,28.7,0.0,8.8,8.0,5.0,0.0,0.9,5,,1,,inconnu,,,44.844346,11.616865,Q2940779,https://fr.wikipedia.org/wiki/Casa_di_Ludovico_Ariosto,http://commons.wikimedia.org/wiki/Special:FilePath/02%20Casa%20di%20Ludovico%20Ariosto%20-%20Ferrara.jpg
,,Volandia,maisons,wikidata,Varese,3,,50.6,28.7,0.0,0.0,8.0,0.0,0.0,13.9,5,,1,,inconnu,,,45.629960,8.706107,Q4016080,,http://commons.wikimedia.org/wiki/Special:FilePath/Museo%20Volandia%2C%20ingresso%20%28Somma%20Lombardo%29.jpg
,,Musée Municipal du Palais de la Reggio d'Émilie,maisons,wikidata,Reggio d'Émilie,3,,48.1,28.7,0.0,0.0,8.0,0.0,0.0,11.4,5,,1,,inconnu,,,44.700228,10.632031,Q55368931,,http://commons.wikimedia.org/wiki/Special:FilePath/Il%20palazzo%20dei%20musei.jpg
,,Gipsoteca canoviana,maisons,wikidata,Trévise,3,,47.2,28.7,0.0,0.0,8.0,0.0,0.0,10.5,5,,2,,inconnu,,,45.851750,11.874910,Q3768553,,http://commons.wikimedia.org/wiki/Special:FilePath/Sale%20Gipsoteca%20canoviana%2009.jpg
,,Birthplace of Gabriele D'Annunzio Museum,maisons,wikidata,Pescara,3,,46.6,25.8,0.0,0.0,8.0,0.0,0.0,12.8,4,,2,,inconnu,,,42.460990,14.211818,Q3867751,,http://commons.wikimedia.org/wiki/Special:FilePath/Pescara%202007%20-Casa%20natale%20di%20Gabriele%20D%27Annunzio-%20by-RaBoe%2006.jpg
,,Fondazione Querini Stampalia,maisons,wikidata,Venise,3,,45.9,28.7,0.0,0.0,8.0,0.0,0.0,9.2,5,,2,,inconnu,,,45.437748,12.341961,Q3747209,,http://commons.wikimedia.org/wiki/Special:FilePath/Paolo%20Monti%20-%20Servizio%20fotografico%20%28Venezia%2C%201963%29%20-%20BEIC%206337245.jpg
,,Galerie Internationale d'Art Moderne,maisons,wikidata,Venise,3,,44.8,25.8,0.0,0.0,8.0,0.0,0.0,11.0,4,,2,,inconnu,,,45.441540,12.327703,Q3940563,,http://commons.wikimedia.org/wiki/Special:FilePath/Ca%27Pesaro%20di%20Baldassarre%20Longhena%20facciata%20sul%20Canal%20Grande.jpg
,,Garibaldi Museum in Caprera,maisons,wikidata,Olbia-Tempio,3,,43.9,25.8,0.0,0.0,8.0,0.0,0.0,10.1,4,,2,,inconnu,,,41.216135,9.461870,Q3685090,,http://commons.wikimedia.org/wiki/Special:FilePath/La%20Maddalena%2C%20compendio%20garibaldino%20di%20Caprera%20%2802%29.jpg
,,Museo Fortuny,maisons,wikidata,Venise,3,,43.4,25.8,0.0,0.0,8.0,0.0,0.0,9.6,4,,2,,inconnu,,,45.435320,12.332080,Q616676,,http://commons.wikimedia.org/wiki/Special:FilePath/Palazzo%20Fortuny%2C%20gi%C3%A0%20Pesaro%20Orfei.jpg
,,Villa Grock,maisons,wikidata,Imperia,3,,43.3,31.1,0.0,0.0,8.0,0.0,0.0,4.2,6,,1,,inconnu,,,43.894415,8.044674,Q2525201,,http://commons.wikimedia.org/wiki/Special:FilePath/Villa%20Grock%20southeast.JPG
,,Museo Sartorio,maisons,wikidata,Trieste,3,,40.8,28.7,0.0,0.0,8.0,0.0,0.0,4.1,5,,2,,inconnu,,,45.646209,13.763208,Q1954272,,http://commons.wikimedia.org/wiki/Special:FilePath/Trieste%20-%20Museo%20Sartorio%2001.jpg
,,Kleines Berlin,maisons,wikidata,Trieste,3,,39.2,28.7,0.0,0.0,8.0,0.0,0.0,2.5,5,,2,,inconnu,,,45.655815,13.779586,Q3815828,,http://commons.wikimedia.org/wiki/Special:FilePath/Kleine%20Berlin%20Trieste%201.jpg
,,Casa Carducci,maisons,wikidata,Bologne,3,,39.1,28.7,0.0,0.0,8.0,0.0,0.0,2.4,5,,1,,inconnu,,,44.488180,11.356791,Q3661081,,http://commons.wikimedia.org/wiki/Special:FilePath/Casa%20Carducci%20%28Bologna%29.jpg
,,Grazia Deledda's Museum,maisons,wikidata,Nuoro,3,,38.9,25.8,0.0,0.0,8.0,0.0,0.0,5.1,4,,2,,inconnu,,,40.323760,9.336848,Q3867990,,http://commons.wikimedia.org/wiki/Special:FilePath/Nuoro%2C%20casa%20di%20grazia%20deledda%2001.jpg
,,Museo storico Giuseppe Garibaldi,maisons,wikidata,Côme,3,,38.7,25.8,0.0,0.0,8.0,0.0,0.0,4.9,4,,1,,inconnu,,,45.808427,9.086186,Q3868468,,http://commons.wikimedia.org/wiki/Special:FilePath/Museo%20garibaldi.JPG
,,Palazzo Barolo,maisons,wikidata,Turin,3,,37.3,25.8,0.0,0.0,8.0,0.0,0.0,3.5,4,,1,,inconnu,,,45.074640,7.678670,Q3889607,,http://commons.wikimedia.org/wiki/Special:FilePath/Palazzo%20barolo%2C%2013.JPG
,,Musée des Grigne,maisons,wikidata,Lecco,3,,37.2,28.7,0.0,0.0,8.0,0.0,0.0,0.5,5,,1,,inconnu,,,45.996080,9.332500,Q3868123,,http://commons.wikimedia.org/wiki/Special:FilePath/Museo%20delle%20Grigne%20Esino%20Lario%20Nuova%20sede%20Parco%20Villa%20Clotilde.jpg
,,Casa Alcide de Gasperi museum,maisons,wikidata,Trente,3,,37.1,25.8,0.0,0.0,8.0,0.0,0.0,3.3,4,,2,,inconnu,,,46.067703,11.612773,Q16580527,,http://commons.wikimedia.org/wiki/Special:FilePath/Museo%20Casa%20De%20Gasperi.JPG
,,Musée-maison Lodovico Pogliaghi,maisons,wikidata,Varese,3,,36.0,25.8,0.0,0.0,8.0,0.0,0.0,2.2,4,,1,,inconnu,,,45.858968,8.793668,Q18416869,,http://commons.wikimedia.org/wiki/Special:FilePath/Santa%20Maria%20del%20Monte%20-%20Casa%20Museo%20Lodovico%20Pogliaghi%200256.JPG
,,Maison de Machiavel,maisons,wikidata,Florence,3,,35.8,25.8,0.0,0.0,8.0,0.0,0.0,2.0,4,,2,,inconnu,,,43.683774,11.199172,Q984263,,http://commons.wikimedia.org/wiki/Special:FilePath/Faltignano%2C%20casa%20di%20machiavelli%2C%2002.JPG
,,Museo Ebraico - Fausto Levi - di Soragna,maisons,wikidata,Parme,3,,35.8,25.8,0.0,0.0,8.0,0.0,0.0,2.0,4,,1,,inconnu,,,44.927250,10.123000,Q33014801,,http://commons.wikimedia.org/wiki/Special:FilePath/Museo%20ebraico%20Fausto%20Levi%20%28Soragna%29%20-%20facciata%202%202023-08-05.jpg
,,Capitolar Museum of Atri,maisons,wikidata,Teramo,3,,35.4,25.8,0.0,0.0,8.0,0.0,0.0,1.6,4,,2,,inconnu,,,42.580501,13.979661,Q3867749,,http://commons.wikimedia.org/wiki/Special:FilePath/Atri%202011%20by-RaBoe%20137.jpg
,,Ozieri civic archaeological museum,maisons,wikidata,Sassari,3,,35.3,25.8,0.0,0.0,8.0,0.0,0.0,1.5,4,,1,,inconnu,,,40.585878,9.003730,Q3867785,,http://commons.wikimedia.org/wiki/Special:FilePath/Museo%20Civico%20Archeologico%20Alle%20Clarisse.jpg
,,Cumes,megalithes,wikidata,Naples,3,,106.3,62.6,0.0,22.8,8.0,5.0,0.0,0.0,49,,5,disparu ou démoli (1207),inconnu,,,40.848611,14.053611,Q243456,https://fr.wikipedia.org/wiki/Cumes,http://commons.wikimedia.org/wiki/Special:FilePath/Cumae%20acropolis%20seen%20from%20lower%20city%20AvL.JPG
,,Élée,megalithes,wikidata,Salerne,3,,99.8,62.9,0.0,14.6,8.0,5.0,0.0,0.0,50,,4,,inconnu,,,40.159444,15.154444,Q272968,https://fr.wikipedia.org/wiki/%C3%89l%C3%A9e,http://commons.wikimedia.org/wiki/Special:FilePath/Velia%20Excavation%20and%20Tower.jpg
,,Lavinium,megalithes,wikidata,Rome,3,,83.5,48.7,0.0,14.7,8.0,5.0,0.0,0.0,20,,5,,inconnu,,,41.653100,12.472600,Q1352586,https://fr.wikipedia.org/wiki/Lavinium,http://commons.wikimedia.org/wiki/Special:FilePath/Pratica%20di%20mare%2020140125%20n.jpg
,,Via Flaminia,megalithes,wikidata,Terni,3,,83.4,57.8,0.0,9.8,8.0,5.0,0.0,0.0,36,,3,,inconnu,,,42.730330,12.586810,Q374149,https://fr.wikipedia.org/wiki/Via_Flaminia,http://commons.wikimedia.org/wiki/Special:FilePath/Via%20Flaminia.jpg
,,Bovillae,megalithes,wikidata,Rome,3,,82.1,42.2,0.0,26.4,8.0,5.0,0.0,0.0,13,,5,,inconnu,,,41.757500,12.621700,Q743694,https://fr.wikipedia.org/wiki/Bovillae,http://commons.wikimedia.org/wiki/Special:FilePath/Campagna%20Marinese%20vicino%20l%27antica%20Bovillae.JPG
,,Locres Épizéfirienne,megalithes,wikidata,Reggio de Calabre,3,,81.0,38.4,0.0,27.7,8.0,5.0,0.0,0.0,10,,3,,inconnu,,,38.236420,16.259895,Q3836325,https://fr.wikipedia.org/wiki/Locri_Epizefiri,http://commons.wikimedia.org/wiki/Special:FilePath/Locri-strada.jpg
,,Pont de pierre,megalithes,wikidata,Vérone,3,,80.3,52.1,0.0,13.2,8.0,5.0,0.0,0.0,25,,3,,inconnu,,,45.447772,11.000000,Q540546,https://fr.wikipedia.org/wiki/Pont_de_pierre_(V%C3%A9rone),http://commons.wikimedia.org/wiki/Special:FilePath/River%20Adidge%2C%20Verona%20%2829128157235%29.jpg
,,Monte Bolca,megalithes,wikidata,Vérone,3,,80.2,38.4,0.0,28.1,8.0,5.0,0.0,0.0,10,,3,,inconnu,,,45.595278,11.210000,Q1413204,https://fr.wikipedia.org/wiki/Monte_Bolca,http://commons.wikimedia.org/wiki/Special:FilePath/Photo%20Massimiliano%20Cerato%20during%20fossil%20extraction%20operations%20at%20the%20Cave%20della%20Pesciara%20on%20Monte%20Purga%20near%20Bolca%201964%20-%20Touring%20Club%20Italiano%2007%200547.jpg
,,Temple d'Apollon,megalithes,wikidata,Naples,3,,80.2,46.2,0.0,19.1,8.0,5.0,0.0,0.0,17,,5,,inconnu,,,40.749200,14.484400,Q2699249,https://fr.wikipedia.org/wiki/Temple_d%27Apollon_(Pomp%C3%A9i),http://commons.wikimedia.org/wiki/Special:FilePath/Temple%20d%27Apollon.JPG
,,Alba Fucens,megalithes,wikidata,L'Aquila,3,,79.7,45.3,0.0,20.1,8.0,5.0,0.0,0.0,16,,3,,inconnu,,,42.079060,13.411468,Q944515,https://fr.wikipedia.org/wiki/Alba_Fucens,http://commons.wikimedia.org/wiki/Special:FilePath/Remains%20of%20Alba%20Fucens.jpg
,,Héracléa Minoa,megalithes,wikidata,Agrigento,3,,79.7,52.7,0.0,12.4,8.0,5.0,0.0,0.0,26,,4,,inconnu,,,37.394042,13.280904,Q1502156,https://fr.wikipedia.org/wiki/H%C3%A9racl%C3%A9a_Minoa,http://commons.wikimedia.org/wiki/Special:FilePath/Ruins%20of%20a%20residential%20quarter%20-%20Heraclea%20Minoa%20-%20Italy%202015.JPG
,,Temple de Poséidon à Paestum,megalithes,wikidata,Salerne,3,,79.6,39.8,0.0,24.0,8.0,5.0,0.0,0.0,11,,4,,inconnu,,,40.420000,15.005611,Q453634,https://fr.wikipedia.org/wiki/Temple_de_Neptune_(Paestum),http://commons.wikimedia.org/wiki/Special:FilePath/Hera%20temple%20II%20-%20Paestum%20-%20Poseidonia%20-%20July%2013th%202013%20-%2004.jpg
,,Luna,megalithes,wikidata,La Spezia,3,,79.4,47.1,0.0,17.6,8.0,5.0,0.0,0.0,18,,3,,inconnu,,,44.064000,10.017000,Q579763,https://fr.wikipedia.org/wiki/Luna_(%C3%89trurie),http://commons.wikimedia.org/wiki/Special:FilePath/Vista%20sull%27area%20archeologica%20e%20il%20museo%20dell%27antica%20citt%C3%A0%20di%20Luni.jpg
,,Cosa,megalithes,wikidata,Grosseto,3,,79.3,41.0,0.0,24.5,8.0,5.0,0.0,0.0,12,,3,,inconnu,,,42.410919,11.286503,Q546547,https://fr.wikipedia.org/wiki/Cosa_(colonie_romaine),http://commons.wikimedia.org/wiki/Special:FilePath/Cosa10.jpg
,,Falerii Novi,megalithes,wikidata,Viterbo,3,,79.1,48.7,0.0,16.4,8.0,5.0,0.0,0.0,20,,4,,inconnu,,,42.299996,12.357367,Q1436362,https://fr.wikipedia.org/wiki/Fal%C3%A9ries,http://commons.wikimedia.org/wiki/Special:FilePath/Falerii%20Novi%20-%20Porta%20di%20Giove%202.JPG
,,Maison du Faune,megalithes,wikidata,Naples,3,,78.5,47.9,0.0,13.2,8.0,5.0,0.0,0.0,19,,4,,inconnu,,,40.751250,14.484583,Q1547308,https://fr.wikipedia.org/wiki/Maison_du_Faune,http://commons.wikimedia.org/wiki/Special:FilePath/HouseOfTheFaunOverview.jpg
,,Olympéion d'Agrigente,megalithes,wikidata,Agrigento,3,,78.2,45.3,0.0,18.4,8.0,5.0,0.0,0.0,16,,3,,inconnu,,,37.290800,13.584400,Q2000309,https://fr.wikipedia.org/wiki/Olymp%C3%A9ion_(Agrigente),http://commons.wikimedia.org/wiki/Special:FilePath/Agrigent-8591.jpg
,,Temple de Vesta,megalithes,wikidata,Rome,3,,77.9,45.3,0.0,17.7,8.0,5.0,0.0,0.0,16,,4,,inconnu,,,41.966700,12.800900,Q1219688,https://fr.wikipedia.org/wiki/Temple_de_Vesta_(Tivoli),http://commons.wikimedia.org/wiki/Special:FilePath/Temple%20de%20Vesta%20de%20Tivoli.JPG
,,Aquilée romaine,megalithes,wikidata,Udine,3,,77.8,31.1,0.0,31.6,8.0,5.0,0.0,0.0,6,,2,,inconnu,,,45.773291,13.366509,Q2859274,https://fr.wikipedia.org/wiki/Aquil%C3%A9e_romaine,http://commons.wikimedia.org/wiki/Special:FilePath/Porto%20fluviale%20di%20Aquileia.jpg
,,Villa Poppaea,megalithes,wikidata,Naples,3,,77.4,42.2,0.0,22.2,8.0,5.0,0.0,0.0,13,,4,disparu ou démoli (0079),inconnu,,,40.757222,14.452500,Q542944,https://fr.wikipedia.org/wiki/Villa_de_Popp%C3%A9e,http://commons.wikimedia.org/wiki/Special:FilePath/Villa%20Oplontis%20%288020672959%29.jpg
,,Pyrgi,megalithes,wikidata,Rome,3,,75.7,41.0,0.0,20.4,8.0,5.0,0.0,0.0,12,,4,,inconnu,,,42.015226,11.963414,Q1724661,https://fr.wikipedia.org/wiki/Pyrgi,http://commons.wikimedia.org/wiki/Special:FilePath/Pyrgi%20sanctuary.png
,,Sinuessa,megalithes,wikidata,Caserta,3,,75.5,43.3,0.0,17.5,8.0,5.0,0.0,0.0,14,,3,,inconnu,,,41.153942,13.847624,Q1349926,https://fr.wikipedia.org/wiki/Sinuessa,http://commons.wikimedia.org/wiki/Special:FilePath/Via%20appia%20Nardelli%201.3.JPG
,,Scolacium,megalithes,wikidata,Catanzaro,3,,75.3,36.8,0.0,24.7,8.0,5.0,0.0,0.0,9,,2,,inconnu,,,38.817212,16.597035,Q1084264,https://fr.wikipedia.org/wiki/Scolacium,http://commons.wikimedia.org/wiki/Special:FilePath/Scolacium%20Th%C3%A9%C3%A2tre2.JPG
,,Maison de Julia Felix,megalithes,wikidata,Naples,3,,74.5,42.2,0.0,17.5,8.0,5.0,0.0,0.0,13,,4,,inconnu,,,40.751900,14.493300,Q5915068,https://fr.wikipedia.org/wiki/Maison_de_Julia_F%C3%A9lix,http://commons.wikimedia.org/wiki/Special:FilePath/Praedia%20di%20Giulia%20Felice%20%282%29.jpg
,,Tunnels de Claude,megalithes,wikidata,L'Aquila,3,,74.3,35.2,0.0,25.2,8.0,5.0,0.0,0.0,8,,2,,inconnu,,,41.988528,13.433389,Q23000145,https://fr.wikipedia.org/wiki/Tunnels_de_Claude,http://commons.wikimedia.org/wiki/Special:FilePath/I%20cunicoli%20di%20Claudio.jpg
,,Aeclanum,megalithes,wikidata,Avellino,3,,74.0,43.3,0.0,17.5,8.0,5.0,0.0,0.0,14,,3,,inconnu,,,41.054035,15.010536,Q380497,https://fr.wikipedia.org/wiki/Aeclanum,http://commons.wikimedia.org/wiki/Special:FilePath/Aeclanum%20%28Thermae-01%29.jpg
,,Crypta Neapolitana,megalithes,wikidata,Naples,3,,73.7,41.0,0.0,18.4,8.0,5.0,0.0,0.0,12,,4,,inconnu,,,40.831047,14.217561,Q977606,https://fr.wikipedia.org/wiki/Crypta_Neapolitana,http://commons.wikimedia.org/wiki/Special:FilePath/Parco%20della%20Grotta%20di%20Posillipo6.jpg
,,Via Cornelia,megalithes,wikidata,Rome,3,,73.5,39.8,0.0,20.4,8.0,5.0,0.0,0.0,11,,3,,inconnu,,,41.882295,12.778989,Q2692390,https://fr.wikipedia.org/wiki/Via_Cornelia,http://commons.wikimedia.org/wiki/Special:FilePath/Plan%20Rome-%20Via%20Cornelia.png
,,Eretum,megalithes,wikidata,Rome,3,,73.1,35.2,0.0,24.7,8.0,5.0,0.0,0.0,8,,2,,inconnu,,,42.135169,12.738336,Q548867,https://fr.wikipedia.org/wiki/Eretum,
,,Préneste,megalithes,wikidata,Rome,3,,72.8,36.8,0.0,20.4,8.0,5.0,0.0,0.0,9,,2,,inconnu,,,41.840422,12.892531,Q2107419,https://fr.wikipedia.org/wiki/Pr%C3%A9neste,http://commons.wikimedia.org/wiki/Special:FilePath/Temple%20of%20Fortuna%20-%20Suar%C3%A8s%201.jpg
,,Siponto,megalithes,wikidata,Foggia,3,,72.7,42.2,0.0,16.8,8.0,5.0,0.0,0.0,13,,2,,inconnu,,,41.606944,15.895833,Q1973358,https://fr.wikipedia.org/wiki/Siponto_(cit%C3%A9_antique),http://commons.wikimedia.org/wiki/Special:FilePath/Manfredonia%20-Basilica%20di%20Siponto-%202017%20by-RaBoe%20022.jpg
,,Altinum,megalithes,wikidata,Venise,3,,72.4,46.2,0.0,12.1,8.0,5.0,0.0,0.0,17,,2,,inconnu,,,45.546389,12.398889,Q441542,https://fr.wikipedia.org/wiki/Altinum,http://commons.wikimedia.org/wiki/Special:FilePath/Altino%20scavi.JPG
,,Gabies,megalithes,wikidata,Rome,3,,72.4,41.0,0.0,16.3,8.0,5.0,0.0,0.0,12,,2,,inconnu,,,41.886889,12.715833,Q614510,https://fr.wikipedia.org/wiki/Gabies,http://commons.wikimedia.org/wiki/Special:FilePath/Gabii%200937.jpg
,,Lanuvium,megalithes,wikidata,Rome,3,,72.4,42.2,0.0,15.0,8.0,5.0,0.0,0.0,13,,2,,inconnu,,,41.674690,12.697580,Q2832670,https://fr.wikipedia.org/wiki/Lanuvium,http://commons.wikimedia.org/wiki/Special:FilePath/The%20portico%20of%20the%20Sanctuary%20of%20Juno%20Sospita%20at%20Lanuvium%2C%20Lanuvio%2C%20Italy%20%2814738079961%29.jpg
,,Pont de Tibère,megalithes,wikidata,Rimini,3,,71.9,45.3,0.0,11.8,8.0,5.0,0.0,0.0,16,,2,,inconnu,,,44.063667,12.563827,Q2063557,https://fr.wikipedia.org/wiki/Pont_de_Tib%C3%A8re,http://commons.wikimedia.org/wiki/Special:FilePath/Ponte%20di%20Tiberio%204569.JPG
,,Taras,megalithes,wikidata,Tarente,3,,71.6,33.3,0.0,23.8,8.0,5.0,0.0,0.0,7,,2,,inconnu,,,40.476000,17.228000,Q3981082,https://fr.wikipedia.org/wiki/Taras_(cit%C3%A9_antique),http://commons.wikimedia.org/wiki/Special:FilePath/Colonne%20Doriche%20Tempio%20di%20Poseidone%20Taranto.jpg
,,Gravisca,megalithes,wikidata,Viterbo,3,,71.4,36.8,0.0,21.1,8.0,5.0,0.0,0.0,9,,3,,inconnu,,,42.212778,11.710278,Q1013831,https://fr.wikipedia.org/wiki/Gravisca,http://commons.wikimedia.org/wiki/Special:FilePath/Tarquinia%2031122007088.jpg
,,Volsinii,megalithes,wikidata,Viterbo,3,,71.4,44.4,0.0,12.8,8.0,5.0,0.0,0.0,15,,3,disparu ou démoli (-026),inconnu,,,42.644700,11.985800,Q1398480,https://fr.wikipedia.org/wiki/Volsinies,http://commons.wikimedia.org/wiki/Special:FilePath/Volsinii%2C%20areadel.JPG
,,Egnazia,megalithes,wikidata,Brindisi,3,,71.3,45.3,0.0,11.8,8.0,5.0,0.0,0.0,16,,2,,inconnu,,,40.887799,17.391103,Q732732,https://fr.wikipedia.org/wiki/Egnazia,http://commons.wikimedia.org/wiki/Special:FilePath/Egnazia%20from%20the%20sky.jpg
,,Temple de Minerve,megalithes,wikidata,Pérouse,3,,71.3,43.3,0.0,13.3,8.0,5.0,0.0,0.0,14,,2,,inconnu,,,43.071389,12.614722,Q11836,https://fr.wikipedia.org/wiki/Temple_de_Minerve_(Assise),http://commons.wikimedia.org/wiki/Special:FilePath/Assisi%20Piazza%20del%20Comune%20BW%204.JPG
,,Norba,megalithes,wikidata,Latina,3,,70.6,36.8,0.0,20.3,8.0,5.0,0.0,0.0,9,,3,,inconnu,,,41.592248,12.962333,Q2026618,https://fr.wikipedia.org/wiki/Norba,http://commons.wikimedia.org/wiki/Special:FilePath/Norma%2C%20Eingang%20mit%20Zyklopensteinen.jpg
,,Medma,megalithes,wikidata,Reggio de Calabre,3,,70.0,42.2,0.0,14.6,8.0,5.0,0.0,0.0,13,,2,,inconnu,,,38.487328,15.976368,Q611318,https://fr.wikipedia.org/wiki/Medma,http://commons.wikimedia.org/wiki/Special:FilePath/Medma%2C%20figurina%20di%20cavaliere%20barbuto%2C%20490%20ac.%20ca..JPG
,,Forum Novum,megalithes,wikidata,Rieti,3,,69.5,36.8,0.0,19.6,8.0,5.0,0.0,0.0,9,,2,,inconnu,,,42.330600,12.603900,Q5473073,https://fr.wikipedia.org/wiki/Forum_Novum,http://commons.wikimedia.org/wiki/Special:FilePath/Forum%20Novum.jpg
,,Noto Antica,megalithes,wikidata,Syracuse,3,,69.5,41.0,0.0,14.9,8.0,5.0,0.0,0.0,12,,4,,inconnu,,,36.938549,15.022485,Q3878801,https://fr.wikipedia.org/wiki/Noto_Antica,http://commons.wikimedia.org/wiki/Special:FilePath/Noto-antica-stadttor.jpg
,,Capoue antique,megalithes,wikidata,Caserta,3,,69.4,31.1,0.0,20.1,8.0,5.0,0.0,0.0,6,,3,,inconnu,,,41.086242,14.250357,Q3136685,https://fr.wikipedia.org/wiki/Histoire_de_Capoue,http://commons.wikimedia.org/wiki/Special:FilePath/Capua%20Antica%20Amphitheatre.jpg
,,Castro (Lazio),megalithes,wikidata,Viterbo,3,,69.4,38.4,0.0,17.8,8.0,5.0,0.0,0.0,10,,3,,inconnu,,,42.532778,11.648611,Q1049884,https://fr.wikipedia.org/wiki/Castro_(Latium),http://commons.wikimedia.org/wiki/Special:FilePath/Joan%20Blaeu%20-%20Theatrum%20civitatum%20et%20admirandorum%20Italiae%20-%20page%20371%20Castro%2021%20%28crop%29.jpg
,,Grottes de Catulle,megalithes,wikidata,Brescia,3,,69.0,42.2,0.0,10.3,8.0,5.0,0.0,0.0,13,,2,,inconnu,,,45.501453,10.606448,Q3777121,https://fr.wikipedia.org/wiki/Grottes_de_Catulle,http://commons.wikimedia.org/wiki/Special:FilePath/Grotto%20of%20Catullus%20from%20Lake%20Garda%202012%20II.JPG
,,Tombe Regolini-Galassi,megalithes,wikidata,Rome,3,,68.7,41.0,0.0,14.1,8.0,5.0,0.0,0.0,12,,2,,inconnu,,,41.991944,12.099444,Q1877295,https://fr.wikipedia.org/wiki/Tombe_Regolini-Galassi,http://commons.wikimedia.org/wiki/Special:FilePath/Rude%20Stone%20Monuments%200060.png
,,Spina,megalithes,wikidata,Ferrare,3,,68.6,38.4,0.0,16.0,8.0,5.0,0.0,0.0,10,,2,,inconnu,,,44.693056,12.101111,Q2065939,https://fr.wikipedia.org/wiki/Spina,http://commons.wikimedia.org/wiki/Special:FilePath/Spina%20Plan%200609-1.JPG
,,Temple d'Athéna à Paestum,megalithes,wikidata,Salerne,3,,68.6,36.8,0.0,17.7,8.0,5.0,0.0,0.0,9,,3,,inconnu,,,40.424503,15.005378,Q3983228,https://fr.wikipedia.org/wiki/Temple_de_C%C3%A9r%C3%A8s_(Paestum),http://commons.wikimedia.org/wiki/Special:FilePath/Paestum%20BW%202013-05-17%2013-58-28.jpg
,,Entella,megalithes,wikidata,Palerme,3,,68.0,39.8,0.0,14.7,8.0,5.0,0.0,0.0,11,,3,,inconnu,,,37.728871,13.184128,Q2262528,https://fr.wikipedia.org/wiki/Entella,http://commons.wikimedia.org/wiki/Special:FilePath/Castello%20di%20Entella%2009.JPG
,,Chisra,megalithes,wikidata,Rome,3,,67.8,46.2,0.0,7.9,8.0,5.0,0.0,0.0,17,,2,,inconnu,,,42.001667,12.108333,Q2914373,https://fr.wikipedia.org/wiki/Chisra,http://commons.wikimedia.org/wiki/Special:FilePath/Cerveteri%2C%20necropoli%20della%20banditaccia%2C%20via%20sepolcrale%20principale%2C%2002.jpg
,,Laos,megalithes,wikidata,Cosenza,3,,67.8,38.4,0.0,15.9,8.0,5.0,0.0,0.0,10,,2,,inconnu,,,39.767500,15.830556,Q1805723,https://fr.wikipedia.org/wiki/Laos_(Marcellina),http://commons.wikimedia.org/wiki/Special:FilePath/SantaMariaDelCedroParcoArcheologicoLaos.jpg
,,Frégelles,megalithes,wikidata,Frosinone,3,,67.6,38.4,0.0,15.4,8.0,5.0,0.0,0.0,10,,2,,inconnu,,,41.536667,13.538889,Q1453755,https://fr.wikipedia.org/wiki/Fr%C3%A9gelles,http://commons.wikimedia.org/wiki/Special:FilePath/Fregellae%20-%20Roman%20baths.jpg
,,Metauria,megalithes,wikidata,Reggio de Calabre,3,,67.6,33.3,0.0,21.0,8.0,5.0,0.0,0.0,7,,2,,inconnu,,,38.422588,15.879791,Q11936633,https://fr.wikipedia.org/wiki/Metauria,http://commons.wikimedia.org/wiki/Special:FilePath/Metauros%2C%20skyphos%20calcidese.jpg
,,Linterne,megalithes,wikidata,Naples,3,,67.4,36.8,0.0,16.2,8.0,5.0,0.0,0.0,9,,3,,inconnu,,,40.921094,14.030128,Q898417,https://fr.wikipedia.org/wiki/Linterne,http://commons.wikimedia.org/wiki/Special:FilePath/Ruins%20of%20Liternum%2C%20Lago%20Patria.jpg
,,Tauriana,megalithes,wikidata,Reggio de Calabre,3,,67.4,33.3,0.0,20.8,8.0,5.0,0.0,0.0,7,,2,,inconnu,,,38.394444,15.871389,Q1239561,https://fr.wikipedia.org/wiki/Tauriana,http://commons.wikimedia.org/wiki/Special:FilePath/Tabula%20Peutingeriana%20Tauriana.png
,,Veleia,megalithes,wikidata,Plaisance,3,,67.2,38.4,0.0,15.3,8.0,5.0,0.0,0.0,10,,1,,inconnu,,,44.785000,9.721667,Q20008722,https://fr.wikipedia.org/wiki/Veleia,http://commons.wikimedia.org/wiki/Special:FilePath/Area%20archeologica%20di%20Veleia%20%28Lugagnano%20Val%20d%27Arda%29%20-%20foro%204%202023-05-27.jpg
,,Porte Palatine,megalithes,wikidata,Turin,3,,67.1,39.8,0.0,10.4,8.0,5.0,0.0,0.0,11,,2,,inconnu,,,45.075000,7.684700,Q1054755,https://fr.wikipedia.org/wiki/Porte_Palatine,http://commons.wikimedia.org/wiki/Special:FilePath/Porta%20Palatina%20Torino.JPG
,,Temple de Jupiter Anxur,megalithes,wikidata,Latina,3,,67.1,31.1,0.0,22.1,8.0,5.0,0.0,0.0,6,,3,,inconnu,,,41.291639,13.259863,Q3983252,https://fr.wikipedia.org/wiki/Temple_de_Jupiter_Anxur,http://commons.wikimedia.org/wiki/Special:FilePath/Tempio%20Giove%20Anxur.jpg
,,Sanctuary of Hera Lacinia,megalithes,wikidata,Crotone,3,,67.0,35.2,0.0,18.7,8.0,5.0,0.0,0.0,8,,2,,inconnu,,,39.026490,17.204753,Q3621968,https://fr.wikipedia.org/wiki/Sanctuaire_de_Lakinia_H%C3%A9ra,http://commons.wikimedia.org/wiki/Special:FilePath/Capo%20Colonna%20-%20Colonna.jpg
,,Calatia,megalithes,wikidata,Caserta,3,,66.8,36.8,0.0,16.8,8.0,5.0,0.0,0.0,9,,2,,inconnu,,,41.043889,14.362500,Q951442,https://fr.wikipedia.org/wiki/Calatia,https://commons.wikimedia.org/wiki/Special:FilePath/Calatia_posizione.jpg
,,Siris,megalithes,wikidata,Matera,3,,66.8,36.8,0.0,16.4,8.0,5.0,0.0,0.0,9,,2,,inconnu,,,40.149042,16.541370,Q2705822,https://fr.wikipedia.org/wiki/Siris_(Lucanie),https://commons.wikimedia.org/wiki/Special:FilePath/Magna_Grecia_280aC.jpg
,,Via Aemilia Scaura,megalithes,wikidata,Alessandria,3,,66.8,47.9,0.0,5.7,8.0,5.0,0.0,0.0,19,,2,,inconnu,,,44.909911,8.869577,Q1240126,https://fr.wikipedia.org/wiki/Via_Aemilia_Scauri,http://commons.wikimedia.org/wiki/Special:FilePath/Via%20Aemilia%20Scauri.jpg
,,Amiternum,megalithes,wikidata,L'Aquila,3,,66.7,43.3,0.0,9.6,8.0,5.0,0.0,0.0,14,,2,,inconnu,,,42.400776,13.305769,Q177061,https://fr.wikipedia.org/wiki/Amiternum,http://commons.wikimedia.org/wiki/Special:FilePath/Rovine%20di%20Amiternum.JPG
,,Hipponion,megalithes,wikidata,Vibo Valentia,3,,66.7,31.1,0.0,22.4,8.0,5.0,0.0,0.0,6,,2,,inconnu,,,38.671100,16.107900,Q16328376,https://fr.wikipedia.org/wiki/Hipponion,https://commons.wikimedia.org/wiki/Special:FilePath/Ricostruzione_in_3D_di_Hipponion.jpg
,,Rocher de l'éléphant,megalithes,wikidata,Sassari,3,,66.7,35.2,0.0,17.3,8.0,5.0,0.0,0.0,8,,2,,inconnu,,,40.889680,8.747870,Q56258415,https://fr.wikipedia.org/wiki/Domus_de_janas_du_rocher_de_l%27%C3%89l%C3%A9phant,http://commons.wikimedia.org/wiki/Special:FilePath/Roccia%20dell%27Elefante%202010.jpg
,,Ferento,megalithes,wikidata,Viterbo,3,,66.6,39.8,0.0,13.5,8.0,5.0,0.0,0.0,11,,3,,inconnu,,,42.488611,12.132500,Q597347,https://fr.wikipedia.org/wiki/Ferento,http://commons.wikimedia.org/wiki/Special:FilePath/%28Claudius%20Ziehr%29%20Ferento%2001.jpg
,,Puits sacré de Funtana Coberta,megalithes,wikidata,Cagliari,3,,66.5,35.2,0.0,18.1,8.0,5.0,0.0,0.0,8,,2,,inconnu,,,39.581094,9.351950,Q1474759,https://fr.wikipedia.org/wiki/Puits_sacr%C3%A9_de_Funtana_Coberta,http://commons.wikimedia.org/wiki/Special:FilePath/Pozzo%20sacro%20di%20Funtana%20Coberta%20Ingresso%20al%20pozzo.JPG
,,Pont d'Auguste,megalithes,wikidata,Terni,3,,66.4,35.2,0.0,17.8,8.0,5.0,0.0,0.0,8,,2,,inconnu,,,42.525278,12.514444,Q2103779,https://fr.wikipedia.org/wiki/Pont_d%27Auguste_(Narni),http://commons.wikimedia.org/wiki/Special:FilePath/Ponte%20di%20Augusto%20-Narni-Terni-Umbria.jpg
,,Héraion de Capaccio Paestum,megalithes,wikidata,Salerne,3,,66.3,33.3,0.0,19.7,8.0,5.0,0.0,0.0,7,,2,,inconnu,,,40.488500,14.969700,Q3785099,https://fr.wikipedia.org/wiki/H%C3%A9raion_(Paestum),http://commons.wikimedia.org/wiki/Special:FilePath/ItaliaPaestumHeraionFoceSeleResti.jpg
,,Nécropole de Su Crucifissu Mannu,megalithes,wikidata,Sassari,3,,65.9,31.1,0.0,21.3,8.0,5.0,0.0,0.0,6,,2,,inconnu,,,40.810297,8.444178,Q3874164,https://fr.wikipedia.org/wiki/N%C3%A9cropole_de_Su_Crucifissu_Mannu,http://commons.wikimedia.org/wiki/Special:FilePath/Porto%20Torres%20-%20Su%20Crucifissu%20Mannu%20%281%29.JPG
,,Tombe du Triclinium,megalithes,wikidata,Viterbo,3,,65.6,39.8,0.0,12.1,8.0,5.0,0.0,0.0,11,,3,,inconnu,,,42.248750,11.771600,Q2440615,https://fr.wikipedia.org/wiki/Tombe_du_Triclinium,http://commons.wikimedia.org/wiki/Special:FilePath/Pittore%20forse%20attico%2C%20affreschi%20della%20tomba%20del%20triclinio%2C%20500-475%20ac%20ca%2C%2001.jpg
,,Catacombes San Gaudioso,megalithes,wikidata,Naples,3,,65.5,33.3,0.0,18.2,8.0,5.0,0.0,0.0,7,,3,,inconnu,,,40.859900,14.249000,Q3663202,https://fr.wikipedia.org/wiki/Catacombes_San_Gaudioso,http://commons.wikimedia.org/wiki/Special:FilePath/Basilica%20di%20Santa%20Maria%20della%20Sanit%C3%A0%208.JPG
,,Tombe des Taureaux,megalithes,wikidata,Viterbo,3,,65.4,35.2,0.0,15.6,8.0,5.0,0.0,0.0,8,,3,,inconnu,,,42.240000,11.794400,Q949654,https://fr.wikipedia.org/wiki/Tombe_des_Taureaux,http://commons.wikimedia.org/wiki/Special:FilePath/Tomb%20of%20the%20Bulls%20back%20wall%20main%20chamber.jpg
,,Calès,megalithes,wikidata,Caserta,3,,65.1,41.0,0.0,10.8,8.0,5.0,0.0,0.0,12,,2,,inconnu,,,41.200000,14.132000,Q1026628,https://fr.wikipedia.org/wiki/Cal%C3%A8s_(Campanie),http://commons.wikimedia.org/wiki/Special:FilePath/Teatro%200000.jpg
,,Monte Polizzo,megalithes,wikidata,Trapani,3,,65.1,31.1,0.0,20.9,8.0,5.0,0.0,0.0,6,,4,,inconnu,,,37.864444,12.788333,Q6904863,https://fr.wikipedia.org/wiki/Monte_Polizzo,http://commons.wikimedia.org/wiki/Special:FilePath/Mus%C3%A9e%20municipal%20de%20Salemi%20-%20Monte%20Polizo%2C%20taureau%20en%20bronze.jpg
,,Tombe des Augures,megalithes,wikidata,Viterbo,3,,64.9,35.2,0.0,16.0,8.0,5.0,0.0,0.0,8,,3,,inconnu,,,42.238180,11.794730,Q2440621,https://fr.wikipedia.org/wiki/Tombe_des_Augures,http://commons.wikimedia.org/wiki/Special:FilePath/Tomboftheaugurs.jpg
,,Temple de Poséidon,megalithes,wikidata,Tarente,3,,64.8,36.8,0.0,14.4,8.0,5.0,0.0,0.0,9,,2,,inconnu,,,40.473778,17.233000,Q476876,https://fr.wikipedia.org/wiki/Temple_de_Pos%C3%A9idon_(Tarente),http://commons.wikimedia.org/wiki/Special:FilePath/Colonne%20Doriche.JPG
,,Parc de la préhistoire de Rivolta d'Adda,megalithes,wikidata,Crémone,3,,64.5,35.2,0.0,16.1,8.0,5.0,0.0,0.0,8,,1,,inconnu,,,45.473600,9.499720,Q2408856,https://fr.wikipedia.org/wiki/Parc_de_la_Pr%C3%A9histoire,http://commons.wikimedia.org/wiki/Special:FilePath/Koi%20in%20a%20fountain%20at%20the%20Parco%20della%20Preistoria%20di%20Rivolta%20d%27Adda.jpg
,,Colombarone (Pesaro),megalithes,wikidata,Pesaro et Urbin,3,,64.3,35.2,0.0,16.0,8.0,5.0,0.0,0.0,8,,2,,inconnu,,,43.950790,12.788050,Q18498355,https://fr.wikipedia.org/wiki/Colombarone_(Pesaro),http://commons.wikimedia.org/wiki/Special:FilePath/Area%20archeologica%20di%20Colombarone.jpg
,,Nuceria,megalithes,wikidata,Salerne,3,,64.1,36.8,0.0,13.4,8.0,5.0,0.0,0.0,9,,2,,inconnu,,,40.743128,14.673929,Q470839,https://fr.wikipedia.org/wiki/Nuceria_Alfaterna,http://commons.wikimedia.org/wiki/Special:FilePath/TabulaNuceria.jpg
,,Parthénope,megalithes,wikidata,Naples,3,,64.0,36.8,0.0,12.5,8.0,5.0,0.0,0.0,9,,3,,inconnu,,,40.833333,14.250000,Q1383830,https://fr.wikipedia.org/wiki/Parth%C3%A9nope_(Campanie),http://commons.wikimedia.org/wiki/Special:FilePath/Palaeopolis%20und%20neapolis.jpg
,,Carsulae,megalithes,wikidata,Terni,3,,63.9,31.1,0.0,19.5,8.0,5.0,0.0,0.0,6,,2,,inconnu,,,42.639778,12.557139,Q519033,https://fr.wikipedia.org/wiki/Carsulae,http://commons.wikimedia.org/wiki/Special:FilePath/Carsulae.jpg
,,Compsa,megalithes,wikidata,Avellino,3,,63.9,33.3,0.0,17.4,8.0,5.0,0.0,0.0,7,,2,,inconnu,,,40.869300,15.330800,Q5157069,https://fr.wikipedia.org/wiki/Compsa,http://commons.wikimedia.org/wiki/Special:FilePath/Compsa%20foro.jpg
,,Terina,megalithes,wikidata,Catanzaro,3,,63.9,39.8,0.0,10.8,8.0,5.0,0.0,0.0,11,,2,,inconnu,,,38.944865,16.238922,Q2518014,https://fr.wikipedia.org/wiki/Terina,http://commons.wikimedia.org/wiki/Special:FilePath/Terina%20excavations%20AvL.JPG
,,Casilinum,megalithes,wikidata,Caserta,3,,63.8,41.0,0.0,9.5,8.0,5.0,0.0,0.0,12,,2,,inconnu,,,41.109400,14.209100,Q952753,https://fr.wikipedia.org/wiki/Casilinum,https://commons.wikimedia.org/wiki/Special:FilePath/Carte_guerre_latine_trifanum_340.png
,,Galleria Borbonica,megalithes,wikidata,Naples,3,,63.7,33.3,0.0,15.8,8.0,5.0,0.0,0.0,7,,3,,inconnu,,,40.835473,14.246272,Q4000489,https://fr.wikipedia.org/wiki/Galleria_Borbonica,http://commons.wikimedia.org/wiki/Special:FilePath/Galleria%20borbonica%20-%20War%20refuge%20%28Naples%29.jpg
,,Pont Saint-Martin,megalithes,wikidata,Aoste,3,,63.7,33.3,0.0,16.5,8.0,5.0,0.0,0.0,7,,2,,inconnu,,,45.599326,7.800100,Q1339290,https://fr.wikipedia.org/wiki/Pont_Saint-Martin_(Italie),http://commons.wikimedia.org/wiki/Special:FilePath/Pont%20romain-Pont%20st%20Martin.jpg
,,Casmènes,megalithes,wikidata,Syracuse,3,,63.6,38.4,0.0,12.0,8.0,5.0,0.0,0.0,10,,4,,inconnu,,,37.077800,14.831400,Q508186,https://fr.wikipedia.org/wiki/Casm%C3%A8nes,https://commons.wikimedia.org/wiki/Special:FilePath/Sicilia_sud_orientale_citta%27_V_sec_ac.png
,,Aequum Tuticum,megalithes,wikidata,Avellino,3,,63.4,33.3,0.0,17.0,8.0,5.0,0.0,0.0,7,,2,,inconnu,,,41.242308,15.098474,Q3605952,https://fr.wikipedia.org/wiki/Aequum_Tuticum,http://commons.wikimedia.org/wiki/Special:FilePath/Aequum%20Tuticum%20area%20archeologica.jpeg
,,Sanctuaire italique de Pietrabbondante,megalithes,wikidata,Isernia,3,,63.0,22.2,0.0,23.0,8.0,5.0,0.0,4.4,3,,1,,inconnu,oui,,41.740720,14.384625,Q21552374,https://fr.wikipedia.org/wiki/Sanctuaire_italique_de_Pietrabbondante,http://commons.wikimedia.org/wiki/Special:FilePath/Pietrabbondante-Archi.JPG
,,Brixellum,megalithes,wikidata,Reggio d'Émilie,3,,62.8,31.1,0.0,18.6,8.0,5.0,0.0,0.0,6,,1,,inconnu,,,44.900000,10.516667,Q3645134,https://fr.wikipedia.org/wiki/Brixellum_(cit%C3%A9_antique),
,,Cave di Cusa,megalithes,wikidata,Trapani,3,,62.7,33.3,0.0,15.7,8.0,5.0,0.0,0.0,7,,3,disparu ou démoli (-040),inconnu,,,37.619444,12.722500,Q3663959,https://fr.wikipedia.org/wiki/Cave_di_Cusa,http://commons.wikimedia.org/wiki/Special:FilePath/Rocche-di-Cusa-bjs-1.jpg
,,Telesia,megalithes,wikidata,Benevento,3,,62.7,25.8,0.0,23.8,8.0,5.0,0.0,0.0,4,,2,,inconnu,oui,,41.226210,14.506600,Q1471556,https://fr.wikipedia.org/wiki/Telesia,http://commons.wikimedia.org/wiki/Special:FilePath/Telesia%20-%20anfiteatro%20%282%29.jpg
,,Via Domitiana,megalithes,wikidata,Naples,3,,62.7,38.4,0.0,10.8,8.0,5.0,0.0,0.0,10,,3,disparu ou démoli (0455),inconnu,,,40.844444,14.093333,Q1227543,https://fr.wikipedia.org/wiki/Via_Domitiana,https://commons.wikimedia.org/wiki/Special:FilePath/Arco_Felice_%282018%29-7.jpg
,,Catacombes juives de Venosa,megalithes,wikidata,Potenza,3,,62.6,33.3,0.0,16.1,8.0,5.0,0.0,0.0,7,,2,,inconnu,,,40.978856,15.839815,Q6657726,https://fr.wikipedia.org/wiki/Catacombes_juives_de_Venosa,http://commons.wikimedia.org/wiki/Special:FilePath/Interno%20con%20particolare.jpg
,,Corfinium,megalithes,wikidata,L'Aquila,3,,62.6,39.8,0.0,9.0,8.0,5.0,0.0,0.0,11,,2,,inconnu,,,42.117390,13.835249,Q2428630,https://fr.wikipedia.org/wiki/Corfinium,http://commons.wikimedia.org/wiki/Special:FilePath/Targa%20Corfinium.jpg
,,Suasa,megalithes,wikidata,Ancône,3,,62.5,33.3,0.0,16.0,8.0,5.0,0.0,0.0,7,,2,,inconnu,,,43.625556,12.984444,Q1054423,https://fr.wikipedia.org/wiki/Suasa,http://commons.wikimedia.org/wiki/Special:FilePath/Suasa.jpg
,,Augusta Bagiennorum,megalithes,wikidata,Cuneo,3,,62.4,31.1,0.0,18.1,8.0,5.0,0.0,0.0,6,,2,,inconnu,,,44.559742,7.855617,Q3629554,https://fr.wikipedia.org/wiki/Augusta_Bagiennorum,http://commons.wikimedia.org/wiki/Special:FilePath/Augusta%20Bagiennorum.jpg
,,Trebula Balliensis,megalithes,wikidata,Caserta,3,,62.4,31.1,0.0,18.2,8.0,5.0,0.0,0.0,6,,2,,inconnu,,,41.200000,14.250000,Q1160855,https://fr.wikipedia.org/wiki/Trebula_Balliensis,http://commons.wikimedia.org/wiki/Special:FilePath/Trebula%20Balliensis%20porta%20megalitica.jpg
,,Poggio Civitate,megalithes,wikidata,Sienne,3,,62.2,31.1,0.0,17.6,8.0,5.0,0.0,0.0,6,,1,,inconnu,,,43.155600,11.399400,Q555272,https://fr.wikipedia.org/wiki/Poggio_Civitate,http://commons.wikimedia.org/wiki/Special:FilePath/PVMurlo.jpg
,,Cures Sabini,megalithes,wikidata,Rieti,3,,62.1,38.4,0.0,9.8,8.0,5.0,0.0,0.0,10,,2,disparu ou démoli (-060),inconnu,,,42.182513,12.686649,Q2246183,https://fr.wikipedia.org/wiki/Cures_Sabini,http://commons.wikimedia.org/wiki/Special:FilePath/Crate%20EnvironsRome%20Monarchie.png
,,Arpi,megalithes,wikidata,Foggia,3,,61.7,39.8,0.0,8.2,8.0,5.0,0.0,0.0,11,,2,,inconnu,,,41.553032,15.611277,Q698864,https://fr.wikipedia.org/wiki/Arpi_(Italie),http://commons.wikimedia.org/wiki/Special:FilePath/Arpi%20Apulia%20monnaie%20bronze%20Zeus%20Sanglier%20lance.jpg
,,Satricum,megalithes,wikidata,Latina,3,,61.6,33.3,0.0,14.9,8.0,5.0,0.0,0.0,7,,3,,inconnu,,,41.513100,12.755100,Q2137162,https://fr.wikipedia.org/wiki/Satricum,http://commons.wikimedia.org/wiki/Special:FilePath/Satricum%201983.jpg
,,Suessula,megalithes,wikidata,Naples,3,,61.2,33.3,0.0,14.7,8.0,5.0,0.0,0.0,7,,2,,inconnu,,,40.989853,14.398169,Q2274328,https://fr.wikipedia.org/wiki/Suessula,http://commons.wikimedia.org/wiki/Special:FilePath/Suessola-Panoramica.jpg
,,Porta Leoni,megalithes,wikidata,Vérone,3,,61.1,39.8,0.0,7.9,8.0,5.0,0.0,0.0,11,,1,,inconnu,,,45.440486,10.999621,Q3908725,https://fr.wikipedia.org/wiki/Porta_Leoni,http://commons.wikimedia.org/wiki/Special:FilePath/Porta%20Leoni.jpg
,,Villa de Lucullus,megalithes,wikidata,Naples,3,,61.1,31.1,0.0,16.3,8.0,5.0,0.0,0.0,6,,2,,inconnu,,,40.828200,14.247300,Q4012739,https://fr.wikipedia.org/wiki/Villa_de_Lucullus,http://commons.wikimedia.org/wiki/Special:FilePath/Villa%20di%20Licinio%20Lucullo%2025%20001.jpg
,,Villa de Tibère,megalithes,wikidata,Latina,3,,61.1,31.1,0.0,13.8,8.0,5.0,0.0,0.0,6,,3,,inconnu,,,41.250700,13.449790,Q3558833,https://fr.wikipedia.org/wiki/Villa_de_Tib%C3%A8re,http://commons.wikimedia.org/wiki/Special:FilePath/SperlongaVillaTiberio.jpg
,,Drepana,megalithes,wikidata,Trapani,3,,61.0,36.8,0.0,10.5,8.0,5.0,0.0,0.0,9,,3,,inconnu,,,38.015000,12.512500,Q3040241,https://fr.wikipedia.org/wiki/Dr%C3%A9pane,http://commons.wikimedia.org/wiki/Special:FilePath/View%20on%20Trapani.jpg
,,Ostra antica,megalithes,wikidata,Ancône,3,,61.0,31.1,0.0,16.7,8.0,5.0,0.0,0.0,6,,2,,inconnu,,,43.584722,13.086111,Q533922,https://fr.wikipedia.org/wiki/Ostra_antica,http://commons.wikimedia.org/wiki/Special:FilePath/Mappa%20di%20Ostra%20antica.jpg
,,Perusia,megalithes,wikidata,Pérouse,3,,61.0,36.8,0.0,10.9,8.0,5.0,0.0,0.0,9,,2,,inconnu,,,43.111700,12.390600,Q1130478,https://fr.wikipedia.org/wiki/Perusia,http://commons.wikimedia.org/wiki/Special:FilePath/Perugia-arco%20etrusco.JPG
,,Nécropole de Tuvixeddu,megalithes,wikidata,Cagliari,3,,60.9,35.2,0.0,12.1,8.0,5.0,0.0,0.0,8,,2,,inconnu,,,39.229012,9.101029,Q2461943,https://fr.wikipedia.org/wiki/N%C3%A9cropole_de_Tuvixeddu,http://commons.wikimedia.org/wiki/Special:FilePath/Necropoli%20di%20Tuvixeddu.jpg
,,Site archéologique de Polizzello,megalithes,wikidata,Caltanissetta,3,,60.6,31.1,0.0,16.4,8.0,5.0,0.0,0.0,6,,1,,inconnu,,,37.607601,13.826134,Q18202665,https://fr.wikipedia.org/wiki/Polizzello,http://commons.wikimedia.org/wiki/Special:FilePath/Planimetria%20della%20montagna%20di%20Polizello.jpg
,,Trebula Mutuesca,megalithes,wikidata,Rieti,3,,59.9,31.1,0.0,15.7,8.0,5.0,0.0,0.0,6,,2,,inconnu,,,42.227670,12.868650,Q530591,https://fr.wikipedia.org/wiki/Trebula_Mutuesca,http://commons.wikimedia.org/wiki/Special:FilePath/Trebula%20Mutuesca%20latin%20scription.jpg
,,Sulky,megalithes,wikidata,Carbonia-Iglesias,3,,59.7,36.8,0.0,9.4,8.0,5.0,0.0,0.0,9,,2,,inconnu,,,39.066667,8.450000,Q1782566,https://fr.wikipedia.org/wiki/Sulky_(cit%C3%A9),http://commons.wikimedia.org/wiki/Special:FilePath/Tophet%2001.JPG
,,Parc archéologique de Saturo,megalithes,wikidata,Tarente,3,,59.6,22.2,0.0,24.1,8.0,5.0,0.0,0.0,3,,2,,inconnu,oui,,40.371397,17.305570,Q3950859,https://fr.wikipedia.org/wiki/Parc_arch%C3%A9ologique_de_Saturo,http://commons.wikimedia.org/wiki/Special:FilePath/Parco%20Archeologico%20Promontorio%20Saturo%20Vista%20Aerea%2003.jpg
,,Tombe des Reliefs,megalithes,wikidata,Rome,3,,59.6,35.2,0.0,10.6,8.0,5.0,0.0,0.0,8,,2,,inconnu,,,42.007100,12.102600,Q3531116,https://fr.wikipedia.org/wiki/Tombe_des_Reliefs,http://commons.wikimedia.org/wiki/Special:FilePath/Tomba%20dei%20Rilievi%20%28Banditaccia%29.jpg
,,Torre Astura,megalithes,wikidata,Rome,3,,59.4,38.4,0.0,7.8,8.0,5.0,0.0,0.0,10,,2,,inconnu,,,41.409197,12.765083,Q2304697,https://fr.wikipedia.org/wiki/Torre_Astura,http://commons.wikimedia.org/wiki/Special:FilePath/Torre%20astura2.JPG
,,Temple d'Antas,megalithes,wikidata,Carbonia-Iglesias,3,,59.2,33.3,0.0,12.3,8.0,5.0,0.0,0.0,7,,2,,inconnu,,,39.394051,8.500237,Q689104,https://fr.wikipedia.org/wiki/Temple_d%27Antas,http://commons.wikimedia.org/wiki/Special:FilePath/Temple%20of%20Antas%2C%20a%20Punic-Roman%20temple%2C%20first%20built%20around%20500%20BC%2C%20and%20restored%20around%20300%20BC%2C%20the%20Roman%20temple%20was%20built%20under%20Augustus%20and%20restored%20under%20Caracalla%2C%20Sardinia%20%2815915551073%29.jpg
,,Arc de Riccardo,megalithes,wikidata,Trieste,3,,59.1,35.2,0.0,10.5,8.0,5.0,0.0,0.0,8,,2,,inconnu,,,45.647809,13.768900,Q3621786,https://fr.wikipedia.org/wiki/Arc_de_Riccardo,http://commons.wikimedia.org/wiki/Special:FilePath/Arcoromano.jpg
,,Grotte Guattari,megalithes,wikidata,Latina,3,,59.1,31.1,0.0,14.6,8.0,5.0,0.0,0.0,6,,3,,inconnu,,,41.231346,13.093214,Q3117098,https://fr.wikipedia.org/wiki/Grotte_Guattari,http://commons.wikimedia.org/wiki/Special:FilePath/Grotta%20guattari.jpg
,,Isola Sacra,megalithes,wikidata,Rome,3,,58.7,36.8,0.0,8.2,8.0,5.0,0.0,0.0,9,,2,,inconnu,,,41.750000,12.250000,Q1446018,https://fr.wikipedia.org/wiki/Isola_Sacra,http://commons.wikimedia.org/wiki/Special:FilePath/Necropoli%20di%20Porto%2003.JPG
,,Norchia,megalithes,wikidata,Viterbo,3,,58.6,35.2,0.0,10.1,8.0,5.0,0.0,0.0,8,,3,,inconnu,,,42.340556,11.943056,Q1997405,https://fr.wikipedia.org/wiki/Norchia,http://commons.wikimedia.org/wiki/Special:FilePath/Norchia.jpg
,,Marruvium,megalithes,wikidata,L'Aquila,3,,58.5,31.1,0.0,14.3,8.0,5.0,0.0,0.0,6,,2,,inconnu,,,42.006500,13.627600,Q3626844,https://fr.wikipedia.org/wiki/Marruvium,http://commons.wikimedia.org/wiki/Special:FilePath/San%20Benedetto%20dei%20Marsi%20anfiteatro%208%202016.jpg
,,Castello Barbarossa,megalithes,wikidata,Naples,3,,58.4,38.4,0.0,6.8,8.0,5.0,0.0,0.0,10,,2,disparu ou démoli (1544),inconnu,,,40.555911,14.226819,Q2941392,https://fr.wikipedia.org/wiki/Castello_Barbarossa,http://commons.wikimedia.org/wiki/Special:FilePath/Carlo%20Brogi%29%20-%20Isola%20di%20Capri%20-%20Panorama.jpg
,,Eaux Cutiliennes,megalithes,wikidata,Rieti,3,,58.1,33.3,0.0,11.0,8.0,5.0,0.0,0.0,7,,2,,inconnu,,,42.380104,13.008757,Q383071,https://fr.wikipedia.org/wiki/Eaux_cutiliennes,http://commons.wikimedia.org/wiki/Special:FilePath/Terme%20Vespasiano.JPG
,,Hypogée des Volumni,megalithes,wikidata,Pérouse,3,,58.0,33.3,0.0,11.1,8.0,5.0,0.0,0.0,7,,2,,inconnu,,,43.089300,12.424400,Q2253879,https://fr.wikipedia.org/wiki/Hypog%C3%A9e_des_Volumni,http://commons.wikimedia.org/wiki/Special:FilePath/Ipogeo%20dei%20volumni%2C%20esterno%2001.jpg
,,Saticula,megalithes,wikidata,Benevento,3,,57.7,35.2,0.0,9.4,8.0,5.0,0.0,0.0,8,,2,,inconnu,,,41.083333,14.500000,Q1228725,https://fr.wikipedia.org/wiki/Saticula,https://commons.wikimedia.org/wiki/Special:FilePath/Cratere_a_campana.jpg
,,Labicum,megalithes,wikidata,Rome,3,,57.3,38.4,0.0,5.7,8.0,5.0,0.0,0.0,10,,2,,inconnu,,,41.806389,12.735556,Q1579896,https://fr.wikipedia.org/wiki/Labicum,https://commons.wikimedia.org/wiki/Special:FilePath/Labicum_planlatium.jpg
,,Falerio Picenus,megalithes,wikidata,Fermo,3,,56.8,22.2,0.0,21.0,8.0,5.0,0.0,0.5,3,,1,,inconnu,oui,,43.101450,13.496160,Q21235393,https://fr.wikipedia.org/wiki/Parc_arch%C3%A9ologique_Falerio_Picenus,http://commons.wikimedia.org/wiki/Special:FilePath/Teatro%20romano%20di%20Falerio%20Picenus.jpg
,,S’Ena ’e Thomes,megalithes,wikidata,Nuoro,3,,56.8,31.1,0.0,12.5,8.0,5.0,0.0,0.0,6,,1,,inconnu,,,40.379020,9.515330,Q2382880,https://fr.wikipedia.org/wiki/Tombe_des_g%C3%A9ants_de_Sa_Ena_%27e_Thomes,http://commons.wikimedia.org/wiki/Special:FilePath/Dorgali%20-%20Tomba%20dei%20giganti%20di%20S%27Ena%20%27e%20Thomes%20%2808%29.JPG
,,Ponte Vecchio,megalithes,wikidata,Turin,3,,56.7,35.2,0.0,8.3,8.0,5.0,0.0,0.0,8,,1,,inconnu,,,45.464639,7.871083,Q89591373,https://fr.wikipedia.org/wiki/Ponte_Vecchio_(Ivr%C3%A9e),http://commons.wikimedia.org/wiki/Special:FilePath/Ponte%20Vecchio%20Ivrea.jpg
,,Temple de la Concorde,megalithes,wikidata,Agrigento,3,,56.7,48.7,0.0,0.0,8.0,0.0,0.0,0.0,20,,2,,inconnu,,,37.289700,13.592200,Q3983202,,http://commons.wikimedia.org/wiki/Special:FilePath/Agrigento-Tempio%20della%20Concordia01.JPG
,,Caudium,megalithes,wikidata,Benevento,3,,56.5,41.0,0.0,10.0,0.0,5.0,0.0,0.0,12,,2,aucune photo,inconnu,,,41.061110,14.633330,Q1051478,https://fr.wikipedia.org/wiki/Caudium_(ville),
,,Temple de Flore,megalithes,wikidata,Benevento,3,,56.5,28.7,0.0,14.7,8.0,5.0,0.0,0.0,5,,2,,inconnu,oui,,41.305756,14.562722,Q3983249,https://fr.wikipedia.org/wiki/Temple_de_Flore,http://commons.wikimedia.org/wiki/Special:FilePath/Basamento%20Tempio%20Sannita%20-%20Cerreto%20Sannita.JPG
,,Néapolis,megalithes,wikidata,Medio Campidano,3,,56.4,28.7,0.0,14.4,8.0,5.0,0.0,0.0,5,,1,,inconnu,oui,,39.687222,8.553333,Q1137496,https://fr.wikipedia.org/wiki/N%C3%A9apolis_(Sardaigne),http://commons.wikimedia.org/wiki/Special:FilePath/Neapoli%20double%20drachme%20d%27argent%20300%20collection%20Alpha%20banque%2008800.jpg
,,Herdonia,megalithes,wikidata,Foggia,3,,56.0,31.1,0.0,11.6,8.0,5.0,0.0,0.0,6,,2,,inconnu,,,41.316575,15.628294,Q937054,https://fr.wikipedia.org/wiki/Herdonia,http://commons.wikimedia.org/wiki/Special:FilePath/Macellum%20ordona.jpg
,,Salapia,megalithes,wikidata,Barletta-Andria-Trani,3,,55.8,31.1,0.0,11.5,8.0,5.0,0.0,0.0,6,,1,,inconnu,,,41.403381,15.993300,Q3469627,https://fr.wikipedia.org/wiki/Salapia,http://commons.wikimedia.org/wiki/Special:FilePath/Magna%20grecia%2C%20monete%20di%20salapia.jpg
,,Capitolium,megalithes,wikidata,Brescia,3,,55.5,31.1,0.0,10.5,8.0,5.0,0.0,0.0,6,,1,,inconnu,,,45.540022,10.225766,Q3657072,https://fr.wikipedia.org/wiki/Capitole_de_Brixia,http://commons.wikimedia.org/wiki/Special:FilePath/Tempio%20Capitolino%20Piazza%20del%20Foro%20Brescia.jpg
,,Aternum,megalithes,wikidata,Pescara,3,,55.3,31.1,0.0,10.9,8.0,5.0,0.0,0.0,6,,2,,inconnu,,,42.460052,14.212194,Q3627904,https://fr.wikipedia.org/wiki/Aternum,http://commons.wikimedia.org/wiki/Special:FilePath/Viae%20Flaminia%20Salaria%20Tiburtina.jpg
,,Parc naturel des Lagoni de Mercurago,megalithes,wikidata,Novara,3,,53.7,31.1,0.0,9.3,8.0,5.0,0.0,0.0,6,,1,,inconnu,,,45.735000,8.552000,Q3895632,https://fr.wikipedia.org/wiki/Parc_naturel_des_Lagoni_de_Mercurago,http://commons.wikimedia.org/wiki/Special:FilePath/Lagoni%20di%20Mercurago1.jpg
,,Corioles,megalithes,wikidata,Rome,3,,52.6,39.8,0.0,7.1,0.0,5.0,0.0,0.0,11,,2,aucune photo,inconnu,,,41.790900,12.762100,Q1132979,https://fr.wikipedia.org/wiki/Corioles,
,,Éryx,megalithes,wikidata,Trapani,3,,52.4,44.4,0.0,0.0,8.0,0.0,0.0,0.0,15,,3,,inconnu,,,38.040655,12.588112,Q2275983,,http://commons.wikimedia.org/wiki/Special:FilePath/Mount%20Erice.jpg
,,Stentinello,megalithes,wikidata,Syracuse,3,,52.2,31.1,0.0,8.0,8.0,5.0,0.0,0.0,6,,3,,inconnu,,,37.113889,15.240556,Q726619,https://fr.wikipedia.org/wiki/Stentinello,http://commons.wikimedia.org/wiki/Special:FilePath/Frammenti%20di%20fiasco%20Stentinello.JPG
,,Abacaenum,megalithes,wikidata,Messine,3,,51.3,43.3,0.0,0.0,8.0,0.0,0.0,0.0,14,,2,,inconnu,,,38.065286,15.114319,Q1238713,,http://commons.wikimedia.org/wiki/Special:FilePath/%E1%BC%98%CF%81%CE%B5%CE%AF%CF%80%CE%B9%CE%B1%20%CF%84%CE%BF%E1%BF%A6%20%E1%BC%88%CE%B2%CE%B1%CE%BA%CE%B1%CE%AF%CE%BD%CE%BF%CF%85.jpg
,,Temple d'Apollon,megalithes,wikidata,Syracuse,3,,50.2,42.2,0.0,0.0,8.0,0.0,0.0,0.0,13,,3,,inconnu,,,37.063889,15.293056,Q619477,,http://commons.wikimedia.org/wiki/Special:FilePath/Syrakus%20-%20Tempio%20di%20Apollo.jpg
,,Temple d'Héraclès,megalithes,wikidata,Agrigento,3,,47.8,39.8,0.0,0.0,8.0,0.0,0.0,0.0,11,,2,,inconnu,,,37.290300,13.586400,Q3983242,,http://commons.wikimedia.org/wiki/Special:FilePath/Valley%20of%20the%20Temples%20%2838840975154%29.jpg
,,Ticinum,megalithes,wikidata,Pavie,3,,47.8,39.8,0.0,0.0,8.0,0.0,0.0,0.0,11,,1,,inconnu,,,45.185833,9.156389,Q28215083,,http://commons.wikimedia.org/wiki/Special:FilePath/IlTicinoaPavia.JPG
,,Pont San Lorenzo,megalithes,wikidata,Padoue,3,,47.7,31.1,0.0,11.3,0.0,5.0,0.0,0.0,6,,1,aucune photo,inconnu,,,45.406110,11.877870,Q2103738,https://fr.wikipedia.org/wiki/Pont_San_Lorenzo,
,,Léontini,megalithes,wikidata,Syracuse,3,,46.4,38.4,0.0,0.0,8.0,0.0,0.0,0.0,10,,3,,inconnu,,,37.281389,15.003889,Q3830644,,http://commons.wikimedia.org/wiki/Special:FilePath/Lentini%20Leontinoi%20Ausgrabungen.jpg
,,Temple E à Sélinonte,megalithes,wikidata,Trapani,3,,46.4,38.4,0.0,0.0,8.0,0.0,0.0,0.0,10,,3,,inconnu,,,37.586690,12.834817,Q3983181,,http://commons.wikimedia.org/wiki/Special:FilePath/Selinonte%20Temple%20E2.jpg
,,Temple d'Athéna,megalithes,wikidata,Syracuse,3,,46.4,38.4,0.0,0.0,8.0,0.0,0.0,0.0,10,,3,,inconnu,,,37.059600,15.293700,Q3983226,,http://commons.wikimedia.org/wiki/Special:FilePath/Tempio%20di%20Athena%20nel%20Duomo%20di%20Siracusa.jpg
,,Temple d'Héra,megalithes,wikidata,Agrigento,3,,46.4,38.4,0.0,0.0,8.0,0.0,0.0,0.0,10,,2,,inconnu,,,37.288600,13.600200,Q3983262,,http://commons.wikimedia.org/wiki/Special:FilePath/Agrigent%20BW%202012-10-07%2012-24-45.JPG
,,Tibula,megalithes,wikidata,Olbia-Tempio,3,,46.2,31.1,0.0,9.9,0.0,5.0,0.0,0.0,6,,1,aucune photo,inconnu,,,41.238600,9.188700,Q3991144,https://fr.wikipedia.org/wiki/Tibula,
,,Nauloque,megalithes,wikidata,Messine,3,,45.6,36.8,0.0,3.6,0.0,5.0,0.0,0.0,9,,2,aucune photo,inconnu,,,38.221690,15.374460,Q2449559,https://fr.wikipedia.org/wiki/Nauloque,
,,Adranon,megalithes,wikidata,Catane,3,,44.8,36.8,0.0,0.0,8.0,0.0,0.0,0.0,9,,2,,inconnu,,,37.666667,14.833333,Q28219837,,http://commons.wikimedia.org/wiki/Special:FilePath/Adrano-Panorama.JPG
,,Agrigente,megalithes,wikidata,Agrigento,3,,44.8,36.8,0.0,0.0,8.0,0.0,0.0,0.0,9,,2,disparu ou démoli (0406),inconnu,,,37.292327,13.593571,Q3607380,,http://commons.wikimedia.org/wiki/Special:FilePath/Akragas%20406%20a.C..jpg
,,Aitna,megalithes,wikidata,Catane,3,,44.8,36.8,0.0,0.0,8.0,0.0,0.0,0.0,9,,2,,inconnu,,,37.616670,14.900000,Q2292319,,http://commons.wikimedia.org/wiki/Special:FilePath/Gli%20scavi%20archeologici%20in%20contrada%20Civita%20la%20citt%C3%A0%20Greco%20Romana%20di%20Inessa%2C%20contrada%20civita%20Santa%20Maria%20di%20Licodia.jpg
,,Atella,megalithes,wikidata,Caserta,3,,44.8,36.8,0.0,0.0,8.0,0.0,0.0,0.0,9,,2,,inconnu,,,40.967386,14.268885,Q657102,,http://commons.wikimedia.org/wiki/Special:FilePath/TabulaPeutingeriana-ZonaPompeia.jpg
,,Cabu Abbas,megalithes,wikidata,Olbia-Tempio,3,,44.8,36.8,0.0,0.0,8.0,0.0,0.0,0.0,9,,1,,inconnu,,,40.955556,9.520833,Q1024978,,http://commons.wikimedia.org/wiki/Special:FilePath/Cabu%20Abbas.jpg
,,Grotta di Cocceio,megalithes,wikidata,Naples,3,,44.8,36.8,0.0,0.0,8.0,0.0,0.0,0.0,9,,2,,inconnu,,,40.840110,14.070580,Q518104,,http://commons.wikimedia.org/wiki/Special:FilePath/Grotta%20di%20Cocceio%201.jpg
,,Pithecusae,megalithes,wikidata,Naples,3,,44.8,36.8,0.0,0.0,8.0,0.0,0.0,0.0,9,,2,,inconnu,,,40.755556,13.883167,Q650428,,
,,Syracuse ancienne,megalithes,wikidata,Syracuse,3,,44.8,36.8,0.0,0.0,8.0,0.0,0.0,0.0,9,,3,,inconnu,,,37.083333,15.283333,Q4420718,,http://commons.wikimedia.org/wiki/Special:FilePath/Theatre%20at%20Syracuse%2C%20Sicily.jpg
,,Temple de la Victoire,megalithes,wikidata,Palerme,3,,44.8,36.8,0.0,0.0,8.0,0.0,0.0,0.0,9,,2,,inconnu,,,37.973900,13.823900,Q3983217,,http://commons.wikimedia.org/wiki/Special:FilePath/Himera%20Viktoriatempel.jpg
,,Villa Boscoreale,megalithes,wikidata,Naples,3,,44.8,36.8,0.0,0.0,8.0,0.0,0.0,0.0,9,,2,,inconnu,,,40.761389,14.471389,Q682404,,http://commons.wikimedia.org/wiki/Special:FilePath/Cubiculum%20%28bedroom%29%20from%20the%20Villa%20of%20P.%20Fannius%20Synistor%20at%20Boscoreale.jpg
,,Argimusco,megalithes,wikidata,Messine,3,,43.2,35.2,0.0,0.0,8.0,0.0,0.0,0.0,8,,2,,inconnu,,,37.988030,15.042778,Q3622428,,http://commons.wikimedia.org/wiki/Special:FilePath/Megaliti%20della%20virilit%C3%A0%20femminile%20e%20maschile%2C%20Altopiano%20dell%27Argimusco%20%28ME%29.JPG
,,Buxentum,megalithes,wikidata,Salerne,3,,43.2,35.2,0.0,0.0,8.0,0.0,0.0,0.0,8,,2,,inconnu,,,40.083851,15.511849,Q1018282,,http://commons.wikimedia.org/wiki/Special:FilePath/Defensive%20wall%20Policastro%204.jpg
,,Hyccara,megalithes,wikidata,Palerme,3,,43.2,31.1,0.0,6.9,0.0,5.0,0.0,0.0,6,,2,aucune photo,inconnu,,,38.130911,13.183937,Q728102,https://fr.wikipedia.org/wiki/Hyccara,
,,Pandosie,megalithes,wikidata,Cosenza,3,,43.2,35.2,0.0,0.0,8.0,0.0,0.0,0.0,8,,2,,inconnu,,,39.308789,16.194247,Q3655702,,http://commons.wikimedia.org/wiki/Special:FilePath/%D0%91%D1%80%D1%83%D1%82%D1%82%D0%B8%D0%B9%20%D1%80%D0%B5%D0%B7.PNG
,,Santa Croce,megalithes,wikidata,Trieste,3,,43.2,35.2,0.0,0.0,8.0,0.0,0.0,0.0,8,,2,,inconnu,,,45.734167,13.692500,Q3948975,,
,,Temple de Diane,megalithes,wikidata,Rome,3,,43.2,35.2,0.0,0.0,8.0,0.0,0.0,0.0,8,,2,,inconnu,,,41.724448,12.709283,Q18590113,,http://commons.wikimedia.org/wiki/Special:FilePath/Rests%20of%20Temple%20of%20Diana%20in%20Nemi.jpg
,,Roman Cryptoporticus (Vicenza),megalithes,wikidata,Vicence,3,,42.0,31.1,0.0,0.0,8.0,0.0,0.0,2.9,6,,1,,inconnu,,,45.545624,11.544190,Q21208502,,http://commons.wikimedia.org/wiki/Special:FilePath/Criptoportico%20romano%20%28Vicenza%29%2008.jpg
,,Sacriport,megalithes,wikidata,Frosinone,3,,41.4,31.1,0.0,5.1,0.0,5.0,0.0,0.0,6,,2,aucune photo,inconnu,,,41.689722,13.128333,Q2210995,https://fr.wikipedia.org/wiki/Sacriport,
,,Civitavecchia,megalithes,wikidata,Frosinone,3,,41.3,33.3,0.0,0.0,8.0,0.0,0.0,0.0,7,,2,,inconnu,,,41.649154,13.617731,Q3604770,,http://commons.wikimedia.org/wiki/Special:FilePath/Arpino%20arcosestoacuto.JPG
,,Hippana,megalithes,wikidata,Palerme,3,,41.3,33.3,0.0,0.0,8.0,0.0,0.0,0.0,7,,2,,inconnu,,,37.703056,13.436111,Q1989713,,http://commons.wikimedia.org/wiki/Special:FilePath/Hippana-Teatro.jpg
,,Temesa,megalithes,wikidata,Catanzaro,3,,41.3,33.3,0.0,0.0,8.0,0.0,0.0,0.0,7,,2,,inconnu,,,39.036454,16.159633,Q3983093,,
,,Temple C,megalithes,wikidata,Trapani,3,,41.3,33.3,0.0,0.0,8.0,0.0,0.0,0.0,7,,3,,inconnu,,,37.583200,12.825300,Q3983175,,http://commons.wikimedia.org/wiki/Special:FilePath/Selinunte%20Temple%20C%20aerial%20view.jpg
,,Temple dorique,megalithes,wikidata,Trapani,3,,41.3,33.3,0.0,0.0,8.0,0.0,0.0,0.0,7,,3,,inconnu,,,37.941449,12.833070,Q3983280,,http://commons.wikimedia.org/wiki/Special:FilePath/Segesta%20AncientGreekTemple%200932.jpg
,,Arpinum,megalithes,wikidata,Frosinone,3,,39.1,31.1,0.0,0.0,8.0,0.0,0.0,0.0,6,,2,,inconnu,,,41.650000,13.616700,Q3914222,,http://commons.wikimedia.org/wiki/Special:FilePath/Arpino%20arcosestoacuto.JPG
,,Circeii,megalithes,wikidata,Latina,3,,39.1,31.1,0.0,0.0,8.0,0.0,0.0,0.0,6,,3,,inconnu,,,41.243889,13.051944,Q11913906,,
,,Cornus,megalithes,wikidata,Oristano,3,,39.1,31.1,0.0,0.0,8.0,0.0,0.0,0.0,6,,1,,inconnu,,,40.093333,8.508056,Q1134283,,http://commons.wikimedia.org/wiki/Special:FilePath/Cuglieri%20-%20Cornus%20-%20area%20paleocristiana%20-%20fonte%20battesimale%2815%29.JPG
,,Interamna Lirenas,megalithes,wikidata,Frosinone,3,,39.1,31.1,0.0,0.0,8.0,0.0,0.0,0.0,6,,2,,inconnu,,,41.427655,13.753908,Q1665908,,http://commons.wikimedia.org/wiki/Special:FilePath/Theatre%20Interamna%20Lirenas.png
,,Ripari Villabruna,megalithes,wikidata,Belluno,3,,39.1,31.1,0.0,0.0,8.0,0.0,0.0,0.0,6,,1,,inconnu,,,46.084630,11.764530,Q25043414,,http://commons.wikimedia.org/wiki/Special:FilePath/Riparo%20Villabruna.jpg
,,Three Taverns,megalithes,wikidata,Latina,3,,36.8,36.8,0.0,0.0,0.0,0.0,0.0,0.0,9,,3,aucune photo,inconnu,,,41.561944,12.873889,Q622536,,
,,Hybla Heraea,megalithes,wikidata,Ragusa,3,,35.2,35.2,0.0,0.0,0.0,0.0,0.0,0.0,8,,2,aucune photo,inconnu,,,36.940000,14.720000,Q13635068,,
,,Agathyrnum,megalithes,wikidata,Messine,3,,33.3,33.3,0.0,0.0,0.0,0.0,0.0,0.0,7,,2,aucune photo,inconnu,,,38.182167,14.908306,Q4691586,,
,,Hybla Gereatis,megalithes,wikidata,Catane,3,,33.3,33.3,0.0,0.0,0.0,0.0,0.0,0.0,7,,2,aucune photo,inconnu,,,37.567342,14.900910,Q3787772,,
,,Ameselum,megalithes,wikidata,Enna,3,,31.1,31.1,0.0,0.0,0.0,0.0,0.0,0.0,6,,2,aucune photo,inconnu,,,37.638346,14.661910,Q4745915,,
,,Arretium,megalithes,wikidata,Arezzo,3,,31.1,31.1,0.0,0.0,0.0,0.0,0.0,0.0,6,,1,aucune photo,inconnu,,,43.470000,11.880000,Q9160295,,
,,Comino,megalithes,wikidata,Chieti,3,,31.1,31.1,0.0,0.0,0.0,0.0,0.0,0.0,6,,2,aucune photo,inconnu,,,42.187244,14.190785,Q3684377,,
,,Corbio,megalithes,wikidata,Rome,3,,31.1,31.1,0.0,0.0,0.0,0.0,0.0,0.0,6,,2,aucune photo,inconnu,,,41.777306,12.917667,Q1131991,,
,,Corniculum,megalithes,wikidata,Rome,3,,31.1,31.1,0.0,0.0,0.0,0.0,0.0,0.0,6,,2,disparu ou démoli (-050) ; aucune photo,inconnu,,,42.020425,12.757123,Q5171759,,
,,Erbesso,megalithes,wikidata,Enna,3,,31.1,31.1,0.0,0.0,0.0,0.0,0.0,0.0,6,,2,aucune photo,inconnu,,,37.427350,14.300981,Q3731159,,
,,Forum Clodii,megalithes,wikidata,Rome,3,,31.1,31.1,0.0,0.0,0.0,0.0,0.0,0.0,6,,2,aucune photo,inconnu,,,42.129370,12.164450,Q1439180,,
,,Longula,megalithes,wikidata,Latina,3,,31.1,31.1,0.0,0.0,0.0,0.0,0.0,0.0,6,,3,aucune photo,inconnu,,,41.593305,12.608632,Q1639494,,
,,Teatro Malibran,monuments,wikidata,Venise,3,,78.9,42.2,0.0,22.1,8.0,5.0,0.0,0.0,13,,3,,inconnu,,,45.438993,12.338162,Q3982047,https://fr.wikipedia.org/wiki/Teatro_Malibran,http://commons.wikimedia.org/wiki/Special:FilePath/Teatro%20Malibran.jpg
,,Teatro Regio,monuments,wikidata,Turin,3,,78.7,47.1,0.0,16.5,8.0,5.0,0.0,0.0,18,,4,,inconnu,,,45.070556,7.687778,Q183202,https://fr.wikipedia.org/wiki/Teatro_Regio_(Turin),http://commons.wikimedia.org/wiki/Special:FilePath/IB%20teatro%20regio.jpg
,,Palais Dario,monuments,wikidata,Venise,3,,78.6,45.3,0.0,16.1,8.0,5.0,0.0,0.0,16,,3,,inconnu,,,45.430844,12.332228,Q52629,https://fr.wikipedia.org/wiki/Palais_Dario,http://commons.wikimedia.org/wiki/Special:FilePath/Venice%20-%20Dario%27s%20Palace.jpg
,,Palazzo Ducale,monuments,wikidata,Modène,3,,77.2,41.0,0.0,22.0,8.0,5.0,0.0,0.0,12,,4,,inconnu,,,44.648330,10.928942,Q1054370,https://fr.wikipedia.org/wiki/Palazzo_Ducale_(Mod%C3%A8ne),http://commons.wikimedia.org/wiki/Special:FilePath/Palazzo%20Ducale%20Estense%20di%20Modena.jpg
,,Palazzo Cattaneo Adorno,monuments,wikidata,Gênes,3,nouveau,76.7,28.7,40.0,0.0,8.0,0.0,0.0,0.0,5,unesco,4,,inconnu,oui,,44.410900,8.933280,Q3889823,,http://commons.wikimedia.org/wiki/Special:FilePath/Palazzo%20Cattaneo-Adorno01.jpg
,,Palazzo Giacomo Lomellini,monuments,wikidata,Gênes,3,nouveau,76.7,28.7,40.0,0.0,8.0,0.0,0.0,0.0,5,unesco,4,,inconnu,oui,,44.413560,8.929660,Q3890188,,http://commons.wikimedia.org/wiki/Special:FilePath/PalazzoGiacomoLomellini.jpg
,,Palazzo dell'Arengario,monuments,wikidata,Milan,3,,76.5,38.4,0.0,24.7,8.0,5.0,0.0,0.0,10,,3,,inconnu,,,45.463524,9.190200,Q1107168,https://fr.wikipedia.org/wiki/Palazzo_dell%27Arengario,http://commons.wikimedia.org/wiki/Special:FilePath/Arengario%20all%27ora%20blu.jpg
,,Opera Carlo Felice Genova,monuments,wikidata,Gênes,3,nouveau,75.8,46.2,0.0,15.3,8.0,5.0,0.0,0.0,17,,3,,inconnu,,,44.407905,8.935129,Q2299021,https://fr.wikipedia.org/wiki/Th%C3%A9%C3%A2tre_Carlo-Felice,http://commons.wikimedia.org/wiki/Special:FilePath/Teatro%20Carlo%20Felice%2C%20Genova%2C%20complesso%20intero.jpg
,,Palazzo della Ragione de Padoue,monuments,wikidata,Padoue,3,,75.6,46.2,0.0,13.5,8.0,5.0,0.0,0.0,17,,3,,inconnu,,,45.407222,11.875278,Q2517428,https://fr.wikipedia.org/wiki/Palazzo_della_Ragione_de_Padoue,http://commons.wikimedia.org/wiki/Special:FilePath/Exterior%20of%20Palazzo%20della%20Ragione%20%28Padua%29.jpg
,,Teatro Verdi,monuments,wikidata,Trieste,3,,75.6,45.3,0.0,17.0,8.0,5.0,0.0,0.0,16,,3,,inconnu,,,45.650900,13.768700,Q2294135,https://fr.wikipedia.org/wiki/Teatro_Verdi_(Trieste),http://commons.wikimedia.org/wiki/Special:FilePath/Teatro%20Verdi.JPG
,,Conservatoire San Pietro a Majella de Naples,monuments,wikidata,Naples,3,,74.6,42.2,0.0,18.7,8.0,5.0,0.0,0.0,13,,3,,inconnu,,,40.849444,14.252500,Q368820,https://fr.wikipedia.org/wiki/Conservatoire_San_Pietro_a_Majella_de_Naples,http://commons.wikimedia.org/wiki/Special:FilePath/NapoliConservatorioSanPietroAMaiellaTarga.jpg
,,Tour Velasca,monuments,wikidata,Milan,3,,74.3,46.2,0.0,11.3,8.0,5.0,0.0,0.0,17,,3,,inconnu,,,45.460000,9.190556,Q1156274,https://fr.wikipedia.org/wiki/Tour_Velasca,http://commons.wikimedia.org/wiki/Special:FilePath/Torre%20Velasca%2001.jpg
,,Palais Labia,monuments,wikidata,Venise,3,,73.9,44.4,0.0,14.6,8.0,5.0,0.0,0.0,15,,3,,inconnu,,,45.443230,12.325280,Q1273374,https://fr.wikipedia.org/wiki/Palais_Labia,http://commons.wikimedia.org/wiki/Special:FilePath/Palazzo%20Labia%20%28Venice%29%20in%20Campo%20San%20Geremia.jpg
,,Arc de Trajan d'Ancône,monuments,wikidata,Ancône,3,,73.8,44.4,0.0,15.7,8.0,5.0,0.0,0.0,15,,3,,inconnu,,,43.625278,13.506500,Q1509102,https://fr.wikipedia.org/wiki/Arc_de_Trajan_(Anc%C3%B4ne),http://commons.wikimedia.org/wiki/Special:FilePath/Arco%20di%20Traiano%20Ancona%20vista%20frontale.JPG
,,Palazzi Barbaro a San Vidal,monuments,wikidata,Venise,3,,73.6,45.3,0.0,14.4,8.0,5.0,0.0,0.0,16,,3,,inconnu,,,45.431700,12.330000,Q2603961,https://fr.wikipedia.org/wiki/Ca%27_Barbaro,http://commons.wikimedia.org/wiki/Special:FilePath/Palazzo%20Barbaro%20a%20San%20Vidal.jpg
,,Palazzo dei Diamanti,monuments,wikidata,Ferrare,3,,73.5,44.4,0.0,14.2,8.0,5.0,0.0,0.0,15,,4,,inconnu,,,44.841620,11.621059,Q2047639,https://fr.wikipedia.org/wiki/Palazzo_dei_Diamanti,http://commons.wikimedia.org/wiki/Special:FilePath/01%20Palazzo%20dei%20Diamanti%20-%20Ferrara.jpg
,,Palazzo Re Enzo,monuments,wikidata,Bologne,3,,73.3,47.1,0.0,12.0,8.0,5.0,0.0,0.0,18,,4,,inconnu,,,44.494353,11.343293,Q604770,https://fr.wikipedia.org/wiki/Palazzo_Re_Enzo,http://commons.wikimedia.org/wiki/Special:FilePath/Bologna%20Palazzo%20Re%20Enzo%2026-04-2012%2011-34-33.JPG
,,Palais municipal,monuments,wikidata,Ferrare,3,,72.7,33.3,0.0,25.6,8.0,5.0,0.0,0.0,7,,4,,inconnu,,,44.836100,11.619153,Q3890540,https://fr.wikipedia.org/wiki/Palais_municipal_(Ferrare),http://commons.wikimedia.org/wiki/Special:FilePath/Ferrara%20-%20Palazzo%20del%20Municipio%202.jpg
,,Arco della Pace,monuments,wikidata,Milan,3,,72.4,39.8,0.0,13.5,8.0,5.0,0.0,0.0,11,,3,,inconnu,,,45.475697,9.172408,Q776576,https://fr.wikipedia.org/wiki/Arco_della_Pace,http://commons.wikimedia.org/wiki/Special:FilePath/Triumphal%20arch%20in%20Milan%20%288870285141%29.jpg
,,Torrazzo de Crémone,monuments,wikidata,Crémone,3,,72.4,44.4,0.0,13.6,8.0,5.0,0.0,0.0,15,,3,,inconnu,,,45.133700,10.025200,Q2368198,https://fr.wikipedia.org/wiki/Torrazzo_de_Cr%C3%A9mone,http://commons.wikimedia.org/wiki/Special:FilePath/Cremona01.jpg
,,Palais de Quisisana,monuments,wikidata,Naples,3,,72.2,36.8,0.0,22.0,8.0,5.0,0.0,0.0,9,,3,,inconnu,,,40.684889,14.488552,Q3931701,https://fr.wikipedia.org/wiki/Palais_de_Quisisana,http://commons.wikimedia.org/wiki/Special:FilePath/Reggia%20di%20Quisisana%20014.JPG
,,Pylônes de Messine,monuments,wikidata,Reggio de Calabre,3,,72.1,36.8,0.0,20.1,8.0,5.0,0.0,0.0,9,,3,,inconnu,,,38.245833,15.632500,Q2356853,https://fr.wikipedia.org/wiki/Pyl%C3%B4nes_de_Messine,http://commons.wikimedia.org/wiki/Special:FilePath/Santatradadalmare.jpg
,,Teatro dal Verme,monuments,wikidata,Milan,3,,71.6,43.3,0.0,14.7,8.0,5.0,0.0,0.0,14,,3,,inconnu,,,45.467124,9.181468,Q1049376,https://fr.wikipedia.org/wiki/Teatro_Dal_Verme,http://commons.wikimedia.org/wiki/Special:FilePath/5300MilanoTeatroDalVerme.JPG
,,Teatro dei Fiorentini,monuments,wikidata,Naples,3,,71.2,33.3,0.0,24.7,8.0,5.0,0.0,0.0,7,,3,,inconnu,,,40.842297,14.250058,Q3982267,https://fr.wikipedia.org/wiki/Teatro_dei_Fiorentini,
,,Théâtre romain de Vérone,monuments,wikidata,Vérone,3,,71.2,43.3,0.0,13.2,8.0,5.0,0.0,0.0,14,,2,,inconnu,,,45.447417,11.001639,Q1477572,https://fr.wikipedia.org/wiki/Th%C3%A9%C3%A2tre_romain_de_V%C3%A9rone,http://commons.wikimedia.org/wiki/Special:FilePath/VeronaTeatroRomanoDalMuseo.jpg
,,Palais des papes de Viterbe,monuments,wikidata,Viterbo,3,,71.1,36.8,0.0,19.6,8.0,5.0,0.0,0.0,9,,1,,inconnu,,,42.415740,12.100968,Q1639175,https://fr.wikipedia.org/wiki/Palais_des_papes_de_Viterbe,http://commons.wikimedia.org/wiki/Special:FilePath/Palazzo%20dei%20Papi%20%28Viterbo%29%202022.jpg
,,Palais Porto,monuments,wikidata,Vicence,3,,70.8,38.4,0.0,19.1,8.0,5.0,0.0,0.0,10,,1,,inconnu,,,45.549619,11.545314,Q2288502,https://fr.wikipedia.org/wiki/Palais_Porto,http://commons.wikimedia.org/wiki/Special:FilePath/Palazzo%20Porto%20sett07.jpg
,,Tour Asinelli,monuments,wikidata,Bologne,3,,70.7,38.4,0.0,15.9,8.0,5.0,0.0,0.0,10,,3,,inconnu,,,44.494127,11.346712,Q16511590,https://fr.wikipedia.org/wiki/Tour_Asinelli,http://commons.wikimedia.org/wiki/Special:FilePath/2tours%20bologne%20082005.jpg
,,Palais du Podestat,monuments,wikidata,Bologne,3,,70.6,44.4,0.0,12.0,8.0,5.0,0.0,0.0,15,,3,,inconnu,,,44.494116,11.342971,Q2006730,https://fr.wikipedia.org/wiki/Palais_du_Podestat_(Bologne),http://commons.wikimedia.org/wiki/Special:FilePath/Bologne%20palazzo%20del%20podesta.jpg
,,Palais Brera,monuments,wikidata,Milan,3,,70.5,45.3,0.0,12.1,8.0,5.0,0.0,0.0,16,,2,,inconnu,,,45.472064,9.188132,Q21748501,https://fr.wikipedia.org/wiki/Palais_Brera,http://commons.wikimedia.org/wiki/Special:FilePath/Veduta%20laterale%20del%20Palazzo%20di%20Brera%2C%20Milano.jpg
,,Palazzo dei Priori,monuments,wikidata,Pérouse,3,,69.8,43.3,0.0,12.2,8.0,5.0,0.0,0.0,14,,2,,inconnu,,,43.111944,12.388611,Q2004573,https://fr.wikipedia.org/wiki/Palazzo_dei_Priori_(P%C3%A9rouse),http://commons.wikimedia.org/wiki/Special:FilePath/Palacio%20de%20los%20Priores%2C%20Perugia%2C%20Italia%2C%202022-09-20%2C%20DD%2007.jpg
,,Palais Biscari,monuments,wikidata,Catane,3,,69.7,36.8,0.0,17.8,8.0,5.0,0.0,0.0,9,,2,,inconnu,,,37.502222,15.090278,Q1459750,https://fr.wikipedia.org/wiki/Palais_Biscari,http://commons.wikimedia.org/wiki/Special:FilePath/Palazzo%20Biscari%2C%20Catania%202022.jpg
,,Palais Spini-Feroni,monuments,wikidata,Florence,3,,69.6,42.2,0.0,13.6,8.0,5.0,0.0,0.0,13,,1,,inconnu,,,43.769594,11.250992,Q281532,https://fr.wikipedia.org/wiki/Palais_Spini-Feroni,http://commons.wikimedia.org/wiki/Special:FilePath/Palazzo%20Spiniferoni%20Florenz.jpg
,,Palazzo Terragni,monuments,wikidata,Côme,3,,69.6,44.4,0.0,9.6,8.0,5.0,0.0,0.0,15,,2,,inconnu,,,45.812315,9.085934,Q2719120,https://fr.wikipedia.org/wiki/Casa_del_Fascio,http://commons.wikimedia.org/wiki/Special:FilePath/Casa%20del%20Fascio%20%28Como%29%2002.jpg
,,Palais Porto,monuments,wikidata,Vicence,3,,69.5,39.8,0.0,16.5,8.0,5.0,0.0,0.0,11,,1,,inconnu,,,45.545678,11.541372,Q2573936,https://fr.wikipedia.org/wiki/Palais_Porto_(piazza_Castello),http://commons.wikimedia.org/wiki/Special:FilePath/PalazzoPortoPiazzaCastello20070705-1.jpg
,,Loggia del Capitanio,monuments,wikidata,Vicence,3,,69.4,38.4,0.0,16.9,8.0,5.0,0.0,0.0,10,,1,,inconnu,,,45.547222,11.545833,Q1115328,https://fr.wikipedia.org/wiki/Loggia_del_Capitanio,http://commons.wikimedia.org/wiki/Special:FilePath/Palazzo%20del%20Capitanio%20-%20Vicenza.jpg
,,Teatro Regio,monuments,wikidata,Parme,3,,69.4,42.2,0.0,13.4,8.0,5.0,0.0,0.0,13,,3,,inconnu,,,44.803128,10.327258,Q2096472,https://fr.wikipedia.org/wiki/Teatro_Regio_(Parme),http://commons.wikimedia.org/wiki/Special:FilePath/Teatro%20Regio%20%28Parma%29%202013-10-13.jpg
,,Amphithéâtre de Pouzzoles,monuments,wikidata,Naples,3,,69.2,43.3,0.0,11.3,8.0,5.0,0.0,0.0,14,,1,,inconnu,,,40.825869,14.125078,Q662766,https://fr.wikipedia.org/wiki/Amphith%C3%A9%C3%A2tre_de_Pouzzoles,http://commons.wikimedia.org/wiki/Special:FilePath/Amfiteatr%20Flawiuszy%20w%20Pozzuoli.jpg
,,Arco dei Gavi,monuments,wikidata,Vérone,3,,69.1,44.4,0.0,10.6,8.0,5.0,0.0,0.0,15,,1,,inconnu,,,45.440100,10.988770,Q1153879,https://fr.wikipedia.org/wiki/Arco_dei_Gavi,http://commons.wikimedia.org/wiki/Special:FilePath/Arco%20dei%20Gavi-XE3F2333a.jpg
,,Teatro Massimo Vincenzo Bellini,monuments,wikidata,Catane,3,,69.0,43.3,0.0,11.3,8.0,5.0,0.0,0.0,14,,2,,inconnu,,,37.504167,15.090000,Q1429352,https://fr.wikipedia.org/wiki/Teatro_Massimo_Vincenzo_Bellini,http://commons.wikimedia.org/wiki/Special:FilePath/Catania%20BW%202012-10-06%2011-11-06.jpg
,,Arc d'Auguste,monuments,wikidata,Rimini,3,,68.8,42.2,0.0,12.1,8.0,5.0,0.0,0.0,13,,3,,inconnu,,,44.056917,12.571111,Q1072853,https://fr.wikipedia.org/wiki/Arc_d%27Auguste_(Rimini),http://commons.wikimedia.org/wiki/Special:FilePath/Arco%20d%27Augusto%2C%20Rimini%20Italy.jpg
,,Palais Natoli,monuments,wikidata,Palerme,3,,68.7,43.3,0.0,12.1,8.0,5.0,0.0,0.0,14,,2,,inconnu,,,38.114723,13.358944,Q17266053,https://fr.wikipedia.org/wiki/Palais_Natoli,http://commons.wikimedia.org/wiki/Special:FilePath/Palazzo%20Natoli.jpg
,,Porta Nuova,monuments,wikidata,Palerme,3,,68.7,39.8,0.0,14.6,8.0,5.0,0.0,0.0,11,,1,,inconnu,,,38.112139,13.352778,Q657847,https://fr.wikipedia.org/wiki/Porta_Nuova_(Palerme),http://commons.wikimedia.org/wiki/Special:FilePath/Palermo-Porta-Nuova-bjs-1.jpg
,,Palazzo Antinori,monuments,wikidata,Florence,3,,68.4,41.0,0.0,14.1,8.0,5.0,0.0,0.0,12,,1,,inconnu,,,43.772817,11.251128,Q3889546,https://fr.wikipedia.org/wiki/Palazzo_Antinori,http://commons.wikimedia.org/wiki/Special:FilePath/Palazzo%20Antinori.JPG
,,Real Albergo dei Poveri de Naples,monuments,wikidata,Naples,3,,68.0,42.2,0.0,11.7,8.0,5.0,0.0,0.0,13,,1,,inconnu,,,40.863465,14.265460,Q221640,https://fr.wikipedia.org/wiki/Real_Albergo_dei_Poveri_de_Naples,http://commons.wikimedia.org/wiki/Special:FilePath/Benjamin%20Rolland%20Murat%20visita%20l%20albergo%20dei%20poveri.JPG
,,Hôtel de ville de Trieste,monuments,wikidata,Trieste,3,,67.9,36.8,0.0,17.7,8.0,5.0,0.0,0.0,9,,2,,inconnu,,,45.649428,13.768439,Q89128241,https://fr.wikipedia.org/wiki/H%C3%B4tel_de_ville_de_Trieste,http://commons.wikimedia.org/wiki/Special:FilePath/Piazza%20Unita.jpg
,,Palazzo Comunale,monuments,wikidata,Sienne,3,,67.9,38.4,0.0,15.7,8.0,5.0,0.0,0.0,10,,1,,inconnu,,,43.467639,11.043078,Q3889916,https://fr.wikipedia.org/wiki/Palazzo_Comunale_de_San_Gimignano,http://commons.wikimedia.org/wiki/Special:FilePath/724GimignanoPalPopolo.JPG
,,Palazzo dello Spagnolo,monuments,wikidata,Naples,3,,67.9,41.0,0.0,12.4,8.0,5.0,0.0,0.0,12,,1,,inconnu,,,40.856800,14.254400,Q3361360,https://fr.wikipedia.org/wiki/Palazzo_dello_Spagnolo,http://commons.wikimedia.org/wiki/Special:FilePath/Palazzo%20dello%20Spagnolo%20-%20Naples.jpg
,,Almo Collegio Borromeo,monuments,wikidata,Pavie,3,,67.7,31.1,0.0,23.3,8.0,5.0,0.0,0.0,6,,1,,inconnu,,,45.180278,9.161306,Q2644227,https://fr.wikipedia.org/wiki/Almo_Collegio_Borromeo,http://commons.wikimedia.org/wiki/Special:FilePath/Collegio%20Borromeo%20%28Pavia%29.jpg
,,Amphithéâtre de Syracuse,monuments,wikidata,Syracuse,3,,67.7,41.0,0.0,11.2,8.0,5.0,0.0,0.0,12,,1,,inconnu,,,37.074153,15.278950,Q1091447,https://fr.wikipedia.org/wiki/Amphith%C3%A9%C3%A2tre_de_Syracuse,http://commons.wikimedia.org/wiki/Special:FilePath/Anfiteatro%20di%20Siracusa%2001.jpg
,,Palazzo della Ragione,monuments,wikidata,Vérone,3,,67.2,31.1,0.0,22.1,8.0,5.0,0.0,0.0,6,,1,,inconnu,,,45.442935,10.998046,Q3891268,https://fr.wikipedia.org/wiki/Palazzo_della_Ragione_(V%C3%A9rone),http://commons.wikimedia.org/wiki/Special:FilePath/Scala%20della%20Ragione%20-%20Verona.jpg
,,Teatro Petruzzelli,monuments,wikidata,Bari,3,,67.2,44.4,0.0,8.6,8.0,5.0,0.0,0.0,15,,2,,inconnu,,,41.123500,16.872800,Q845510,https://fr.wikipedia.org/wiki/Teatro_Petruzzelli,http://commons.wikimedia.org/wiki/Special:FilePath/Bari%20-%20Teatro%20Petruzzelli%20-%20Fa%C3%A7ade.jpg
,,Théâtre philharmonique de Vérone,monuments,wikidata,Vérone,3,,67.0,38.4,0.0,15.1,8.0,5.0,0.0,0.0,10,,1,,inconnu,,,45.438416,10.990167,Q3527898,https://fr.wikipedia.org/wiki/Th%C3%A9%C3%A2tre_philharmonique_de_V%C3%A9rone,http://commons.wikimedia.org/wiki/Special:FilePath/Teatro.Filarmonico.Verona.png
,,Palais Pretorio,monuments,wikidata,Palerme,3,,66.9,41.0,0.0,12.6,8.0,5.0,0.0,0.0,12,,1,,inconnu,,,38.115000,13.362222,Q588036,https://fr.wikipedia.org/wiki/Palazzo_Pretorio_(Palerme),http://commons.wikimedia.org/wiki/Special:FilePath/Palermo-Palazzo-Pretorio-bjs2007-01.jpg
,,Collège Ghislieri,monuments,wikidata,Pavie,3,,66.8,33.3,0.0,20.3,8.0,5.0,0.0,0.0,7,,1,,inconnu,,,45.186242,9.161653,Q427141,https://fr.wikipedia.org/wiki/Coll%C3%A8ge_Ghislieri,http://commons.wikimedia.org/wiki/Special:FilePath/Collegio%20Ghislieri%20%28Pavia%29.JPG
,,Palais Farnèse,monuments,wikidata,Plaisance,3,,66.5,38.4,0.0,13.8,8.0,5.0,0.0,0.0,10,,3,,inconnu,,,45.055531,9.695937,Q2560897,https://fr.wikipedia.org/wiki/Palais_Farn%C3%A8se_(Plaisance),http://commons.wikimedia.org/wiki/Special:FilePath/Palazzo%20Farnese%20%28Piacenza%29%20-%20lati%20sud-est%20e%20sud-ovest%202%202022-08-08.jpg
,,Obélisque de Boboli,monuments,wikidata,Florence,3,,66.0,35.2,0.0,17.2,8.0,5.0,0.0,0.0,8,,1,,inconnu,,,43.764100,11.250900,Q22936182,https://fr.wikipedia.org/wiki/Ob%C3%A9lisque_de_Boboli,http://commons.wikimedia.org/wiki/Special:FilePath/Obelisco%20di%20Boboli%2C%20da%20eliopoli%2C%20poi%20roma%2C%20xiii%20secolo%20ac.%2C%2010.jpg
,,Palais du Jardin,monuments,wikidata,Parme,3,,65.6,33.3,0.0,18.8,8.0,5.0,0.0,0.0,7,,3,,inconnu,,,44.807900,10.322300,Q3891285,https://fr.wikipedia.org/wiki/Palais_du_Jardin,http://commons.wikimedia.org/wiki/Special:FilePath/Parco%20Ducale%20di%20Parma.JPG
,,Teatro Carignano,monuments,wikidata,Turin,3,,65.6,35.2,0.0,17.2,8.0,5.0,0.0,0.0,8,,3,,inconnu,,,45.069306,7.684611,Q3895972,https://fr.wikipedia.org/wiki/Teatro_Carignano,http://commons.wikimedia.org/wiki/Special:FilePath/Torino-TeatroCarignano.jpg
,,Palais Maffei,monuments,wikidata,Vérone,3,,65.5,38.4,0.0,12.9,8.0,5.0,0.0,0.0,10,,1,,inconnu,,,45.443611,10.996667,Q3890381,https://fr.wikipedia.org/wiki/Palais_Maffei_(V%C3%A9rone),http://commons.wikimedia.org/wiki/Special:FilePath/Piazza%20delle%20Erbe%20-%20Palazzo%20Maffei%20%28Verona%29.jpg
,,Tour de l'Horloge de Padoue,monuments,wikidata,Padoue,3,,65.4,35.2,0.0,16.2,8.0,5.0,0.0,0.0,8,,1,,inconnu,,,45.407778,11.872778,Q3995474,https://fr.wikipedia.org/wiki/Tour_de_l%27Horloge_de_Padoue,http://commons.wikimedia.org/wiki/Special:FilePath/Torre%20dell%27Orologio%20Padova.jpg
,,Palazzo Chiaramonte Steri,monuments,wikidata,Palerme,3,,65.3,38.4,0.0,12.6,8.0,5.0,0.0,0.0,10,,1,,inconnu,,,38.117778,13.370000,Q2047529,https://fr.wikipedia.org/wiki/Palazzo_Chiaramonte_Steri,http://commons.wikimedia.org/wiki/Special:FilePath/Palermo-Palazzo-Chiaramonte-bjs2007-01.jpg
,,Arc d'Auguste,monuments,wikidata,Turin,3,,65.2,36.8,0.0,14.2,8.0,5.0,0.0,0.0,9,,3,,inconnu,,,45.136100,7.042940,Q1892101,https://fr.wikipedia.org/wiki/Arc_d%27Auguste_(Suse),http://commons.wikimedia.org/wiki/Special:FilePath/Arco%20di%20Augusto-Susa.jpg
,,Arc d'Auguste,monuments,wikidata,Aoste,3,,65.2,38.4,0.0,12.0,8.0,5.0,0.0,0.0,10,,2,,inconnu,,,45.739203,7.328031,Q1891991,https://fr.wikipedia.org/wiki/Arc_d%27Auguste_(Aoste),http://commons.wikimedia.org/wiki/Special:FilePath/Arco%20Augusto%20Aosta.jpg
,,Palais Schio,monuments,wikidata,Vicence,3,,64.8,36.8,0.0,14.8,8.0,5.0,0.0,0.0,9,,1,,inconnu,,,45.551690,11.543520,Q1406358,https://fr.wikipedia.org/wiki/Palais_Schio,http://commons.wikimedia.org/wiki/Special:FilePath/Palazzo%20Schio%2020081203-1.jpg
,,Teatro Giuseppe Verdi,monuments,wikidata,Parme,3,,64.8,35.2,0.0,16.3,8.0,5.0,0.0,0.0,8,,2,,inconnu,,,44.981435,10.041472,Q1331708,https://fr.wikipedia.org/wiki/Th%C3%A9%C3%A2tre_Giuseppe_Verdi_(Busseto),http://commons.wikimedia.org/wiki/Special:FilePath/Ingresso%20Teatro%20Verdi%20-%20Bussetto.JPG
,,Palais Carciotti,monuments,wikidata,Trieste,3,,64.7,31.1,0.0,20.4,8.0,5.0,0.0,0.0,6,,2,,inconnu,,,45.652320,13.770260,Q16586050,https://fr.wikipedia.org/wiki/Palais_Carciotti,http://commons.wikimedia.org/wiki/Special:FilePath/Trieste%20-%20Palazzo%20Carciotti.jpg
,,Tour Mileto,monuments,wikidata,Foggia,3,,64.4,36.8,0.0,14.3,8.0,5.0,0.0,0.0,9,,2,,inconnu,,,41.928563,15.621242,Q1815153,https://fr.wikipedia.org/wiki/Tour_Mileto,http://commons.wikimedia.org/wiki/Special:FilePath/Torre%20Mileto.JPG
,,Palais Valmarana,monuments,wikidata,Vicence,3,,64.3,41.0,0.0,9.5,8.0,5.0,0.0,0.0,12,,1,,inconnu,,,45.547778,11.543611,Q2298628,https://fr.wikipedia.org/wiki/Palais_Valmarana,http://commons.wikimedia.org/wiki/Special:FilePath/Palazzo%20Valmarana%20Vicenza%20facciata%202009-07-25%20f01.jpg
,,Palais Antonini,monuments,wikidata,Udine,3,,64.2,33.3,0.0,17.7,8.0,5.0,0.0,0.0,7,,2,,inconnu,,,46.066389,13.233611,Q1405208,https://fr.wikipedia.org/wiki/Palais_Antonini,http://commons.wikimedia.org/wiki/Special:FilePath/Palazzo%20Antonini%20foto.jpg
,,Palais Vermexio,monuments,wikidata,Syracuse,3,,64.2,36.8,0.0,14.0,8.0,5.0,0.0,0.0,9,,1,,inconnu,,,37.059954,15.293273,Q3891378,https://fr.wikipedia.org/wiki/Palais_Vermexio,http://commons.wikimedia.org/wiki/Special:FilePath/0630%20-%20Siracusa%20-%20Palazzo%20Vermexio%20-%20Foto%20Giovanni%20Dall%27Orto%2C%2022-May-2008a.jpg
,,Palais Gottifredo,monuments,wikidata,Frosinone,3,,63.9,31.1,0.0,19.7,8.0,5.0,0.0,0.0,6,,1,,inconnu,,,41.726100,13.343600,Q16773577,https://fr.wikipedia.org/wiki/Palais_Gottifredo,http://commons.wikimedia.org/wiki/Special:FilePath/Palazzo%20Gottifredo%20alatri.jpg
,,Théâtre romain de Volterra,monuments,wikidata,Pise,3,,63.9,35.2,0.0,14.3,8.0,5.0,0.0,0.0,8,,1,,inconnu,,,43.403600,10.860000,Q1825356,https://fr.wikipedia.org/wiki/Th%C3%A9%C3%A2tre_romain_de_Volterra,http://commons.wikimedia.org/wiki/Special:FilePath/Volterra-TheatreRomain.jpg
,,Palais de la Loge,monuments,wikidata,Brescia,3,,63.0,39.8,0.0,9.9,8.0,5.0,0.0,0.0,11,,1,,inconnu,,,45.539830,10.219500,Q3891454,https://fr.wikipedia.org/wiki/Palais_de_la_Loggia,http://commons.wikimedia.org/wiki/Special:FilePath/Palazzo%20della%20Loggia%20piazza%20Brescia-edit.jpg
,,Théâtre romain de Bénévent,monuments,wikidata,Benevento,3,,63.0,33.3,0.0,16.5,8.0,5.0,0.0,0.0,7,,1,,inconnu,,,41.130370,14.771102,Q1617215,https://fr.wikipedia.org/wiki/Th%C3%A9%C3%A2tre_romain_de_B%C3%A9n%C3%A9vent,http://commons.wikimedia.org/wiki/Special:FilePath/Benevento-Teatro%20Romano.jpg
,,Broletto de Pavie,monuments,wikidata,Pavie,3,,62.8,33.3,0.0,16.2,8.0,5.0,0.0,0.0,7,,1,,inconnu,,,45.184796,9.154174,Q3645263,https://fr.wikipedia.org/wiki/Broletto_de_Pavie,http://commons.wikimedia.org/wiki/Special:FilePath/2012.M09.PAVIA.Broletto.JPG
,,Palais patriarcal,monuments,wikidata,Udine,3,,62.8,31.1,0.0,18.3,8.0,5.0,0.0,0.0,6,,2,,inconnu,,,46.063690,13.239980,Q3890626,https://fr.wikipedia.org/wiki/Palais_patriarcal_(Udine),http://commons.wikimedia.org/wiki/Special:FilePath/Palazzo%20Arcivescovile%20%28Udine%29%20iiii.jpg
,,Palais du Gouverneur de Parme,monuments,wikidata,Parme,3,,62.7,35.2,0.0,14.1,8.0,5.0,0.0,0.0,8,,2,,inconnu,,,44.801922,10.327664,Q21194420,https://fr.wikipedia.org/wiki/Palais_du_Gouverneur_(Parme),http://commons.wikimedia.org/wiki/Special:FilePath/Parma%20centro.JPG
,,Palazzo della Carovana,monuments,wikidata,Pise,3,,62.7,35.2,0.0,13.8,8.0,5.0,0.0,0.0,8,,1,,inconnu,,,43.719639,10.400444,Q2265910,https://fr.wikipedia.org/wiki/Palazzo_della_Carovana,http://commons.wikimedia.org/wiki/Special:FilePath/Pisa%20Palazzo%20dei%20Cavalieri%201.jpg
,,Palais ducal de Parme,monuments,wikidata,Parme,3,,62.6,31.1,0.0,17.6,8.0,5.0,0.0,0.0,6,,2,,inconnu,,,44.804129,10.327056,Q3890044,https://fr.wikipedia.org/wiki/Palais_ducal_de_Parme,http://commons.wikimedia.org/wiki/Special:FilePath/Giacomo%20Giacopelli%20-%20Veduta%20Palazzo%20Ducale%20e%20Pilotta.jpg
,,Palais Botta Adorno,monuments,wikidata,Pavie,3,,62.5,31.1,0.0,18.2,8.0,5.0,0.0,0.0,6,,1,,inconnu,,,45.188140,9.150840,Q105946329,https://fr.wikipedia.org/wiki/Palais_Botta_Adorno,http://commons.wikimedia.org/wiki/Special:FilePath/Palazzo%20Botta%202017.jpg
,,Palais communal,monuments,wikidata,Plaisance,3,,62.4,38.4,0.0,10.3,8.0,5.0,0.0,0.0,10,,2,,inconnu,,,45.052538,9.692814,Q3889913,https://fr.wikipedia.org/wiki/Palais_communal_(Plaisance),http://commons.wikimedia.org/wiki/Special:FilePath/Palazzo%20Gotico.JPG
,,Palais Bo,monuments,wikidata,Padoue,3,,62.3,38.4,0.0,9.3,8.0,5.0,0.0,0.0,10,,1,,inconnu,,,45.406840,11.877540,Q3360829,https://fr.wikipedia.org/wiki/Palais_Bo,http://commons.wikimedia.org/wiki/Special:FilePath/Palazzo%20Bo%20%28Padua%29.jpg
,,Teatro Comunale,monuments,wikidata,Ferrare,3,,62.3,36.8,0.0,12.2,8.0,5.0,0.0,0.0,9,,2,,inconnu,,,44.837632,11.620392,Q321950,https://fr.wikipedia.org/wiki/Teatro_Comunale_(Ferrare),http://commons.wikimedia.org/wiki/Special:FilePath/Comunale%20Theatre.JPG
,,Torre Civica,monuments,wikidata,Pavie,3,,62.3,36.8,0.0,11.9,8.0,5.0,0.0,0.0,9,,1,,inconnu,,,45.184957,9.152989,Q112482,https://fr.wikipedia.org/wiki/Torre_Civica_(Pavie),http://commons.wikimedia.org/wiki/Special:FilePath/Resti%20torre%20civica%203.JPG
,,Palazzo Modello,monuments,wikidata,Trieste,3,,62.2,35.2,0.0,13.9,8.0,5.0,0.0,0.0,8,,2,,inconnu,,,45.649960,13.768840,Q12798246,https://fr.wikipedia.org/wiki/Palazzo_Modello,http://commons.wikimedia.org/wiki/Special:FilePath/Trieste%2C%20Palazzo%20Modello%20%282005%29.jpg
,,Palais Bevilacqua,monuments,wikidata,Vérone,3,,62.1,35.2,0.0,13.5,8.0,5.0,0.0,0.0,8,,1,,inconnu,,,45.440930,10.991624,Q2885181,https://fr.wikipedia.org/wiki/Palais_Bevilacqua,http://commons.wikimedia.org/wiki/Special:FilePath/Palazzo%20Bevilacqua.jpg
,,Palazzo della Ragione,monuments,wikidata,Bergame,3,,62.1,35.2,0.0,13.0,8.0,5.0,0.0,0.0,8,,1,,inconnu,,,45.703530,9.662859,Q3891477,https://fr.wikipedia.org/wiki/Palazzo_della_Ragione_de_Bergame,http://commons.wikimedia.org/wiki/Special:FilePath/Cittaalta6bg.jpg
,,Palais Mezzabarba,monuments,wikidata,Pavie,3,,62.0,31.1,0.0,17.8,8.0,5.0,0.0,0.0,6,,1,,inconnu,,,45.184820,9.159650,Q27989402,https://fr.wikipedia.org/wiki/Palais_Mezzabarba,http://commons.wikimedia.org/wiki/Special:FilePath/Palazzo%20Mezzabarba%20comune.jpg
,,Palazzo Salimbeni,monuments,wikidata,Sienne,3,,61.9,36.8,0.0,11.3,8.0,5.0,0.0,0.0,9,,1,,inconnu,,,43.321429,11.330780,Q925549,https://fr.wikipedia.org/wiki/Palazzo_Salimbeni,http://commons.wikimedia.org/wiki/Special:FilePath/Palazzo%20Salimbeni%2C%20Siena%2C%20Headquarters%20of%20Monte%20dei%20Paschi%20di%20Siena%2C%20the%20worlds%20oldest%20surviving%20bank.jpg
,,Palazzo Pretorio,monuments,wikidata,Udine,3,,61.5,31.1,0.0,17.3,8.0,5.0,0.0,0.0,6,,2,,inconnu,,,46.093300,13.432200,Q3890712,https://fr.wikipedia.org/wiki/Palazzo_Pretorio_(Cividale_del_Friuli),http://commons.wikimedia.org/wiki/Special:FilePath/Cividale%2C%20man%2C%20esterno%2C%20palazzo%20palladio.JPG
,,Nuraghe Ardasai,monuments,wikidata,Ogliastra,3,,60.5,28.7,0.0,18.8,8.0,5.0,0.0,0.0,5,,2,,inconnu,oui,,39.893621,9.339109,Q2005261,https://fr.wikipedia.org/wiki/Nuraghe_Ardasai,http://commons.wikimedia.org/wiki/Special:FilePath/Nuraghe%20Ardas%C3%A1i%201.jpg
,,Palazzo del Comune,monuments,wikidata,Parme,3,,60.1,31.1,0.0,15.8,8.0,5.0,0.0,0.0,6,,2,,inconnu,,,44.801280,10.328459,Q21194396,https://fr.wikipedia.org/wiki/Palazzo_del_Comune_(Parme),http://commons.wikimedia.org/wiki/Special:FilePath/916ParmaPalazzoComune.JPG
,,Théâtre Morlacchi,monuments,wikidata,Pérouse,3,,59.9,33.3,0.0,13.5,8.0,5.0,0.0,0.0,7,,2,,inconnu,,,43.113333,12.386778,Q3982065,https://fr.wikipedia.org/wiki/Th%C3%A9%C3%A2tre_Morlacchi,http://commons.wikimedia.org/wiki/Special:FilePath/Facciata%20del%20Teatro%20Morlacchi%2C%20febbraio%202026.jpg
,,Tour de Saint-Étienne,monuments,wikidata,Turin,3,,59.6,38.4,0.0,8.1,8.0,5.0,0.0,0.0,10,,3,,inconnu,,,45.465490,7.880300,Q89412621,https://fr.wikipedia.org/wiki/Tour_de_Saint-%C3%89tienne,http://commons.wikimedia.org/wiki/Special:FilePath/Ivrea%20Torre%20Santo%20Stefano.jpg
,,Palais Cusani,monuments,wikidata,Parme,3,,59.3,31.1,0.0,15.1,8.0,5.0,0.0,0.0,6,,2,,inconnu,,,44.805324,10.333021,Q21194402,https://fr.wikipedia.org/wiki/Palais_Cusani,http://commons.wikimedia.org/wiki/Special:FilePath/Palazzo%20Cusani%20%28Parma%29%20-%20facciata%202022-08-06.jpg
,,Maison Fenoglio-La Fleur,monuments,wikidata,Turin,3,,59.2,35.2,0.0,10.2,8.0,5.0,0.0,0.0,8,,3,,inconnu,,,45.076690,7.664780,Q2940753,https://fr.wikipedia.org/wiki/Casa_Fenoglio-Lafleur,http://commons.wikimedia.org/wiki/Special:FilePath/Casa%20lafleur%20new.jpg
,,Teatro Donizetti,monuments,wikidata,Bergame,3,,59.2,36.8,0.0,9.1,8.0,5.0,0.0,0.0,9,,1,,inconnu,,,45.695100,9.671140,Q3516755,https://fr.wikipedia.org/wiki/Teatro_Donizetti,http://commons.wikimedia.org/wiki/Special:FilePath/Bergamo%2C%20Teatro%20Gaetano%20Donizetti%20%28Donizetti%20Theatre%29%20%2831611905386%29.jpg
,,Palais des Éléphants,monuments,wikidata,Catane,3,,59.0,35.2,0.0,10.2,8.0,5.0,0.0,0.0,8,,1,,inconnu,,,37.503056,15.086944,Q1458838,https://fr.wikipedia.org/wiki/Palais_des_%C3%89l%C3%A9phants,http://commons.wikimedia.org/wiki/Special:FilePath/Catania%20Palazzo%20Elefanti242r.jpg
,,Arc d'Hadrien,monuments,wikidata,Caserta,3,,58.7,31.1,0.0,14.4,8.0,5.0,0.0,0.0,6,,1,,inconnu,,,41.083900,14.247800,Q3621772,https://fr.wikipedia.org/wiki/Arc_d%27Hadrien_(Capoue),http://commons.wikimedia.org/wiki/Special:FilePath/Ehrenbogen%20arco%20di%20adriano.jpg
,,Palazzo di Città,monuments,wikidata,Turin,3,,58.7,35.2,0.0,10.4,8.0,5.0,0.0,0.0,8,,3,,inconnu,,,45.466250,7.876028,Q55165344,https://fr.wikipedia.org/wiki/H%C3%B4tel_de_ville_d%27Ivr%C3%A9e,http://commons.wikimedia.org/wiki/Special:FilePath/Town%20hall%20of%20Ivrea%20%284%29.jpg
,,Nuraghe Seruci,monuments,wikidata,Carbonia-Iglesias,3,,58.6,31.1,0.0,14.3,8.0,5.0,0.0,0.0,6,,2,,inconnu,,,39.249167,8.424444,Q2274063,https://fr.wikipedia.org/wiki/Complexe_nuragique_de_Seruci,http://commons.wikimedia.org/wiki/Special:FilePath/Gonnesa-Seruci01.jpg
,,Palazzo Regio,monuments,wikidata,Cagliari,3,,58.5,33.3,0.0,11.6,8.0,5.0,0.0,0.0,7,,2,,inconnu,,,39.219167,9.117222,Q3890738,https://fr.wikipedia.org/wiki/Palais_royal_de_Cagliari,http://commons.wikimedia.org/wiki/Special:FilePath/Palazzo%20Regio%20%28Cagliari%29.jpg
,,Palais Tolomei,monuments,wikidata,Sienne,3,,58.3,31.1,0.0,13.2,8.0,5.0,0.0,0.0,6,,1,,inconnu,,,43.320134,11.331128,Q3890994,https://fr.wikipedia.org/wiki/Palais_Tolomei_(Sienne),http://commons.wikimedia.org/wiki/Special:FilePath/Florence%20Bank%20in%20Siena%20%2802264%29.jpg
,,Amphithéâtre romain d'Amiternum,monuments,wikidata,L'Aquila,3,,58.2,31.1,0.0,13.8,8.0,5.0,0.0,0.0,6,,2,,inconnu,,,42.400556,13.306000,Q2379643,https://fr.wikipedia.org/wiki/Amphith%C3%A9%C3%A2tre_romain_d%27Amiternum,http://commons.wikimedia.org/wiki/Special:FilePath/Amiternum.jpg
,,Palais Montalto,monuments,wikidata,Syracuse,3,,58.1,35.2,0.0,9.6,8.0,5.0,0.0,0.0,8,,1,,inconnu,,,37.061600,15.294430,Q3890510,https://fr.wikipedia.org/wiki/Palais_Montalto,http://commons.wikimedia.org/wiki/Special:FilePath/Ortigia%2C%20palazzo%20montalto%2001.JPG
,,Palazzo Ducale,monuments,wikidata,Lucques,3,,58.0,31.1,0.0,13.4,8.0,5.0,0.0,0.0,6,,1,,inconnu,,,43.841428,10.502033,Q3361303,https://fr.wikipedia.org/wiki/Palazzo_Ducale_(Lucques),http://commons.wikimedia.org/wiki/Special:FilePath/PalazzoDucale-Lucca.jpg
,,Nuraghe Genna Maria,monuments,wikidata,Medio Campidano,3,,57.8,31.1,0.0,13.4,8.0,5.0,0.0,0.0,6,,2,,inconnu,,,39.635439,8.853264,Q994358,https://fr.wikipedia.org/wiki/Nuraghe_Genna_Maria,http://commons.wikimedia.org/wiki/Special:FilePath/Foto%20aerea%20del%20Nuraghe%20Genna%20Maria%20di%20Villanovaforru.jpg
,,Palazzo dell'Annunziata,monuments,wikidata,Matera,3,,57.5,28.7,0.0,15.4,8.0,5.0,0.0,0.0,5,,2,,inconnu,oui,,40.666930,16.605660,Q3891391,https://fr.wikipedia.org/wiki/Palazzo_dell%27Annunziata,http://commons.wikimedia.org/wiki/Special:FilePath/Matera%20-%20Palazzo%20dell%27Annunziata.JPG
,,Palais des Consuls,monuments,wikidata,Pérouse,3,,57.3,31.1,0.0,12.4,8.0,5.0,0.0,0.0,6,,2,,inconnu,,,43.353190,12.579454,Q3361073,https://fr.wikipedia.org/wiki/Palais_des_Consuls_(Gubbio),http://commons.wikimedia.org/wiki/Special:FilePath/Gubbio%20Palazzo%20dei%20Consoli%20z01.jpg
,,Palais dul Séminaire,monuments,wikidata,Lecce,3,,57.3,33.3,0.0,10.5,8.0,5.0,0.0,0.0,7,,2,,inconnu,,,40.351908,18.168574,Q929598,https://fr.wikipedia.org/wiki/Palais_du_S%C3%A9minaire_(Lecce),http://commons.wikimedia.org/wiki/Special:FilePath/Palazzo%20del%20Seminario%20%28Lecce%29.jpg
,,Bastion de Malte,monuments,wikidata,Catanzaro,3,,57.0,25.8,0.0,18.0,8.0,5.0,0.0,0.0,4,,2,,inconnu,oui,,38.930445,16.221544,Q3636122,https://fr.wikipedia.org/wiki/Bastion_de_Malte,http://commons.wikimedia.org/wiki/Special:FilePath/LameziaBastioneDiMalta.jpg
,,Broletto,monuments,wikidata,Côme,3,,56.9,33.3,0.0,10.2,8.0,5.0,0.0,0.0,7,,1,,inconnu,,,45.811862,9.083032,Q2925991,https://fr.wikipedia.org/wiki/Broletto_de_C%C3%B4me,http://commons.wikimedia.org/wiki/Special:FilePath/Como%2C%20campanile%20and%20part%20of%20duomo.jpg
,,Palazzo mediceo di Seravezza,monuments,wikidata,Lucques,3,,56.9,31.1,0.0,12.6,8.0,5.0,0.0,0.0,6,,1,,inconnu,,,43.993818,10.231994,Q187599,https://fr.wikipedia.org/wiki/Palazzo_mediceo_di_Seravezza,http://commons.wikimedia.org/wiki/Special:FilePath/Palazzo%20mediceo%20di%20seravezza%2C%201555%2C%2004.JPG
,,Palais des Célestins,monuments,wikidata,Lecce,3,,56.8,33.3,0.0,9.6,8.0,5.0,0.0,0.0,7,,2,,inconnu,,,40.355000,18.173300,Q3891191,https://fr.wikipedia.org/wiki/Palais_des_C%C3%A9lestins,http://commons.wikimedia.org/wiki/Special:FilePath/Palazzo%20Celestini%20Lecce.jpg
,,Teatro Grande,monuments,wikidata,Brescia,3,,56.5,36.8,0.0,6.4,8.0,5.0,0.0,0.0,9,,1,,inconnu,,,45.536787,10.220761,Q1407816,https://fr.wikipedia.org/wiki/Teatro_Grande_(Brescia),http://commons.wikimedia.org/wiki/Special:FilePath/Teatro%20Grande%20%28Sala%29.jpg
,,Tour des Tallianti,monuments,wikidata,Turin,3,,56.2,35.2,0.0,7.9,8.0,5.0,0.0,0.0,8,,2,,inconnu,,,45.466306,7.879167,Q101380751,https://fr.wikipedia.org/wiki/Tour_des_Tallianti,http://commons.wikimedia.org/wiki/Special:FilePath/Torre%20dei%20Tallianti%20Ivrea%202.jpg
,,Palazzo Contrari,monuments,wikidata,Ferrare,3,,56.0,31.1,0.0,11.9,8.0,5.0,0.0,0.0,6,,2,,inconnu,,,44.834878,11.621690,Q20089199,https://fr.wikipedia.org/wiki/Palazzo_Contrari,http://commons.wikimedia.org/wiki/Special:FilePath/Palazzo%20Contrari%20-%20Ferrara%20-%20via%20Contrari%20facciata%201.jpg
,,Palais du Podestat,monuments,wikidata,Mantoue,3,,55.8,31.1,0.0,11.5,8.0,5.0,0.0,0.0,6,,1,,inconnu,,,45.158804,10.795276,Q20909296,https://fr.wikipedia.org/wiki/Palais_du_Podestat_(Mantoue),http://commons.wikimedia.org/wiki/Special:FilePath/Palazzo%20del%20Podest%C3%A0.JPG
,,Tour Fico,monuments,wikidata,Latina,3,,55.7,33.3,0.0,9.4,8.0,5.0,0.0,0.0,7,,1,,inconnu,,,41.224468,13.089492,Q3995182,https://fr.wikipedia.org/wiki/Tour_Fico,http://commons.wikimedia.org/wiki/Special:FilePath/San%20Felice%20Circeo%20-%20Torre%20Fico%2001.jpg
,,Porta Garibaldi,monuments,wikidata,Catane,3,,55.6,31.1,0.0,11.1,8.0,5.0,0.0,0.0,6,,1,,inconnu,,,37.499639,15.073889,Q2624890,https://fr.wikipedia.org/wiki/Porta_Garibaldi,http://commons.wikimedia.org/wiki/Special:FilePath/Il%20Fortino%20-%20Porta%20Garibaldi%20Catania.jpg
,,Palazzo Massari,monuments,wikidata,Ferrare,3,,54.6,31.1,0.0,10.3,8.0,5.0,0.0,0.0,6,,2,,inconnu,,,44.842053,11.624683,Q3361310,https://fr.wikipedia.org/wiki/Palazzo_Massari,http://commons.wikimedia.org/wiki/Special:FilePath/A%20Palazzo%20Massari%205.jpg
,,Palazzo comunale,monuments,wikidata,Sienne,3,,54.6,31.1,0.0,10.4,8.0,5.0,0.0,0.0,6,,1,,inconnu,,,43.076706,11.679116,Q3889909,https://fr.wikipedia.org/wiki/Palazzo_comunale_(Pienza),http://commons.wikimedia.org/wiki/Special:FilePath/3071PienzaPalComunale.JPG
,,Palais Agostini,monuments,wikidata,Pise,3,,54.5,31.1,0.0,10.1,8.0,5.0,0.0,0.0,6,,1,,inconnu,,,43.716680,10.398266,Q3889504,https://fr.wikipedia.org/wiki/Palais_Agostini,http://commons.wikimedia.org/wiki/Special:FilePath/Palazzo%20Agostini%2C%20Pisa.jpg
,,Palazzo della Provincia,monuments,wikidata,Bari,3,,54.3,31.1,0.0,9.8,8.0,5.0,0.0,0.0,6,,2,,inconnu,,,41.121472,16.881639,Q62566432,https://fr.wikipedia.org/wiki/Palazzo_della_Provincia_(Bari),http://commons.wikimedia.org/wiki/Special:FilePath/Bari%2C%20palazzo%20della%20provincia%2C%20di%20luigi%20baffa%2C%201935%2C%2001.jpg
,,Tour Paola,monuments,wikidata,Latina,3,,54.0,31.1,0.0,9.8,8.0,5.0,0.0,0.0,6,,1,,inconnu,,,41.246215,13.034859,Q3995244,https://fr.wikipedia.org/wiki/Tour_Paola,http://commons.wikimedia.org/wiki/Special:FilePath/Torre%20paola.JPG
,,Palais de la Credenza,monuments,wikidata,Turin,3,,53.3,31.1,0.0,9.0,8.0,5.0,0.0,0.0,6,,2,,inconnu,,,45.466806,7.872500,Q55165346,https://fr.wikipedia.org/wiki/Palais_de_la_Credenza,http://commons.wikimedia.org/wiki/Special:FilePath/Palazzo%20della%20Credenza%202.jpg
,,Teatro Rossini,monuments,wikidata,Pesaro et Urbin,3,,52.4,31.1,0.0,8.2,8.0,5.0,0.0,0.0,6,,2,,inconnu,,,43.907800,12.908700,Q3516769,https://fr.wikipedia.org/wiki/Teatro_Rossini_(Pesaro),http://commons.wikimedia.org/wiki/Special:FilePath/Th%C3%A9%C3%A2tre%20Rossini.jpg
,,Palais Giusiana,monuments,wikidata,Turin,3,,51.7,31.1,0.0,7.5,8.0,5.0,0.0,0.0,6,,2,,inconnu,,,45.465979,7.878574,Q55165349,https://fr.wikipedia.org/wiki/Palais_Giusiana,http://commons.wikimedia.org/wiki/Special:FilePath/Palazzo%20Giusiana%202.jpg
,,Palazzetto dei Nobili,monuments,wikidata,L'Aquila,3,,50.8,31.1,0.0,6.7,8.0,5.0,0.0,0.0,6,,2,,inconnu,,,42.351300,13.397400,Q3889420,https://fr.wikipedia.org/wiki/Palazzetto_dei_Nobili,http://commons.wikimedia.org/wiki/Special:FilePath/Palazzetto%20dei%20Nobili.JPG
,,Teatro lirico di Cagliari,monuments,wikidata,Cagliari,3,,49.8,31.1,0.0,5.5,8.0,5.0,0.0,0.0,6,,1,,inconnu,,,39.225800,9.123290,Q1453465,https://fr.wikipedia.org/wiki/Teatro_lirico_di_Cagliari,http://commons.wikimedia.org/wiki/Special:FilePath/Lirico%20Cagliari.jpg
,,Palais du Podestat,monuments,wikidata,Rimini,3,,48.6,31.1,0.0,4.3,8.0,5.0,0.0,0.0,6,,2,,inconnu,,,44.060704,12.565529,Q3891341,https://fr.wikipedia.org/wiki/Palais_du_Podestat_(Rimini),http://commons.wikimedia.org/wiki/Special:FilePath/Palazzo%20del%20Podest%C3%A0%2C%20Rimini.jpg
,,Palazzo Chiablese,monuments,wikidata,Turin,3,,43.2,35.2,0.0,0.0,8.0,0.0,0.0,0.0,8,,2,,inconnu,,,45.072880,7.685180,Q3889843,,http://commons.wikimedia.org/wiki/Special:FilePath/Palazzo%20Chiablese.JPG
,,Arc de Trajan,monuments,wikidata,Barletta-Andria-Trani,3,,41.3,33.3,0.0,0.0,8.0,0.0,0.0,0.0,7,,1,,inconnu,,,41.227495,16.046255,Q3621793,,http://commons.wikimedia.org/wiki/Special:FilePath/Arch%20of%20Traianus%20%28Canosa%20di%20Puglia%29%2002.jpg
,,Ligny Tower,monuments,wikidata,Trapani,3,,41.3,33.3,0.0,0.0,8.0,0.0,0.0,0.0,7,,1,,inconnu,,,38.019598,12.496967,Q972079,,http://commons.wikimedia.org/wiki/Special:FilePath/Ligny%20Tower%20-%20Trapani.jpg
,,Torre della Gabbia,monuments,wikidata,Mantoue,3,,41.3,33.3,0.0,0.0,8.0,0.0,0.0,0.0,7,,1,,inconnu,,,45.159620,10.795824,Q3995488,,http://commons.wikimedia.org/wiki/Special:FilePath/Torre%20della%20Gabbia.JPG
,,Civic Tower (Castel Goffredo),monuments,wikidata,Mantoue,3,,39.1,31.1,0.0,0.0,8.0,0.0,0.0,0.0,6,,1,,inconnu,,,45.298248,10.474776,Q3995322,,http://commons.wikimedia.org/wiki/Special:FilePath/Castel%20Goffredo-Torre%20civica.jpg
,,Corvaja Palace,monuments,wikidata,Messine,3,,39.1,31.1,0.0,0.0,8.0,0.0,0.0,0.0,6,,1,,inconnu,,,37.853940,15.288480,Q3889942,,http://commons.wikimedia.org/wiki/Special:FilePath/Taormina%20-%20Palazzo%20Corvaja%20-%20Foto%20di%20Giovanni%20Dall%27Orto.jpg
,,Fanzago's astronomical clock,monuments,wikidata,Bergame,3,,39.1,31.1,0.0,0.0,8.0,0.0,0.0,0.0,6,,1,,inconnu,,,45.890950,9.947950,Q17637764,,http://commons.wikimedia.org/wiki/Special:FilePath/Torre%20dell%27Orologio%20a%20Clusone.JPG
,,Palazzo Ghilini,monuments,wikidata,Alessandria,3,,39.1,31.1,0.0,0.0,8.0,0.0,0.0,0.0,6,,1,,inconnu,,,44.912906,8.616858,Q3890187,,http://commons.wikimedia.org/wiki/Special:FilePath/Alessandria-palazzo%20Ghilini1.jpg
,,Porta Torre,monuments,wikidata,Côme,3,,39.1,31.1,0.0,0.0,8.0,0.0,0.0,0.0,6,,1,,inconnu,,,45.806664,9.085194,Q3908852,,http://commons.wikimedia.org/wiki/Special:FilePath/Portatorre.jpg
,,Torre Vanga,monuments,wikidata,Trente,3,,39.1,31.1,0.0,0.0,8.0,0.0,0.0,0.0,6,,2,,inconnu,,,46.069830,11.118480,Q22222877,,http://commons.wikimedia.org/wiki/Special:FilePath/Trento-Torre%20Vanga%201.jpg
,,Torrione INA,monuments,wikidata,Brescia,3,,39.1,31.1,0.0,0.0,8.0,0.0,0.0,0.0,6,,1,,inconnu,,,45.541822,10.221440,Q16616997,,http://commons.wikimedia.org/wiki/Special:FilePath/Torre%20in%20Piazza%20della%20Vittoria%20Brescia.jpg
,,Tour Calamosca,monuments,wikidata,Cagliari,3,,39.1,31.1,0.0,0.0,8.0,0.0,0.0,0.0,6,,1,,inconnu,,,39.184115,9.147974,Q3995542,,http://commons.wikimedia.org/wiki/Special:FilePath/Lighthouse%20near%20Calamosca.jpg
,,Palazzo Guelfi,monuments,wikidata,Grosseto,3,,31.1,31.1,0.0,0.0,0.0,0.0,0.0,0.0,6,,1,aucune photo,inconnu,,,42.941833,10.818306,Q18487805,,
,,Palazzo Spinola di Pellicceria,musees,wikidata,Gênes,3,nouveau,102.4,33.3,40.0,15.0,8.0,5.0,0.0,0.0,7,unesco,4,,inconnu,oui,,44.410783,8.930318,Q3361333,https://fr.wikipedia.org/wiki/Palazzo_Spinola_di_Pellicceria,http://commons.wikimedia.org/wiki/Special:FilePath/Genova-Palazzo%20Spinola-DSCF7485.JPG
,,Museo del Novecento,musees,wikidata,Milan,3,,101.6,46.2,0.0,23.4,8.0,5.0,0.0,16.6,17,,3,,inconnu,,,45.463414,9.190261,Q261233,https://fr.wikipedia.org/wiki/Museo_del_Novecento,http://commons.wikimedia.org/wiki/Special:FilePath/Arengario%20da%20Piazzetta%20Reale.jpg
,,Musée national du cinéma,musees,wikidata,Turin,3,,100.9,46.2,0.0,15.4,8.0,5.0,0.0,21.7,17,,3,,inconnu,,,45.069542,7.693229,Q19874,https://fr.wikipedia.org/wiki/Mus%C3%A9e_national_du_cin%C3%A9ma,http://commons.wikimedia.org/wiki/Special:FilePath/Mole%20Antonelliana%20in%20Turin.jpg
,,Musée Galilée,musees,wikidata,Florence,3,,100.7,49.5,0.0,21.6,8.0,5.0,0.0,14.4,21,,1,,inconnu,,,43.767681,11.256023,Q1668196,https://fr.wikipedia.org/wiki/Mus%C3%A9e_Galil%C3%A9e,http://commons.wikimedia.org/wiki/Special:FilePath/Palazzo%20Castellani%20esterno.jpg
,,Académie Carrara,musees,wikidata,Bergame,3,,100.1,54.4,0.0,18.1,8.0,5.0,0.0,12.8,29,,3,,inconnu,,,45.703860,9.675609,Q338367,https://fr.wikipedia.org/wiki/Acad%C3%A9mie_Carrara,http://commons.wikimedia.org/wiki/Special:FilePath/Bergamo%20accademia%20carrara%20esterno.jpg
,,Scuola Grande de San Rocco,musees,wikidata,Venise,3,,99.5,47.9,0.0,19.6,8.0,5.0,0.0,13.4,19,,3,,inconnu,,,45.436571,12.325309,Q1270723,https://fr.wikipedia.org/wiki/Scuola_Grande_de_San_Rocco,http://commons.wikimedia.org/wiki/Special:FilePath/Scuola%20Grande%20di%20San%20Rocco%20%28Venice%29.jpg
,,Corridor de Vasari,musees,wikidata,Florence,3,,99.3,53.9,0.0,24.2,8.0,5.0,0.0,0.0,28,,1,,inconnu,,,43.768997,11.256379,Q913058,https://fr.wikipedia.org/wiki/Corridor_de_Vasari,http://commons.wikimedia.org/wiki/Special:FilePath/Boboli%2C%20corridoio%20vasariano.JPG
,,Sybaris,musees,wikidata,Cosenza,3,,99.3,57.3,0.0,19.1,8.0,5.0,0.0,3.7,35,,3,disparu ou démoli (-044),inconnu,,,39.716564,16.493696,Q220583,https://fr.wikipedia.org/wiki/Sybaris,http://commons.wikimedia.org/wiki/Special:FilePath/Sibari-scavi-teatro.jpg
,,Chapelles des Médicis,musees,wikidata,Florence,3,,99.0,50.2,0.0,10.8,8.0,5.0,0.0,17.9,22,,1,,inconnu,,,43.775204,11.253117,Q1357573,https://fr.wikipedia.org/wiki/Chapelles_des_M%C3%A9dicis,http://commons.wikimedia.org/wiki/Special:FilePath/Medicibib.jpg
,,Basilique palladienne,musees,wikidata,Vicence,3,,97.2,49.5,0.0,17.6,8.0,5.0,0.0,13.6,21,,2,,inconnu,,,45.546944,11.546389,Q284719,https://fr.wikipedia.org/wiki/Basilique_palladienne,http://commons.wikimedia.org/wiki/Special:FilePath/Basilica%20Palladiana%20%28Vicenza%29%20-%20facade%20on%20Piazza%20dei%20signori.jpg
,,Église Saint-Catalde de Palerme,musees,wikidata,Palerme,3,,97.2,50.8,0.0,16.2,8.0,5.0,0.0,14.3,23,,3,,inconnu,,,38.114722,13.362500,Q2066497,https://fr.wikipedia.org/wiki/%C3%89glise_Saint-Catalde_de_Palerme,http://commons.wikimedia.org/wiki/Special:FilePath/Palermo-San-Cataldo-bjs-1.jpg
,,Pavillon de chasse de Stupinigi,musees,wikidata,Turin,3,,96.8,52.1,0.0,16.4,8.0,5.0,0.0,11.9,25,,3,,inconnu,,,44.995000,7.603889,Q19834,https://fr.wikipedia.org/wiki/Pavillon_de_chasse_de_Stupinigi,http://commons.wikimedia.org/wiki/Special:FilePath/Exterior%20of%20the%20Palazzina%20di%20caccia%20of%20Stupinigi.jpg
,,Saepinum,musees,wikidata,Campobasso,3,,96.6,38.4,0.0,38.5,8.0,5.0,0.0,5.7,10,,2,,inconnu,oui,,41.433758,14.618444,Q1807870,https://fr.wikipedia.org/wiki/Saepinum,http://commons.wikimedia.org/wiki/Special:FilePath/Aerial%20view%20of%20Saepinum%20%282024%29.jpg
,,Villa Carlotta,musees,wikidata,Côme,3,,96.1,42.2,0.0,17.8,8.0,5.0,0.0,16.0,13,,2,,inconnu,,,45.986400,9.230839,Q533156,https://fr.wikipedia.org/wiki/Villa_Carlotta,http://commons.wikimedia.org/wiki/Special:FilePath/Le%20aiuole%20intorno%20alla%20fontana%20di%20Villa%20Carlotta.jpg
,,Baptistère des Ariens,musees,wikidata,Ravenne,3,,95.6,49.5,0.0,16.7,8.0,5.0,0.0,12.3,21,,3,,inconnu,,,44.418717,12.202390,Q1449217,https://fr.wikipedia.org/wiki/Baptist%C3%A8re_des_Ariens,http://commons.wikimedia.org/wiki/Special:FilePath/Baptistery.Arians02.jpg
,,Bibliothèque Malatestiana,musees,wikidata,Forlì-Cesena,3,,94.4,50.2,0.0,14.4,8.0,5.0,0.0,16.2,22,,3,,inconnu,,,44.138851,12.243729,Q1113843,https://fr.wikipedia.org/wiki/Biblioth%C3%A8que_Malatestiana,http://commons.wikimedia.org/wiki/Special:FilePath/Biblioteca%20Malatestiana%20-%20Cesena%201.jpg
,,Nécropole de Monterozzi,musees,wikidata,Viterbo,3,,93.5,48.7,0.0,18.3,8.0,5.0,0.0,10.5,20,,2,,inconnu,,,42.250444,11.769861,Q2564175,https://fr.wikipedia.org/wiki/N%C3%A9cropole_de_Monterozzi,http://commons.wikimedia.org/wiki/Special:FilePath/UrnesMonterozzi.jpg
,,Megara Hyblaea,musees,wikidata,Syracuse,3,,93.2,52.1,0.0,24.6,8.0,5.0,0.0,0.6,25,,3,disparu ou démoli (-048),inconnu,,,37.203717,15.181777,Q1457477,https://fr.wikipedia.org/wiki/Megara_Hyblaea,http://commons.wikimedia.org/wiki/Special:FilePath/Megara%20Hyblaea%20001.jpg
,,Pinacothèque nationale de Bologne,musees,wikidata,Bologne,3,,92.8,45.3,0.0,19.9,8.0,5.0,0.0,11.7,16,,3,,inconnu,,,44.497707,11.353538,Q1103550,https://fr.wikipedia.org/wiki/Pinacoth%C3%A8que_nationale_de_Bologne,http://commons.wikimedia.org/wiki/Special:FilePath/Pinacoteca%20nazionale%20di%20bologna%2000.JPG
,,Ca' d'Oro,musees,wikidata,Venise,3,,92.3,57.3,0.0,15.9,8.0,5.0,0.0,0.0,35,,2,,inconnu,,,45.440556,12.333889,Q820872,https://fr.wikipedia.org/wiki/Ca%27_d%27Oro,http://commons.wikimedia.org/wiki/Special:FilePath/Ca%27%20d%27Oro%20facciata.jpg
,,Himère,musees,wikidata,Palerme,3,,91.5,55.5,0.0,18.6,8.0,5.0,0.0,2.1,31,,3,disparu ou démoli (-040),inconnu,,,37.968056,13.821667,Q1111219,https://fr.wikipedia.org/wiki/Him%C3%A8re,http://commons.wikimedia.org/wiki/Special:FilePath/Himera%20Viktoriatempel.jpg
,,Musée Ferrari,musees,wikidata,Modène,3,,91.5,46.2,0.0,11.2,8.0,5.0,0.0,18.6,17,,3,,inconnu,,,44.529678,10.861835,Q2706867,https://fr.wikipedia.org/wiki/Mus%C3%A9e_Ferrari,http://commons.wikimedia.org/wiki/Special:FilePath/Ferrari-Museum%20Maranello%201.JPG
,,Galleria Estense,musees,wikidata,Modène,3,,91.4,43.3,0.0,25.0,8.0,5.0,0.0,9.2,14,,3,,inconnu,,,44.648018,10.921177,Q774128,https://fr.wikipedia.org/wiki/Galleria_Estense,http://commons.wikimedia.org/wiki/Special:FilePath/Palazzo%20dei%20Musei.jpg
,,Galerie nationale de Parme,musees,wikidata,Parme,3,,90.6,44.4,0.0,18.1,8.0,5.0,0.0,13.4,15,,3,,inconnu,,,44.804722,10.325861,Q772890,https://fr.wikipedia.org/wiki/Galerie_nationale_de_Parme,http://commons.wikimedia.org/wiki/Special:FilePath/Parma%2C%20palazzo%20della%20pilotta%2001.jpg
,,Torre del Mangia,musees,wikidata,Sienne,3,,90.6,45.3,0.0,15.0,8.0,5.0,0.0,13.8,16,,2,,inconnu,,,43.318220,11.332226,Q2472396,https://fr.wikipedia.org/wiki/Torre_del_Mangia,http://commons.wikimedia.org/wiki/Special:FilePath/Torre%20Palazzo%20Pubblico%20Siena.jpg
,,Château normand-souabe de Bari,musees,wikidata,Bari,3,,90.5,46.2,0.0,15.3,8.0,5.0,0.0,12.0,17,,3,,inconnu,,,41.128107,16.866374,Q790430,https://fr.wikipedia.org/wiki/Ch%C3%A2teau_normand-souabe_de_Bari,http://commons.wikimedia.org/wiki/Special:FilePath/Senza%20titolo%20%2844%20di%20401%29.jpg
,,Risiera di San Sabba,musees,wikidata,Trieste,3,,90.5,47.9,0.0,13.6,8.0,5.0,0.0,13.0,19,,3,,inconnu,,,45.620833,13.789167,Q426164,https://fr.wikipedia.org/wiki/Risiera_di_San_Sabba,http://commons.wikimedia.org/wiki/Special:FilePath/Trieste-Risiera%20di%20San%20Sabba-DSCF1482.JPG
,,Musée des sciences et des techniques Léonard de Vinci,musees,wikidata,Milan,3,,90.4,41.0,0.0,14.0,8.0,5.0,0.0,20.1,12,,2,,inconnu,,,45.462143,9.170655,Q947082,https://fr.wikipedia.org/wiki/Mus%C3%A9e_des_sciences_et_des_techniques_L%C3%A9onard_de_Vinci,http://commons.wikimedia.org/wiki/Special:FilePath/Chiostri%20del%20Museo%20Nazionale%20Scienza%20e%20Tecnologia%20Leonardo%20da%20Vinci.jpg
,,Jardin botanique de Pise,musees,wikidata,Pise,3,,89.9,46.2,0.0,16.4,8.0,5.0,0.0,13.7,17,,2,,inconnu,,,43.719820,10.396190,Q894670,https://fr.wikipedia.org/wiki/Jardin_botanique_de_Pise,http://commons.wikimedia.org/wiki/Special:FilePath/Pisa%2C%20orto%20botanico%2C%20zona%20antica%2C%20della%20scuola%20botanica%2021.jpg
,,Gallerie di Piazza Scala,musees,wikidata,Milan,3,,89.4,44.4,0.0,15.4,8.0,5.0,0.0,16.2,15,,2,,inconnu,,,45.467350,9.190040,Q2054135,https://fr.wikipedia.org/wiki/Gallerie_di_Piazza_Scala,http://commons.wikimedia.org/wiki/Special:FilePath/Veduta%20del%20Palazzo%20della%20Banca%20Commerciale%20Italiana%2C%20piazza%20della%20Scala%2C%20Milano%2C%20tre%20quarti%20da%20sinistra.jpg
,,Villa médicéenne de Poggio a Caiano,musees,wikidata,Prato,3,,89.3,42.2,0.0,21.4,8.0,5.0,0.0,9.5,13,,1,,inconnu,,,43.816448,11.055525,Q733389,https://fr.wikipedia.org/wiki/Villa_m%C3%A9dic%C3%A9enne_de_Poggio_a_Caiano,http://commons.wikimedia.org/wiki/Special:FilePath/Villa%20di%20Poggio%20a%20Caiano.jpg
,,Complexe muséal Santa Maria della Scala,musees,wikidata,Sienne,3,,88.8,41.0,0.0,17.9,8.0,5.0,0.0,15.1,12,,2,,inconnu,,,43.316937,11.328891,Q1279458,https://fr.wikipedia.org/wiki/Complexe_mus%C3%A9al_Santa_Maria_della_Scala,http://commons.wikimedia.org/wiki/Special:FilePath/Facade%20Santa%20Maria%20della%20Scala.jpg
,,Solonte,musees,wikidata,Palerme,3,,88.8,50.8,0.0,19.7,8.0,5.0,0.0,4.3,23,,3,,inconnu,,,38.093056,13.531389,Q631432,https://fr.wikipedia.org/wiki/Solonte,http://commons.wikimedia.org/wiki/Special:FilePath/2009-03-22%2003-29%20Sizilien%20389%20Solunto.jpg
,,Palais Schifanoia,musees,wikidata,Ferrare,3,,88.7,45.3,0.0,18.7,8.0,5.0,0.0,9.6,16,,3,,inconnu,,,44.830474,11.628959,Q1276962,https://fr.wikipedia.org/wiki/Palazzo_Schifanoia,http://commons.wikimedia.org/wiki/Special:FilePath/FE%20Schifanoia%2003.JPG
,,Puits de Saint Patrick,musees,wikidata,Terni,3,,88.7,41.0,0.0,15.7,8.0,5.0,0.0,16.3,12,,3,,inconnu,,,42.722538,12.120444,Q671850,https://fr.wikipedia.org/wiki/Puits_de_saint_Patrice,http://commons.wikimedia.org/wiki/Special:FilePath/Pozzo%20di%20San%20Patrizio%20Oriveto.JPG
,,Musée de Castelvecchio,musees,wikidata,Vérone,3,,88.6,43.3,0.0,15.2,8.0,5.0,0.0,14.7,14,,2,,inconnu,,,45.440000,10.987778,Q2518724,https://fr.wikipedia.org/wiki/Mus%C3%A9e_de_Castelvecchio,http://commons.wikimedia.org/wiki/Special:FilePath/Verona%2C%20castelvecchio%2C%20museo%2001.jpg
,,Palais royal de Turin,musees,wikidata,Turin,3,nouveau,88.3,55.9,0.0,12.2,8.0,5.0,0.0,0.0,32,,3,,inconnu,,,45.072830,7.686333,Q19824,https://fr.wikipedia.org/wiki/Palais_royal_(Turin),http://commons.wikimedia.org/wiki/Special:FilePath/Torino%20-%20Palazzo%20Reale%20-%201.jpg
,,Cathédrale de Stilo,musees,wikidata,Reggio de Calabre,3,,88.2,45.3,0.0,22.0,8.0,5.0,0.0,7.0,16,,3,,inconnu,,,38.480194,16.468250,Q747888,https://fr.wikipedia.org/wiki/Cath%C3%A9drale_de_Stilo,http://commons.wikimedia.org/wiki/Special:FilePath/La%20cattolica%20di%20stilo%2C%20esterno%2006.jpg
,,Musée Revoltella,musees,wikidata,Trieste,3,,88.1,33.3,0.0,31.1,8.0,5.0,0.0,9.9,7,,3,,inconnu,oui,,45.646840,13.763183,Q1954273,https://fr.wikipedia.org/wiki/Mus%C3%A9e_Revoltella,http://commons.wikimedia.org/wiki/Special:FilePath/Painting%20Palazzo%20Revoltella.jpg
,,Palais Carignan,musees,wikidata,Turin,3,,88.0,50.8,0.0,12.3,8.0,5.0,0.0,6.4,23,,2,,inconnu,,,45.069008,7.685588,Q19829,https://fr.wikipedia.org/wiki/Palais_Carignan,http://commons.wikimedia.org/wiki/Special:FilePath/Torino%20Palazzo%20Carignano%20Esterno%201.jpg
,,Torre Guinigi,musees,wikidata,Lucques,3,,87.7,42.2,0.0,13.2,8.0,5.0,0.0,16.8,13,,2,,inconnu,,,43.843710,10.507010,Q2265902,https://fr.wikipedia.org/wiki/Torre_Guinigi,http://commons.wikimedia.org/wiki/Special:FilePath/Torre%20Guinigi%20from%20Torre%20Torre%20dell%27Orologio.jpg
,,Museo Civico di Storia Naturale de Milan,musees,wikidata,Milan,3,,87.4,48.7,0.0,9.0,8.0,5.0,0.0,16.3,20,,2,,inconnu,,,45.472777,9.202457,Q1533416,https://fr.wikipedia.org/wiki/Museo_Civico_di_Storia_Naturale_di_Milano,http://commons.wikimedia.org/wiki/Special:FilePath/Veduta%20del%20Museo%20civico%20di%20storia%20naturale%20di%20Milano.jpg
,,Mont d'Accoddi,musees,wikidata,Sassari,3,,87.2,44.4,0.0,24.6,8.0,5.0,0.0,4.2,15,,3,,inconnu,,,40.790697,8.448927,Q1945976,https://fr.wikipedia.org/wiki/Monte_d%27Accoddi,http://commons.wikimedia.org/wiki/Special:FilePath/Sassari%20-%20Complesso%20prenuragico%20di%20Monte%20d%27Accoddi%20%2827%29.JPG
,,Tour des Lamberti,musees,wikidata,Vérone,3,,86.7,43.3,0.0,13.5,8.0,5.0,0.0,15.2,14,,2,,inconnu,,,45.442950,10.997750,Q1819804,https://fr.wikipedia.org/wiki/Tour_des_Lamberti,http://commons.wikimedia.org/wiki/Special:FilePath/Lamberti.jpg
,,Château Maniace,musees,wikidata,Syracuse,3,,86.6,46.2,0.0,11.3,8.0,5.0,0.0,12.8,17,,2,,inconnu,,,37.053345,15.295394,Q587949,https://fr.wikipedia.org/wiki/Ch%C3%A2teau_Maniace,http://commons.wikimedia.org/wiki/Special:FilePath/Castello%20Maniace1.jpg
,,Lanterna de Gênes,musees,wikidata,Gênes,3,,86.6,50.8,0.0,13.1,8.0,5.0,0.0,7.5,23,,2,,inconnu,,,44.404540,8.904636,Q776666,https://fr.wikipedia.org/wiki/Lanterna_de_G%C3%AAnes,http://commons.wikimedia.org/wiki/Special:FilePath/La%20Lanterna%20di%20Genova%20al%20Tramonto.jpg
,,Musée archéologique régional Paolo Orsi de Syracuse,musees,wikidata,Syracuse,3,,86.4,42.2,0.0,19.6,8.0,5.0,0.0,10.0,13,,1,,inconnu,,,37.076389,15.286389,Q1954223,https://fr.wikipedia.org/wiki/Mus%C3%A9e_arch%C3%A9ologique_r%C3%A9gional_de_Syracuse,http://commons.wikimedia.org/wiki/Special:FilePath/Museo%20Siracusa.jpg
,,Église Santa Maria della Spina,musees,wikidata,Pise,3,,85.5,45.3,0.0,14.1,8.0,5.0,0.0,12.0,16,,1,,inconnu,,,43.715240,10.396730,Q1426967,https://fr.wikipedia.org/wiki/%C3%89glise_Santa_Maria_della_Spina_(Pise),http://commons.wikimedia.org/wiki/Special:FilePath/Esgl%C3%A9sia%20de%20Santa%20Maria%20della%20Spina%20de%20Pisa.JPG
,,Musée Lamborghini,musees,wikidata,Bologne,3,,85.1,47.1,0.0,10.8,8.0,5.0,0.0,12.5,18,,1,,inconnu,,,44.659320,11.126919,Q3329238,https://fr.wikipedia.org/wiki/Mus%C3%A9e_Lamborghini,http://commons.wikimedia.org/wiki/Special:FilePath/Lamborghini%20Museum%20.jpg
,,Musée archéologique régional Antonino-Salinas,musees,wikidata,Palerme,3,,85.1,41.0,0.0,18.8,8.0,5.0,0.0,10.5,12,,1,,inconnu,,,38.120950,13.360072,Q1954237,https://fr.wikipedia.org/wiki/Mus%C3%A9e_arch%C3%A9ologique_r%C3%A9gional_Antonino-Salinas,http://commons.wikimedia.org/wiki/Special:FilePath/Museoarcheosalinas.JPG
,,Musée archéologique du Haut-Adige,musees,wikidata,Bolzano,3,,85.0,41.0,0.0,11.8,8.0,5.0,0.0,17.1,12,,2,,inconnu,,,46.499954,11.349625,Q1755973,https://fr.wikipedia.org/wiki/Mus%C3%A9e_arch%C3%A9ologique_du_Haut-Adige,http://commons.wikimedia.org/wiki/Special:FilePath/BozenArchMuseum.jpg
,,Museo del violino,musees,wikidata,Crémone,3,,84.8,36.8,0.0,21.1,8.0,5.0,0.0,12.5,9,,1,,inconnu,oui,,45.131280,10.023150,Q28727449,https://fr.wikipedia.org/wiki/Museo_del_violino,http://commons.wikimedia.org/wiki/Special:FilePath/Cremona%20-%20Museo%20del%20Violino%202.JPG
,,Mont Sacré d'Orta,musees,wikidata,Novara,3,,84.2,38.4,0.0,17.9,8.0,5.0,0.0,12.0,10,,1,,inconnu,oui,,45.797432,8.412237,Q1787480,https://fr.wikipedia.org/wiki/Mont_Sacr%C3%A9_d%27Orta,http://commons.wikimedia.org/wiki/Special:FilePath/Sacro%20Monte%20di%20Orta%20cap.15.JPG
,,Nora,musees,wikidata,Cagliari,3,,84.1,46.2,0.0,11.2,8.0,5.0,0.0,11.1,17,,2,,inconnu,,,38.985737,9.016026,Q677175,https://fr.wikipedia.org/wiki/Nora_(cit%C3%A9_punique),http://commons.wikimedia.org/wiki/Special:FilePath/Pula%20%28Italy%29%20-%20Nora%20%2801%29.JPG
,,Tharros,musees,wikidata,Oristano,3,,84.1,47.1,0.0,11.2,8.0,5.0,0.0,10.8,18,,2,,inconnu,,,39.873438,8.441019,Q736689,https://fr.wikipedia.org/wiki/Tharros,http://commons.wikimedia.org/wiki/Special:FilePath/Tharros%20-%20Sardinia%20-%20Italy%20-%2008.jpg
,,Villa Jovis,musees,wikidata,Naples,3,,84.1,47.1,0.0,13.2,8.0,5.0,0.0,6.8,18,,1,,inconnu,,,40.558230,14.262628,Q2165460,https://fr.wikipedia.org/wiki/Villa_Jovis,http://commons.wikimedia.org/wiki/Special:FilePath/Villa%20Jovis.jpg
,,Palais Barbaran da Porto,musees,wikidata,Vicence,3,,83.8,43.3,0.0,20.0,8.0,5.0,0.0,7.2,14,,1,,inconnu,,,45.548611,11.545556,Q925271,https://fr.wikipedia.org/wiki/Palais_Barbaran_da_Porto,http://commons.wikimedia.org/wiki/Special:FilePath/Palazzo%20Barbaran%20da%20Porto%2C%20Contr%C3%A0%20Porti%2011%2C%20Vicenza%20-%20Andrea%20Palladio.JPG
,,Musée d'Art moderne et contemporain de Trente et Rovereto,musees,wikidata,Trente,3,,82.6,41.0,0.0,14.4,8.0,5.0,0.0,13.6,12,,1,,inconnu,,,45.893831,11.044736,Q642603,https://fr.wikipedia.org/wiki/Mus%C3%A9e_d%27Art_moderne_et_contemporain_de_Trente_et_Rovereto,http://commons.wikimedia.org/wiki/Special:FilePath/MART%20-%20ingresso.jpg
,,Musée historique Alfa Romeo,musees,wikidata,Milan,3,,82.4,44.4,0.0,12.3,8.0,5.0,0.0,11.5,15,,1,,inconnu,,,45.557400,9.046120,Q1851610,https://fr.wikipedia.org/wiki/Mus%C3%A9e_historique_Alfa_Romeo,http://commons.wikimedia.org/wiki/Special:FilePath/Museo%20Storico%20Alfa%20Romeo%202017.jpg
,,Kaulon,musees,wikidata,Reggio de Calabre,3,,82.2,42.2,0.0,24.2,8.0,5.0,0.0,2.4,13,,2,disparu ou démoli (-019),inconnu,,,38.445417,16.578750,Q1292498,https://fr.wikipedia.org/wiki/Kaulon,http://commons.wikimedia.org/wiki/Special:FilePath/Kaulon%202009%20tempio.JPG
,,Palazzo della Pilotta,musees,wikidata,Parme,3,,81.9,41.0,0.0,11.8,8.0,5.0,0.0,13.6,12,,1,,inconnu,,,44.805000,10.326111,Q822085,https://fr.wikipedia.org/wiki/Palazzo_della_Pilotta,http://commons.wikimedia.org/wiki/Special:FilePath/Palazzo%20della%20Pilotta%2C%20cortile%20del%20Guazzatoio.jpg
,,Galerie de Savoie,musees,wikidata,Turin,3,nouveau,81.2,47.9,0.0,18.4,8.0,5.0,0.0,0.0,19,,1,,inconnu,,,45.074167,7.686111,Q2245152,https://fr.wikipedia.org/wiki/Galerie_de_Savoie,http://commons.wikimedia.org/wiki/Special:FilePath/Torino-teatroromano02.jpg
,,Villa Foscari,musees,wikidata,Venise,3,,80.1,47.1,0.0,17.4,8.0,5.0,0.0,0.0,18,,1,,inconnu,,,45.436667,12.201667,Q1139609,https://fr.wikipedia.org/wiki/Villa_Foscari,http://commons.wikimedia.org/wiki/Special:FilePath/La%20Malcontenta%20-%20back%202015-07-28-1.jpg
,,Observatoire astronomique des Abruzzes,musees,wikidata,Teramo,3,,79.9,41.0,0.0,25.2,8.0,5.0,0.0,0.6,12,,2,,inconnu,,,42.654026,13.731322,Q1546378,https://fr.wikipedia.org/wiki/Observatoire_astronomique_des_Abruzzes,http://commons.wikimedia.org/wiki/Special:FilePath/Osservatorio%20astronomico%20d%27Abruzzo.jpg
,,Tombe François,musees,wikidata,Viterbo,3,,79.8,42.2,0.0,21.8,8.0,5.0,0.0,0.0,13,,1,,inconnu,,,42.417400,11.639100,Q774929,https://fr.wikipedia.org/wiki/Tombe_Fran%C3%A7ois,http://commons.wikimedia.org/wiki/Special:FilePath/TombeFrancois.jpg
,,Villa Emo,musees,wikidata,Trévise,3,,79.3,47.1,0.0,14.1,8.0,5.0,0.0,3.7,18,,1,,inconnu,,,45.711722,11.991222,Q1258865,https://fr.wikipedia.org/wiki/Villa_Emo,http://commons.wikimedia.org/wiki/Special:FilePath/Villa%20Emo.jpg
,,Villa Lante,musees,wikidata,Viterbo,3,,79.0,43.3,0.0,9.5,8.0,5.0,0.0,11.4,14,,1,,inconnu,,,42.425833,12.154722,Q2165810,https://fr.wikipedia.org/wiki/Villa_Lante,http://commons.wikimedia.org/wiki/Special:FilePath/Quadrato%20at%20Villa%20Lante%20%28Bagnaia%29.jpg
,,Colosse de Saint Charles Borromée,musees,wikidata,Novara,3,,78.7,42.2,0.0,11.9,8.0,5.0,0.0,8.7,13,,1,,inconnu,,,45.770278,8.543333,Q3683671,https://fr.wikipedia.org/wiki/Colosse_de_Saint_Charles_Borrom%C3%A9e,http://commons.wikimedia.org/wiki/Special:FilePath/SancarloneFeb032025%2004.jpg
,,Palais de la Cuba,musees,wikidata,Palerme,3,,77.7,42.2,0.0,19.1,8.0,5.0,0.0,2.3,13,,1,,inconnu,,,38.107778,13.342500,Q532823,https://fr.wikipedia.org/wiki/Palais_de_la_Cuba,http://commons.wikimedia.org/wiki/Special:FilePath/Palermo%20Cuba01.jpeg
,,Héraclée,musees,wikidata,Matera,3,,77.5,47.1,0.0,11.1,8.0,5.0,0.0,5.2,18,,2,,inconnu,,,40.213021,16.678299,Q1568583,https://fr.wikipedia.org/wiki/H%C3%A9racl%C3%A9e_(Lucanie),http://commons.wikimedia.org/wiki/Special:FilePath/Area%20archeologica%20di%20Herakleia%20e%20Siris%20-%203.jpg
,,Temple de Campello sul Clitunno,musees,wikidata,Pérouse,3,,77.5,42.2,0.0,16.1,8.0,5.0,0.0,5.8,13,,2,,inconnu,,,42.842240,12.756929,Q3983167,https://fr.wikipedia.org/wiki/Temple_de_Campello_sul_Clitunno,http://commons.wikimedia.org/wiki/Special:FilePath/Tempietto%20del%20clitunno%202.jpg
,,Morgantina,musees,wikidata,Enna,3,,77.4,47.9,0.0,10.2,8.0,5.0,0.0,5.6,19,,1,,inconnu,,,37.431079,14.479296,Q1947692,https://fr.wikipedia.org/wiki/Morgantina,http://commons.wikimedia.org/wiki/Special:FilePath/MORGANTINA%20PANORAMA%20DALLA%20COLLINA%20OVEST.JPG
,,Palais Piccolomini,musees,wikidata,Sienne,3,,77.0,43.3,0.0,11.8,8.0,5.0,0.0,7.9,14,,1,,inconnu,,,43.076492,11.678776,Q3815086,https://fr.wikipedia.org/wiki/Palais_Piccolomini_(Pienza),http://commons.wikimedia.org/wiki/Special:FilePath/Palazzo%20Piccolomini%20Pienza.JPG
,,Pinacothèque nationale de Sienne,musees,wikidata,Sienne,3,,75.5,41.0,0.0,14.6,8.0,5.0,0.0,5.6,12,,1,,inconnu,,,43.315662,11.330431,Q2095405,https://fr.wikipedia.org/wiki/Pinacoth%C3%A8que_nationale_de_Sienne,http://commons.wikimedia.org/wiki/Special:FilePath/SienaPinacotecaNazionale1.jpg
,,Cimetière militaire du Monte Grappa,musees,wikidata,Trévise,3,,75.4,33.3,0.0,14.2,8.0,5.0,0.0,13.9,7,,1,,inconnu,oui,,45.870556,11.799722,Q2972664,https://fr.wikipedia.org/wiki/Cimeti%C3%A8re_militaire_du_Monte_Grappa,http://commons.wikimedia.org/wiki/Special:FilePath/MONTE%20GRAPPA%20%286899070536%29.jpg
,,Musée archéologique national de Tarente,musees,wikidata,Tarente,3,,75.3,31.1,0.0,18.7,8.0,5.0,0.0,10.6,6,,2,,inconnu,oui,,40.473705,17.238880,Q637157,https://fr.wikipedia.org/wiki/Mus%C3%A9e_arch%C3%A9ologique_national_de_Tarente,http://commons.wikimedia.org/wiki/Special:FilePath/Museo%20archeologico%20nazionale%20di%20Taranto%20-%20MArTA.jpg
,,Akrai,musees,wikidata,Syracuse,3,,74.9,41.0,0.0,16.5,8.0,5.0,0.0,4.0,12,,1,,inconnu,,,37.061205,14.904327,Q3607385,https://fr.wikipedia.org/wiki/Akrai,http://commons.wikimedia.org/wiki/Special:FilePath/Palazzolo%20Acreide%20Theater.jpg
,,Observatoire d'Asiago,musees,wikidata,Vicence,3,,74.9,52.1,0.0,8.1,8.0,5.0,0.0,1.5,25,,1,,inconnu,,,45.866300,11.526080,Q2034628,https://fr.wikipedia.org/wiki/Observatoire_d%27Asiago,http://commons.wikimedia.org/wiki/Special:FilePath/Children%20building%20an%20E-ELT%20mirror.jpg
,,Sentinum,musees,wikidata,Ancône,3,,73.6,42.2,0.0,17.9,8.0,5.0,0.0,0.0,13,,2,,inconnu,,,43.418460,12.852350,Q683244,https://fr.wikipedia.org/wiki/Sentinum,http://commons.wikimedia.org/wiki/Special:FilePath/Sentinum.jpg
,,Palais public de Saint-Marin,musees,wikidata,Rimini,3,,73.3,48.7,0.0,9.8,8.0,5.0,0.0,0.0,20,,1,,inconnu,,,43.936786,12.446436,Q1705125,https://fr.wikipedia.org/wiki/Palais_public_de_Saint-Marin,http://commons.wikimedia.org/wiki/Special:FilePath/Palazzo%20Pubblico%20-%20esterno.jpg
,,Grumentum,musees,wikidata,Potenza,3,,73.1,43.3,0.0,14.8,8.0,5.0,0.0,1.7,14,,2,,inconnu,,,40.283889,15.906111,Q1550380,https://fr.wikipedia.org/wiki/Grumentum,http://commons.wikimedia.org/wiki/Special:FilePath/Grumentum-domus-mosaiken.jpg
,,Heloros,musees,wikidata,Syracuse,3,,72.6,43.3,0.0,15.7,8.0,5.0,0.0,0.0,14,,1,,inconnu,,,36.842203,15.109414,Q1333237,https://fr.wikipedia.org/wiki/Heloros,http://commons.wikimedia.org/wiki/Special:FilePath/Eloro-Sito-Archeologico.jpg
,,Villa Caldogno,musees,wikidata,Vicence,3,,72.2,41.0,0.0,16.9,8.0,5.0,0.0,0.6,12,,1,,inconnu,,,45.614450,11.506900,Q738794,https://fr.wikipedia.org/wiki/Villa_Caldogno,http://commons.wikimedia.org/wiki/Special:FilePath/VillaCaldognoNordera%202007%2007%2017%2004.jpg
,,Hôpital du Ceppo,musees,wikidata,Pistoia,3,,71.6,35.2,0.0,20.7,8.0,5.0,0.0,2.2,8,,1,,inconnu,oui,,43.935056,10.918222,Q1115846,https://fr.wikipedia.org/wiki/H%C3%B4pital_du_Ceppo,http://commons.wikimedia.org/wiki/Special:FilePath/Ein%20beeinzuckerndes%20Zeugnis%20mittelalterlicher%20Wohlfahrts-%20und%20Medizingeschichte%2002-edit.jpg
,,Villa Pisani,musees,wikidata,Vicence,3,,71.4,41.0,0.0,16.6,8.0,5.0,0.0,0.2,12,,1,,inconnu,,,45.357367,11.371022,Q514069,https://fr.wikipedia.org/wiki/Villa_Pisani_(Bagnolo),http://commons.wikimedia.org/wiki/Special:FilePath/VillaPisani%20Bagnolo%202007%2007%2006%202.jpg
,,Complexe nuragique de S'Arcu'e Is Forros,musees,wikidata,Ogliastra,3,,70.6,33.3,0.0,23.4,8.0,5.0,0.0,0.7,7,,2,,inconnu,oui,,40.002450,9.400644,Q2382870,https://fr.wikipedia.org/wiki/Complexe_nuragique_de_S%27Arcu%27e_Is_Forros,http://commons.wikimedia.org/wiki/Special:FilePath/Complesso%20Nuragico%20%22S%27Arcu%20%27e%20Is%20Forros%22%20Villagrande%20Strisaili%2023%2011%202014%20maurizio%20aresu.jpg
,,Observatoire astronomique de Sormano,musees,wikidata,Côme,3,,69.5,43.3,0.0,13.1,8.0,5.0,0.0,0.0,14,,1,,inconnu,,,45.882944,9.229194,Q543489,https://fr.wikipedia.org/wiki/Observatoire_astronomique_de_Sormano,http://commons.wikimedia.org/wiki/Special:FilePath/OsservatorioAstronomicoSormano.jpg
,,Parc archéologique de Urbs Salvia,musees,wikidata,Macerata,3,,69.2,28.7,0.0,24.1,8.0,5.0,0.0,3.1,5,,2,,inconnu,oui,,43.200054,13.386035,Q2372655,https://fr.wikipedia.org/wiki/Parc_arch%C3%A9ologique_de_Urbs_Salvia,http://commons.wikimedia.org/wiki/Special:FilePath/Mura%20di%20Urbs%20Salvia-lato%20nord.jpg
,,Villa Gazzotti Grimani,musees,wikidata,Vicence,3,,68.6,41.0,0.0,14.2,8.0,5.0,0.0,0.0,12,,1,,inconnu,,,45.559167,11.600556,Q2271780,https://fr.wikipedia.org/wiki/Villa_Gazzotti_Grimani,http://commons.wikimedia.org/wiki/Special:FilePath/VillaGazzotti%202007%2007%2018%203.jpg
,,Musée du papier de Pescia,musees,wikidata,Pistoia,3,,67.1,36.8,0.0,16.3,8.0,5.0,0.0,0.9,9,,1,,inconnu,oui,,43.929672,10.694042,Q55374929,https://fr.wikipedia.org/wiki/Mus%C3%A9e_du_papier_de_Pescia,http://commons.wikimedia.org/wiki/Special:FilePath/Museo%20della%20Carta%20di%20Pescia.png
,,Cesta,musees,wikidata,Rimini,3,,66.7,46.2,0.0,6.9,8.0,5.0,0.0,0.0,17,,1,,inconnu,,,43.932800,12.451500,Q2592701,https://fr.wikipedia.org/wiki/Cesta_(Saint-Marin),http://commons.wikimedia.org/wiki/Special:FilePath/Torre%20Cesta%20-%20San%20Marino%20-%20GT%2001%20-%202024%2004%2030.jpg
,,Puits sacré de Sainte Anastasie,musees,wikidata,Medio Campidano,3,,65.9,31.1,0.0,19.4,8.0,5.0,0.0,2.1,6,,1,,inconnu,oui,,39.616842,8.820005,Q2222749,https://fr.wikipedia.org/wiki/Puits_sacr%C3%A9_de_Sainte_Anastasie,http://commons.wikimedia.org/wiki/Special:FilePath/Sardara%20-%20Area%20archeologica%20di%20Sant%27Anastasia%20%2809%29.JPG
,,Thapsos,musees,wikidata,Syracuse,3,,65.2,42.2,0.0,9.6,8.0,5.0,0.0,0.0,13,,1,,inconnu,,,37.150000,15.233333,Q477728,https://fr.wikipedia.org/wiki/Thapsos,http://commons.wikimedia.org/wiki/Special:FilePath/Tomb%20of%20Thapsos6.JPG
,,Château d'Oria,musees,wikidata,Brindisi,3,,63.7,28.7,0.0,21.7,8.0,5.0,0.0,0.0,5,,2,,inconnu,oui,,40.499316,17.641876,Q3662774,https://fr.wikipedia.org/wiki/Ch%C3%A2teau_d%27Oria,http://commons.wikimedia.org/wiki/Special:FilePath/Castello%20di%20Oria%20al%20Tramonto.jpg
,,Musée municipal d'archéologie Bologna,musees,wikidata,Bologne,3,,63.3,42.2,0.0,0.0,8.0,0.0,0.0,13.1,13,,1,,inconnu,,,44.492950,11.343570,Q2358398,,http://commons.wikimedia.org/wiki/Special:FilePath/Museo%20civico%20archeologico%20di%20Bologna.jpg
,,Nuraghe Su Mulinu,musees,wikidata,Medio Campidano,3,,60.3,28.7,0.0,15.0,8.0,5.0,0.0,3.2,5,,1,,inconnu,oui,,39.634376,8.994083,Q2005274,https://fr.wikipedia.org/wiki/Nuraghe_Su_Mulinu,http://commons.wikimedia.org/wiki/Special:FilePath/Su%20mulinu%203.jpg
,,Musée archéologique national de Metaponte,musees,wikidata,Matera,3,,59.4,28.7,0.0,10.0,8.0,5.0,0.0,7.6,5,,2,,inconnu,oui,,40.373580,16.807484,Q3867700,https://fr.wikipedia.org/wiki/Mus%C3%A9e_arch%C3%A9ologique_national_de_Metaponte,http://commons.wikimedia.org/wiki/Special:FilePath/Museo%20archeologico%20nazionale%20%28Metaponto%29.jpg
,,Musée maritime de Cesenatico,musees,wikidata,Forlì-Cesena,3,,59.2,25.8,0.0,12.8,8.0,5.0,0.0,7.3,4,,1,,inconnu,oui,,44.198611,12.394167,Q3868095,https://fr.wikipedia.org/wiki/Mus%C3%A9e_maritime_de_Cesenatico,http://commons.wikimedia.org/wiki/Special:FilePath/Museo%20galleggiante%205.jpg
,,Tour de Nao,musees,wikidata,Crotone,3,,59.1,31.1,0.0,14.8,8.0,5.0,0.0,0.0,6,,2,,inconnu,oui,,39.028640,17.205437,Q3995584,https://fr.wikipedia.org/wiki/Tour_de_Nao,http://commons.wikimedia.org/wiki/Special:FilePath/Capo%20Colonna%20-%20Torre.jpg
,,Villa Medicea La Magia,musees,wikidata,Pistoia,3,,58.3,33.3,0.0,10.8,8.0,5.0,0.0,0.9,7,,1,,inconnu,oui,,43.851667,10.972500,Q1164944,https://fr.wikipedia.org/wiki/Villa_Medicea_La_Magia,http://commons.wikimedia.org/wiki/Special:FilePath/Villa%20la%20magia%2C%20esterno%2002.jpg
,,Piazza Pretoria,piazzas,wikidata,Palerme,3,,67.2,42.2,0.0,9.3,8.0,5.0,0.0,0.0,13,,3,,inconnu,,,38.115556,13.361944,Q972315,https://fr.wikipedia.org/wiki/Piazza_Pretoria,http://commons.wikimedia.org/wiki/Special:FilePath/Sicilia%20Palermo1%20tango7174.jpg
,,Piazza del Popolo,piazzas,wikidata,Forlì-Cesena,3,,66.2,35.2,0.0,17.9,8.0,5.0,0.0,0.0,8,,2,,inconnu,,,44.137128,12.242100,Q1102867,https://fr.wikipedia.org/wiki/Piazza_del_Popolo_(Cesena),http://commons.wikimedia.org/wiki/Special:FilePath/Piazza%20del%20Popolo%20-%20cumulonembo.jpg
,,Piazza della Scala,piazzas,wikidata,Milan,3,,66.1,39.8,0.0,12.5,8.0,5.0,0.0,0.0,11,,2,,inconnu,,,45.466736,9.189618,Q3902450,https://fr.wikipedia.org/wiki/Piazza_della_Scala,http://commons.wikimedia.org/wiki/Special:FilePath/MI-Milano-1964-Teatro-alla-Scala-e-piazza.jpg
,,Place Émile Chanoux,piazzas,wikidata,Aoste,3,,65.2,35.2,0.0,16.1,8.0,5.0,0.0,0.0,8,,3,,inconnu,,,45.737222,7.320278,Q3390745,https://fr.wikipedia.org/wiki/Place_%C3%89mile-Chanoux,http://commons.wikimedia.org/wiki/Special:FilePath/Aosta%20-%20Place%20Emile%20Chanuox.jpg
,,Campo Santa Margherita,piazzas,wikidata,Venise,3,,65.0,39.8,0.0,11.1,8.0,5.0,0.0,0.0,11,,3,,inconnu,,,45.434400,12.323822,Q2248913,https://fr.wikipedia.org/wiki/Campo_Santa_Margherita,http://commons.wikimedia.org/wiki/Special:FilePath/Campo%20Santa%20Margherita%20%28Venice%29.jpg
,,Piazza San Marco,piazzas,wikidata,Florence,3,,64.8,39.8,0.0,11.2,8.0,5.0,0.0,0.0,11,,2,,inconnu,,,43.777900,11.258700,Q3382259,https://fr.wikipedia.org/wiki/Piazza_San_Marco_(Florence),http://commons.wikimedia.org/wiki/Special:FilePath/Piazza%20Sa%20Marco%2C%20statua.JPG
,,Piazza della Santissima Annunziata,piazzas,wikidata,Florence,3,,64.8,36.8,0.0,13.2,8.0,5.0,0.0,0.0,9,,2,,inconnu,,,43.776400,11.260700,Q866192,https://fr.wikipedia.org/wiki/Piazza_della_Santissima_Annunziata,http://commons.wikimedia.org/wiki/Special:FilePath/Piazza%20SS%20Annunziata%20Firenze%20Apr%202008.jpg
,,Piazza San Carlo,piazzas,wikidata,Turin,3,,64.7,36.8,0.0,11.1,8.0,5.0,0.0,0.0,9,,3,,inconnu,,,45.067700,7.682570,Q3902294,https://fr.wikipedia.org/wiki/Piazza_San_Carlo,http://commons.wikimedia.org/wiki/Special:FilePath/Turin%20piazza%20san%20carlo%202009.JPG
,,Place Vittorio Veneto,piazzas,wikidata,Turin,3,,64.0,33.3,0.0,15.5,8.0,5.0,0.0,0.0,7,,3,,inconnu,,,45.064806,7.695417,Q3902364,https://fr.wikipedia.org/wiki/Place_Vittorio_Veneto,http://commons.wikimedia.org/wiki/Special:FilePath/15TorinoPiazzaVVeneto.JPG
,,Place Bellini,piazzas,wikidata,Naples,3,,63.8,38.4,0.0,11.0,8.0,5.0,0.0,0.0,10,,3,,inconnu,,,40.849580,14.252121,Q1235318,https://fr.wikipedia.org/wiki/Piazza_Bellini_(Naples),http://commons.wikimedia.org/wiki/Special:FilePath/NapoliPiazzaBellini.jpg
,,Piazza dei Martiri,piazzas,wikidata,Naples,3,,63.3,36.8,0.0,12.7,8.0,5.0,0.0,0.0,9,,2,,inconnu,,,40.834300,14.241800,Q958145,https://fr.wikipedia.org/wiki/Piazza_dei_Martiri,http://commons.wikimedia.org/wiki/Special:FilePath/Flickr%20-%20%E2%80%A6trialsanderrors%20-%20Piazza%20of%20Martiri%2C%20Naples%2C%20Italy%2C%20ca.%201895.jpg
,,Piazza della Cisterna,piazzas,wikidata,Sienne,3,,62.8,36.8,0.0,12.2,8.0,5.0,0.0,0.0,9,,2,,inconnu,,,43.467419,11.043653,Q1014472,https://fr.wikipedia.org/wiki/Piazza_della_Cisterna,http://commons.wikimedia.org/wiki/Special:FilePath/Piazza%20della%20Cisterna%20in%20San%20Gimignano.jpg
,,Piazza Ducale,piazzas,wikidata,Pavie,3,,62.4,31.1,0.0,17.5,8.0,5.0,0.0,0.0,6,,2,,inconnu,,,45.317575,8.857839,Q3382247,https://fr.wikipedia.org/wiki/Piazza_Ducale_(Vigevano),http://commons.wikimedia.org/wiki/Special:FilePath/2012-04-28%20Vigevano%20Piazza%20Ducale.jpg
,,Place Carlo-Felice,piazzas,wikidata,Turin,3,,62.1,36.8,0.0,11.7,8.0,5.0,0.0,0.0,9,,2,,inconnu,,,45.063600,7.679600,Q3902167,https://fr.wikipedia.org/wiki/Place_Carlo-Felice,http://commons.wikimedia.org/wiki/Special:FilePath/Porta%20Nuova%20Piazza%20Carlo%20Felice%20Torino.JPG
,,Piazza IV Novembre,piazzas,wikidata,Pérouse,3,,60.4,31.1,0.0,15.7,8.0,5.0,0.0,0.0,6,,2,,inconnu,,,43.112194,12.388832,Q16590029,https://fr.wikipedia.org/wiki/Piazza_IV_Novembre,http://commons.wikimedia.org/wiki/Special:FilePath/Perugia%20Piazza%20IV%20Novembre.JPG
,,Campo Santo Stefano,piazzas,wikidata,Venise,3,,60.1,36.8,0.0,9.4,8.0,5.0,0.0,0.0,9,,2,,inconnu,,,45.433090,12.330210,Q3654631,https://fr.wikipedia.org/wiki/Campo_Santo_Stefano,http://commons.wikimedia.org/wiki/Special:FilePath/Campo%20Santo%20Stefano%20%28Venice%29.jpg
,,Piazza del Duomo,piazzas,wikidata,Catane,3,,59.9,36.8,0.0,8.7,8.0,5.0,0.0,0.0,9,,2,,inconnu,,,37.502500,15.087200,Q3382260,https://fr.wikipedia.org/wiki/Piazza_del_Duomo_(Catane),http://commons.wikimedia.org/wiki/Special:FilePath/Piazza%20Duomo%2C%20Catania.jpg
,,Piazza del Popolo,piazzas,wikidata,Ascoli Piceno,3,,59.8,35.2,0.0,11.3,8.0,5.0,0.0,0.0,8,,2,,inconnu,,,42.854500,13.575500,Q3382261,https://fr.wikipedia.org/wiki/Piazza_del_Popolo_(Ascoli_Piceno),http://commons.wikimedia.org/wiki/Special:FilePath/Piazza%20del%20Popolo%20Ascoli%20Piceno%202003.jpg
,,Piazza Mazzini (Castel Goffredo),piazzas,wikidata,Mantoue,3,,58.9,31.1,0.0,14.7,8.0,5.0,0.0,0.0,6,,1,,inconnu,,,45.298000,10.475125,Q3902255,https://fr.wikipedia.org/wiki/Piazza_Mazzini_(Castel_Goffredo),http://commons.wikimedia.org/wiki/Special:FilePath/Castel%20Goffredo%20-%20Piazza%20Mazzini%20e%20Prepositurale%20di%20S.%20Erasmo.jpg
,,Piazza San Domenico Maggiore,piazzas,wikidata,Naples,3,,58.3,33.3,0.0,11.4,8.0,5.0,0.0,0.0,7,,1,,inconnu,,,40.848564,14.254864,Q384957,https://fr.wikipedia.org/wiki/Piazza_San_Domenico_Maggiore,http://commons.wikimedia.org/wiki/Special:FilePath/Napoli%20-%20piazza%20San%20Domenico%20Maggiore%20e%20guglia%201030736.JPG
,,Piazza dei Signori,piazzas,wikidata,Trévise,3,,57.3,31.1,0.0,12.7,8.0,5.0,0.0,0.0,6,,2,,inconnu,,,45.665900,12.245500,Q3902379,https://fr.wikipedia.org/wiki/Piazza_dei_Signori_(Tr%C3%A9vise),http://commons.wikimedia.org/wiki/Special:FilePath/20050528-024-treviso-signori.jpg
,,Piazza Libertà,piazzas,wikidata,Udine,3,,56.6,31.1,0.0,12.0,8.0,5.0,0.0,0.0,6,,2,,inconnu,,,46.063366,13.235780,Q3382256,https://fr.wikipedia.org/wiki/Piazza_Libert%C3%A0_(Udine),http://commons.wikimedia.org/wiki/Special:FilePath/Udine-piazza%20Libert%C3%A0%20fontana%20del%20Carrara.jpg
,,Piazza delle Erbe,piazzas,wikidata,Mantoue,3,,56.5,31.1,0.0,12.0,8.0,5.0,0.0,0.0,6,,1,,inconnu,,,45.158480,10.794446,Q3902463,https://fr.wikipedia.org/wiki/Piazza_delle_Erbe_(Mantoue),http://commons.wikimedia.org/wiki/Special:FilePath/Mantova-Piazza%20Erbe.jpg
,,Piazza del Duomo,piazzas,wikidata,Sienne,3,,55.9,33.3,0.0,9.3,8.0,5.0,0.0,0.0,7,,1,,inconnu,,,43.317200,11.328800,Q3902402,https://fr.wikipedia.org/wiki/Piazza_del_Duomo_(Sienne),http://commons.wikimedia.org/wiki/Special:FilePath/Alinari%20-%20Duomo%20di%20Siena.JPG
,,Piazza Dante,piazzas,wikidata,Grosseto,3,,55.4,31.1,0.0,11.1,8.0,5.0,0.0,0.0,6,,1,,inconnu,,,42.759700,11.113600,Q600264,https://fr.wikipedia.org/wiki/Piazza_Dante_(Grosseto),http://commons.wikimedia.org/wiki/Special:FilePath/Grosseto0001.jpg
,,Piazza San Domenico,piazzas,wikidata,Palerme,3,,55.1,33.3,0.0,8.6,8.0,5.0,0.0,0.0,7,,1,,inconnu,,,38.119017,13.363383,Q3902293,https://fr.wikipedia.org/wiki/Piazza_San_Domenico_(Palerme),http://commons.wikimedia.org/wiki/Special:FilePath/Palermo-San-Domenico-bjs2007-01.jpg
,,Place de la Victoire,piazzas,wikidata,Gênes,3,,50.0,31.1,0.0,5.4,8.0,5.0,0.0,0.0,6,,2,,inconnu,,,44.403056,8.945000,Q3902458,https://fr.wikipedia.org/wiki/Place_de_la_Victoire_(G%C3%AAnes),http://commons.wikimedia.org/wiki/Special:FilePath/Arco%20di%20Trionfo%20e%20panorama%20della%20citt%C3%A0.jpg
,,"Piazza dei Signori, Vicenza",piazzas,wikidata,Vicence,3,,47.8,39.8,0.0,0.0,8.0,0.0,0.0,0.0,11,,2,,inconnu,,,45.547292,11.546587,Q3902381,,http://commons.wikimedia.org/wiki/Special:FilePath/Piazza%20dei%20Signori%20%28Vicenza%29.jpg
,,Piazza Saffi,piazzas,wikidata,Forlì-Cesena,3,,43.2,35.2,0.0,0.0,8.0,0.0,0.0,0.0,8,,1,,inconnu,,,44.222500,12.041111,Q3902144,,http://commons.wikimedia.org/wiki/Special:FilePath/Piazza%20Saffi%2001%20Agosto%202010%20-%20panoramio.jpg
,,Piazza Statuto,piazzas,wikidata,Turin,3,,43.2,35.2,0.0,0.0,8.0,0.0,0.0,0.0,8,,1,,inconnu,,,45.076290,7.670680,Q3902347,,http://commons.wikimedia.org/wiki/Special:FilePath/PiazzaStatutoTorino.JPG
,,Piazza della Vittoria,piazzas,wikidata,Palerme,3,,43.2,35.2,0.0,0.0,8.0,0.0,0.0,0.0,8,,1,,inconnu,,,38.112500,13.355278,Q2091950,,http://commons.wikimedia.org/wiki/Special:FilePath/Piazza%20Vittoria%20Palermo.jpg
,,Place aux Herbes,piazzas,wikidata,Padoue,3,,43.2,35.2,0.0,0.0,8.0,0.0,0.0,0.0,8,,2,,inconnu,,,45.406900,11.875000,Q3902464,,http://commons.wikimedia.org/wiki/Special:FilePath/Piazza%20delle%20Erbe%20a%20Padova%2C%20veduta%20generale.jpg
,,Piazza Cordusio,piazzas,wikidata,Milan,3,,41.3,33.3,0.0,0.0,8.0,0.0,0.0,0.0,7,,1,,inconnu,,,45.465586,9.185944,Q2071624,,http://commons.wikimedia.org/wiki/Special:FilePath/Piazza%20Cordusio%20a%20Milano%2C%20veduta%20generale.jpg
,,Piazza Galvani,piazzas,wikidata,Bologne,3,,41.3,33.3,0.0,0.0,8.0,0.0,0.0,0.0,7,,1,,inconnu,,,44.491700,11.342900,Q24038410,,http://commons.wikimedia.org/wiki/Special:FilePath/Piazza%20galvani%20bologna.JPG
,,Piazza Marina,piazzas,wikidata,Palerme,3,,41.3,33.3,0.0,0.0,8.0,0.0,0.0,0.0,7,,1,,inconnu,,,38.117222,13.368333,Q1595905,,http://commons.wikimedia.org/wiki/Special:FilePath/Piazza%20Marina%20-%20Palermo%20-%20Italy%202015.JPG
,,Piazza San Babila,piazzas,wikidata,Milan,3,,41.3,33.3,0.0,0.0,8.0,0.0,0.0,0.0,7,,1,,inconnu,,,45.466669,9.197553,Q2783781,,http://commons.wikimedia.org/wiki/Special:FilePath/Milano%20piazza%20San%20Babila%20vista.JPG
,,"Piazza Verdi, Palermo",piazzas,wikidata,Palerme,3,,41.3,33.3,0.0,0.0,8.0,0.0,0.0,0.0,7,,1,,inconnu,,,38.120183,13.357314,Q3902353,,http://commons.wikimedia.org/wiki/Special:FilePath/Teatro%20Massimo%20-%20Palermo%20Italy%20-%20Creative%20Commons%20by%20gnuckx%20%285063437851%29.jpg
,,"Piazza dei Signori, Padoue",piazzas,wikidata,Padoue,3,,41.3,33.3,0.0,0.0,8.0,0.0,0.0,0.0,7,,2,,inconnu,,,45.407700,11.873500,Q3902382,,http://commons.wikimedia.org/wiki/Special:FilePath/%28Padova%29%20Piazza%20dei%20Signori%20vista%20della%20Chiesa%20di%20San%20Clemente.jpg
,,Piazza Arringo,piazzas,wikidata,Ascoli Piceno,3,,39.1,31.1,0.0,0.0,8.0,0.0,0.0,0.0,6,,2,,inconnu,,,42.853400,13.577600,Q3902140,,http://commons.wikimedia.org/wiki/Special:FilePath/447AscoliPPzaArringo.JPG
,,Piazza Virgiliana,piazzas,wikidata,Mantoue,3,,39.1,31.1,0.0,0.0,8.0,0.0,0.0,0.0,6,,1,,inconnu,,,45.162430,10.794508,Q3902355,,http://commons.wikimedia.org/wiki/Special:FilePath/Monumento%20a%20Virgilio%20%28Piazza%20Virgiliana%29.jpg
,,Capo di Milazzo,plages,wikidata,Messine,3,,41.3,33.3,0.0,0.0,8.0,0.0,0.0,0.0,7,,2,,inconnu,,,38.272200,15.230200,Q4272956,,http://commons.wikimedia.org/wiki/Special:FilePath/Cappo%20di%20Milazzo%20Lighthouse.jpg
,,Cala del Leone,plages,wikidata,Livourne,3,,40.2,22.2,0.0,4.9,8.0,5.0,0.0,0.0,3,,3,,inconnu,,,43.463725,10.354619,Q3649993,https://fr.wikipedia.org/wiki/Cala_del_Leone,http://commons.wikimedia.org/wiki/Special:FilePath/Cala%20del%20Leone%20Livorno.JPG
,,Plage de Punta Penna,plages,wikidata,Chieti,3,,39.5,22.2,0.0,4.2,8.0,5.0,0.0,0.0,3,,3,,inconnu,,,42.174120,14.703550,Q16608028,https://fr.wikipedia.org/wiki/Plage_de_Punta_Penna,http://commons.wikimedia.org/wiki/Special:FilePath/Vasto%202009%20150%20%28RaBoe%29.jpg
,,Arenella,plages,wikidata,Syracuse,3,,39.1,31.1,0.0,0.0,8.0,0.0,0.0,0.0,6,,2,,inconnu,,,37.003250,15.261950,Q18470459,,http://commons.wikimedia.org/wiki/Special:FilePath/Arenella%2CSiracusa.jpg
,,Isola dei Gabbiani,plages,wikidata,Olbia-Tempio,3,,39.1,31.1,0.0,0.0,8.0,0.0,0.0,0.0,6,,5,,inconnu,,,41.195556,9.318611,Q3802949,,http://commons.wikimedia.org/wiki/Special:FilePath/Isola%20dei%20gabbiani%20da%20San%20Pasquale.jpg
,,Punta Pezzo,plages,wikidata,Reggio de Calabre,3,,39.1,31.1,0.0,0.0,8.0,0.0,0.0,0.0,6,,3,,inconnu,,,38.230278,15.637222,Q608369,,http://commons.wikimedia.org/wiki/Special:FilePath/Ferry%20Zancle%20approaching%20Villa%20San%20Giovanni%20-%20Punta%20Pezzo%20lighthouse%20in%20the%20background%20-%2020%20Oct.%202010.jpg
,,Capo Zafferano,plages,wikidata,Palerme,3,,36.7,28.7,0.0,0.0,8.0,0.0,0.0,0.0,5,,2,,inconnu,,,38.112673,13.537718,Q1034749,,
,,Lido degli Scacchi,plages,wikidata,Ferrare,3,,36.7,28.7,0.0,0.0,8.0,0.0,0.0,0.0,5,,3,,inconnu,,,44.706000,12.241170,Q1902951,,
,,Lido di Pomposa,plages,wikidata,Ferrare,3,,36.7,28.7,0.0,0.0,8.0,0.0,0.0,0.0,5,,2,,inconnu,,,44.717710,12.241430,Q1121290,,http://commons.wikimedia.org/wiki/Special:FilePath/Comacchio%2C%20Lido%20di%20Pomposa%20%2801%29.jpg
,,Punta San Vigilio,plages,wikidata,Vérone,3,,36.7,28.7,0.0,0.0,8.0,0.0,0.0,0.0,5,,3,,inconnu,,,45.573825,10.672883,Q1302378,,http://commons.wikimedia.org/wiki/Special:FilePath/Punta%20San%20Vigilio%20-%20Bird%20view.jpg
,,Punta de su Torrione,plages,wikidata,Sassari,3,,36.7,28.7,0.0,0.0,8.0,0.0,0.0,0.0,5,,5,,inconnu,,,40.915833,8.194722,Q18510219,,http://commons.wikimedia.org/wiki/Special:FilePath/Stintino%20-%20Punta%20degli%20Scoglietti%20%2802%29.JPG
,,The Pink Beach,plages,wikidata,Olbia-Tempio,3,,36.7,28.7,0.0,0.0,8.0,0.0,0.0,0.0,5,,5,,inconnu,,,41.279210,9.356230,Q3966672,,http://commons.wikimedia.org/wiki/Special:FilePath/Spiaggia%20Rosa%2C%20Cala%20di%20Roto%20%28Isola%20di%20Budelli%29%2C%20Arcipelago%20di%20La%20Maddalena%2C%20Sardegna%2C%20Italia%2C%20Mar%20Mediterraneo.jpg
,,Baia delle Zagare,plages,wikidata,Foggia,3,,33.8,25.8,0.0,0.0,8.0,0.0,0.0,0.0,4,,3,,inconnu,,,41.746120,16.144950,Q33325339,,
,,Cala Fuili,plages,wikidata,Nuoro,3,,33.8,25.8,0.0,0.0,8.0,0.0,0.0,0.0,4,,4,,inconnu,,,40.256280,9.625210,Q24887975,,http://commons.wikimedia.org/wiki/Special:FilePath/Dorgali%20-%20Codula%20e%20cala%20Fuili%20%2805%29.JPG
,,Cape Teulada,plages,wikidata,Carbonia-Iglesias,3,,33.8,25.8,0.0,0.0,8.0,0.0,0.0,0.0,4,,4,,inconnu,,,38.880000,8.651945,Q3657181,,http://commons.wikimedia.org/wiki/Special:FilePath/Tramonto%20a%20Capo%20Teulada.JPEG
,,Capo Mannu,plages,wikidata,Oristano,3,,33.8,25.8,0.0,0.0,8.0,0.0,0.0,0.0,4,,4,,inconnu,,,40.035200,8.377911,Q3657146,,http://commons.wikimedia.org/wiki/Special:FilePath/Capo%20Mannu.JPG
,,Capo Marargiu,plages,wikidata,Oristano,3,,33.8,25.8,0.0,0.0,8.0,0.0,0.0,0.0,4,,4,,inconnu,,,40.340591,8.387062,Q1034741,,http://commons.wikimedia.org/wiki/Special:FilePath/Bosa%2C%20capo%20Marrargiu%20%2802%29.jpg
,,Capo di Santa Maria di Leuca,plages,wikidata,Lecce,3,,33.8,25.8,0.0,0.0,8.0,0.0,0.0,0.0,4,,2,,inconnu,,,39.793656,18.368997,Q1256373,,http://commons.wikimedia.org/wiki/Special:FilePath/Punta%20meliso.jpg
,,Cala Civette,plages,wikidata,Grosseto,3,,30.2,22.2,0.0,0.0,8.0,0.0,0.0,0.0,3,,2,,inconnu,,,42.847500,10.775833,Q33325734,,http://commons.wikimedia.org/wiki/Special:FilePath/Cala%20Civette%2C%20Scarlino1.jpg
,,Capo Bianco,plages,wikidata,Agrigento,3,,30.2,22.2,0.0,0.0,8.0,0.0,0.0,0.0,3,,2,,inconnu,,,37.389294,13.273086,Q16536487,,http://commons.wikimedia.org/wiki/Special:FilePath/Gypsum%20formation%20of%20Capo%20Bianco.jpg
,,Capo Ceraso,plages,wikidata,Olbia-Tempio,3,,30.2,22.2,0.0,0.0,8.0,0.0,0.0,0.0,3,,4,,inconnu,,,40.918669,9.643990,Q3657111,,http://commons.wikimedia.org/wiki/Special:FilePath/Olbia%2C%20capo%20Ceraso%20%2806%29.jpg
,,Capo Ferrato,plages,wikidata,Cagliari,3,,30.2,22.2,0.0,0.0,8.0,0.0,0.0,0.0,3,,3,,inconnu,,,39.300000,9.633333,Q34834868,,http://commons.wikimedia.org/wiki/Special:FilePath/Capo%20Ferrato%20%28Muravera%2C%20Sardinia%29.JPG
,,Capo Mortola,plages,wikidata,Imperia,3,,30.2,22.2,0.0,0.0,8.0,0.0,0.0,0.0,3,,3,,inconnu,,,43.785286,7.554517,Q3657150,,
,,Capo Nero,plages,wikidata,Imperia,3,,30.2,22.2,0.0,0.0,8.0,0.0,0.0,0.0,3,,3,,inconnu,,,43.795200,7.736690,Q3657153,,http://commons.wikimedia.org/wiki/Special:FilePath/18038%20Sanremo%20IM%2C%20Italy%20-%20panoramio%20%2850%29.jpg
,,Capo San Vito,plages,wikidata,Trapani,3,,30.2,22.2,0.0,0.0,8.0,0.0,0.0,0.0,3,,2,,inconnu,,,38.188547,12.733286,Q21192696,,http://commons.wikimedia.org/wiki/Special:FilePath/San%20Vito%20Lo%20Capo%20Salvatore%20Ciambra%20flickr.jpg
,,Capo Schisò,plages,wikidata,Messine,3,,30.2,22.2,0.0,0.0,8.0,0.0,0.0,0.0,3,,1,,inconnu,,,37.821920,15.276320,Q34835901,,http://commons.wikimedia.org/wiki/Special:FilePath/Castello%20di%20Mola%20%28Castelmola%29%2016%2009%202019%2020.jpg
,,Capo d'Enfola,plages,wikidata,Livourne,3,,30.2,22.2,0.0,0.0,8.0,0.0,0.0,0.0,3,,2,,inconnu,,,42.829530,10.263030,Q34834485,,http://commons.wikimedia.org/wiki/Special:FilePath/Capo%20d%27Enfola.jpg
,,Guidaloca,plages,wikidata,Trapani,3,,30.2,22.2,0.0,0.0,8.0,0.0,0.0,0.0,3,,1,,inconnu,,,38.057703,12.842761,Q33326596,,
,,Lecciona,plages,wikidata,Lucques,3,,30.2,22.2,0.0,0.0,8.0,0.0,0.0,0.0,3,,1,,inconnu,,,43.850200,10.242500,Q3966660,,http://commons.wikimedia.org/wiki/Special:FilePath/Spiaggia%20della%20lecciona.JPG
,,Lido Comunale Zerbi,plages,wikidata,Reggio de Calabre,3,,30.2,22.2,0.0,0.0,8.0,0.0,0.0,0.0,3,,2,,inconnu,,,38.115600,15.648430,Q3832077,,http://commons.wikimedia.org/wiki/Special:FilePath/Reggio%20calabria%20lido%20comunale%20cartolina%20antica2.jpg
,,Porto Ferro,plages,wikidata,Sassari,3,,30.2,22.2,0.0,0.0,8.0,0.0,0.0,0.0,3,,3,,inconnu,,,40.683333,8.196111,Q3909149,,http://commons.wikimedia.org/wiki/Special:FilePath/Sassari%2C%20Porto%20Ferro%20%2801%29.JPG
,,Punta Penna promontory,plages,wikidata,Chieti,3,,30.2,22.2,0.0,0.0,8.0,0.0,0.0,0.0,3,,2,,inconnu,,,42.172561,14.715061,Q138456355,,
,,Spiaggia Bérchida,plages,wikidata,Nuoro,3,,30.2,22.2,0.0,0.0,8.0,0.0,0.0,0.0,3,,2,,inconnu,,,40.479206,9.810233,Q3966662,,http://commons.wikimedia.org/wiki/Special:FilePath/Spiaggia%20di%20Berchida%20-%20panoramio.jpg
,,Spiaggia Di Barbarossa,plages,wikidata,Livourne,3,,30.2,22.2,0.0,0.0,8.0,0.0,0.0,0.0,3,,2,,inconnu,,,42.769210,10.407170,Q33336037,,http://commons.wikimedia.org/wiki/Special:FilePath/Spiaggia%20Di%20Barbarossa.jpg
,,Spiaggia delle Bombarde,plages,wikidata,Sassari,3,,30.2,22.2,0.0,0.0,8.0,0.0,0.0,0.0,3,,3,,inconnu,,,40.584400,8.258300,Q3828296,,http://commons.wikimedia.org/wiki/Special:FilePath/Le%20Bombarde%20-%20panoramio.jpg
,,Spiaggia di Cavoli,plages,wikidata,Livourne,3,,30.2,22.2,0.0,0.0,8.0,0.0,0.0,0.0,3,,2,,inconnu,,,42.737020,10.187030,Q3966667,,http://commons.wikimedia.org/wiki/Special:FilePath/Aerial%20image%20of%20Cavoli%20%28view%20from%20the%20south%29.jpg
,,Spiaggia di Mugoni,plages,wikidata,Sassari,3,,30.2,22.2,0.0,0.0,8.0,0.0,0.0,0.0,3,,3,,inconnu,,,40.616371,8.207002,Q3905173,,http://commons.wikimedia.org/wiki/Special:FilePath/Alghero%2C%20spiaggia%20di%20Mugoni%20%2801%29.jpg
,,Spiaggia di Su Tiriarzu,plages,wikidata,Nuoro,3,,30.2,22.2,0.0,0.0,8.0,0.0,0.0,0.0,3,,2,,inconnu,,,40.630550,9.742210,Q33341490,,http://commons.wikimedia.org/wiki/Special:FilePath/Posada%20-%20ponte%20Rio%20Santa%20Caterina%20-%20Spiaggia%20di%20Su%20Tiriarzu%20-%20panoramio.jpg
,,Punta Licosa,plages,wikidata,Salerne,3,,27.7,11.1,0.0,3.4,8.0,5.0,0.0,0.0,1,,1,,inconnu,,,40.248000,14.933000,Q65016973,https://fr.wikipedia.org/wiki/Punta_Licosa,http://commons.wikimedia.org/wiki/Special:FilePath/Flysch%20del%20Cilento%20a%20Licosa%20%28Castellabate%29.jpg
,,Citara,plages,wikidata,Naples,3,,25.8,25.8,0.0,0.0,0.0,0.0,0.0,0.0,4,,1,aucune photo,inconnu,,,40.717270,13.861190,Q581560,,
,,Baia del Silenzio,plages,wikidata,Gênes,3,,25.6,17.6,0.0,0.0,8.0,0.0,0.0,0.0,2,,2,,inconnu,,,44.269240,9.392950,Q33325330,,http://commons.wikimedia.org/wiki/Special:FilePath/Sestri%20Levante%20and%20Baia%20del%20Silenzio%2C%20the%20Bay%20of%20Silence.jpg
,,Baja Sardinia beach,plages,wikidata,Olbia-Tempio,3,,25.6,17.6,0.0,0.0,8.0,0.0,0.0,0.0,2,,3,,inconnu,,,41.140380,9.479950,Q33336019,,http://commons.wikimedia.org/wiki/Special:FilePath/Strand%20von%20Baia%20Sardinia%20-%20panoramio.jpg
,,Beach of San Giovanni di Sinis,plages,wikidata,Oristano,3,,25.6,17.6,0.0,0.0,8.0,0.0,0.0,0.0,2,,2,,inconnu,,,39.880680,8.436680,Q33340706,,http://commons.wikimedia.org/wiki/Special:FilePath/San%20Giovanni%20di%20Sinis%20-%20panoramio%20%281%29.jpg
,,Calamoresca,plages,wikidata,Livourne,3,,25.6,17.6,0.0,0.0,8.0,0.0,0.0,0.0,2,,2,,inconnu,,,42.935330,10.499130,Q33325908,,http://commons.wikimedia.org/wiki/Special:FilePath/Piombino%20%28LI%29%20panorama%20sul%20golfo%20di%20Calamoresca%20e%20il%20quartiere%20Salivoli.jpg
,,Capo Bellavista,plages,wikidata,Ogliastra,3,,25.6,17.6,0.0,0.0,8.0,0.0,0.0,0.0,2,,2,,inconnu,,,39.933333,9.716667,Q34834006,,http://commons.wikimedia.org/wiki/Special:FilePath/Tortol%C3%AC%2C%20capo%20Bellavista%20-%20panoramio.jpg
,,Capo Bruzzano,plages,wikidata,Reggio de Calabre,3,,25.6,17.6,0.0,0.0,8.0,0.0,0.0,0.0,2,,2,,inconnu,,,38.050000,16.166667,Q34834162,,
,,Capo Figari,plages,wikidata,Olbia-Tempio,3,,25.6,17.6,0.0,0.0,8.0,0.0,0.0,0.0,2,,3,,inconnu,,,40.995988,9.662926,Q3657128,,http://commons.wikimedia.org/wiki/Special:FilePath/Golfo%20Aranci%2C%20ex%20semaforo%20di%20capo%20Figari%20%2801%29.jpg
,,Capo Malfatano,plages,wikidata,Carbonia-Iglesias,3,,25.6,17.6,0.0,0.0,8.0,0.0,0.0,0.0,2,,2,,inconnu,,,38.883333,8.800000,Q34835044,,http://commons.wikimedia.org/wiki/Special:FilePath/Teulada%2C%20capo%20Malfatano%20%2801%29.jpg
,,Capo Noli,plages,wikidata,Savone,3,,25.6,17.6,0.0,0.0,8.0,0.0,0.0,0.0,2,,2,,inconnu,,,44.196850,8.423340,Q34834788,,http://commons.wikimedia.org/wiki/Special:FilePath/Capo%20Noli%20visto%20dal%20molo%20vecchio%20-%20Noli.jpg
,,Capo Sant'Alessio,plages,wikidata,Messine,3,,25.6,17.6,0.0,0.0,8.0,0.0,0.0,0.0,2,,1,,inconnu,,,37.916667,15.350000,Q34835733,,http://commons.wikimedia.org/wiki/Special:FilePath/Sant%27%20Alessio%20Siculo%203-9-21.jpg
,,Capo Santa Panagia,plages,wikidata,Syracuse,3,,25.6,17.6,0.0,0.0,8.0,0.0,0.0,0.0,2,,1,,inconnu,,,37.100000,15.283330,Q28017373,,http://commons.wikimedia.org/wiki/Special:FilePath/Syracuse%20and%20east%20of%20Sicily.jpg
,,Dosso di Lavedo,plages,wikidata,Côme,3,,25.6,17.6,0.0,0.0,8.0,0.0,0.0,0.0,2,,1,,inconnu,,,45.967286,9.199117,Q18620594,,http://commons.wikimedia.org/wiki/Special:FilePath/DossoDiLavedo02.jpg
,,Eloro Beach,plages,wikidata,Syracuse,3,,25.6,17.6,0.0,0.0,8.0,0.0,0.0,0.0,2,,1,,inconnu,,,36.838980,15.107230,Q33326324,,http://commons.wikimedia.org/wiki/Special:FilePath/Beach%20of%20Eloro%2003.jpg
,,Iscraios beach,plages,wikidata,Nuoro,3,,25.6,17.6,0.0,0.0,8.0,0.0,0.0,0.0,2,,2,,inconnu,,,40.646210,9.742490,Q108089796,,http://commons.wikimedia.org/wiki/Special:FilePath/Spiaggia%20di%20Iscraios%20-%20Posada.jpg
,,La Marmorata,plages,wikidata,Olbia-Tempio,3,,25.6,17.6,0.0,0.0,8.0,0.0,0.0,0.0,2,,3,,inconnu,,,41.245150,9.237910,Q33326947,,http://commons.wikimedia.org/wiki/Special:FilePath/Santa%20Teresa%20Gallura%20-%20Spiaggia%20della%20Marmolata%20%2802%29.JPG
,,Lazzaretto,plages,wikidata,Sassari,3,,25.6,17.6,0.0,0.0,8.0,0.0,0.0,0.0,2,,3,,inconnu,,,40.582340,8.247040,Q30285659,,http://commons.wikimedia.org/wiki/Special:FilePath/Alghero%2C%20spiaggia%20del%20Lazzaretto%20%2801%29.jpg
,,Lido di Orrì,plages,wikidata,Ogliastra,3,,25.6,17.6,0.0,0.0,8.0,0.0,0.0,0.0,2,,2,,inconnu,,,39.900370,9.682030,Q33334665,,http://commons.wikimedia.org/wiki/Special:FilePath/Plage%20de%20Lido%20Orr%C3%AC%20%28Tortol%C3%AC%29%20en%20Sardaigne.jpg
,,Marina di Orosei,plages,wikidata,Nuoro,3,,25.6,17.6,0.0,0.0,8.0,0.0,0.0,0.0,2,,2,,inconnu,,,40.371790,9.725000,Q33327535,,http://commons.wikimedia.org/wiki/Special:FilePath/Marina%20di%20Orosei%20-%20panoramio.jpg
,,Orvile beach,plages,wikidata,Nuoro,3,,25.6,17.6,0.0,0.0,8.0,0.0,0.0,0.0,2,,2,,inconnu,,,40.650040,9.743350,Q108103576,,http://commons.wikimedia.org/wiki/Special:FilePath/Spiaggia%20di%20Orvile%20vista%20dalla%20spiaggia%20di%20Iscraios.jpg
,,Punta Chiappa,plages,wikidata,Gênes,3,,25.6,17.6,0.0,0.0,8.0,0.0,0.0,0.0,2,,1,,inconnu,,,44.322675,9.145679,Q140008393,,http://commons.wikimedia.org/wiki/Special:FilePath/Portofino-Liguria-Italy%20-%20Creative%20Commons%20by%20gnuckx%20%283618363564%29.jpg
,,Punta Molentis,plages,wikidata,Cagliari,3,,25.6,17.6,0.0,0.0,8.0,0.0,0.0,0.0,2,,2,,inconnu,,,39.132236,9.557583,Q66467261,,http://commons.wikimedia.org/wiki/Special:FilePath/Punta%20Molentis%20in%20Sardinia%2C%20Italy%2C%20a%20view%20from%20the%20south%20%2848399468112%29.jpg
,,Punta Sardegna,plages,wikidata,Olbia-Tempio,3,,25.6,17.6,0.0,0.0,8.0,0.0,0.0,0.0,2,,3,,inconnu,,,41.206822,9.363077,Q7260559,,http://commons.wikimedia.org/wiki/Special:FilePath/Palau%2C%20faro%20di%20Punta%20Sardegna%20%2802%29.jpg
,,Punta Tramontana,plages,wikidata,Sassari,3,,25.6,17.6,0.0,0.0,8.0,0.0,0.0,0.0,2,,3,,inconnu,,,40.879881,8.631089,Q107064078,,http://commons.wikimedia.org/wiki/Special:FilePath/Castelsardo%2C%20punta%20Tramontana%20%2801%29.jpg
,,Rabbit beach,plages,wikidata,Agrigento,3,,25.6,17.6,0.0,0.0,8.0,0.0,0.0,0.0,2,,1,,inconnu,,,35.512700,12.557760,Q33334371,,http://commons.wikimedia.org/wiki/Special:FilePath/Isola%20e%20spiaggia%20di%20Coniglie-Lampedusa.JPG
,,Romazzino beach,plages,wikidata,Olbia-Tempio,3,,25.6,17.6,0.0,0.0,8.0,0.0,0.0,0.0,2,,3,,inconnu,,,41.098030,9.565530,Q33334878,,http://commons.wikimedia.org/wiki/Special:FilePath/Sardegna%2C%20romazzino%20-%20panoramio.jpg
,,Spiaggia Di Sansone,plages,wikidata,Livourne,3,,25.6,17.6,0.0,0.0,8.0,0.0,0.0,0.0,2,,2,,inconnu,,,42.822820,10.280490,Q33340816,,http://commons.wikimedia.org/wiki/Special:FilePath/Spiaggia%20di%20Sansone%20-%20panoramio%20%282%29.jpg
,,Spiaggia Is Arutas,plages,wikidata,Oristano,3,,25.6,17.6,0.0,0.0,8.0,0.0,0.0,0.0,2,,2,,inconnu,,,39.951210,8.401300,Q33342685,,http://commons.wikimedia.org/wiki/Special:FilePath/Is%20Aruttas.jpg
,,Spiaggia La Licciola,plages,wikidata,Olbia-Tempio,3,,25.6,17.6,0.0,0.0,8.0,0.0,0.0,0.0,2,,3,,inconnu,,,41.230470,9.274690,Q33342792,,http://commons.wikimedia.org/wiki/Special:FilePath/Spiaggia%20della%20Licciola%20presso%20Valle%20dell%27Erica%20-%20panoramio.jpg
,,Spiaggia Urbani,plages,wikidata,Ancône,3,,25.6,17.6,0.0,0.0,8.0,0.0,0.0,0.0,2,,2,,inconnu,,,43.523320,13.623730,Q33345181,,http://commons.wikimedia.org/wiki/Special:FilePath/Spiaggia%20Urbani%20%E2%80%93%20Sirolo.jpg
,,Spiaggia Vendicari,plages,wikidata,Syracuse,3,,25.6,17.6,0.0,0.0,8.0,0.0,0.0,0.0,2,,1,,inconnu,,,36.801110,15.094960,Q33345215,,http://commons.wikimedia.org/wiki/Special:FilePath/Spiaggia%20Vendicari.jpg
,,Spiaggia del Relitto (La Maddalena),plages,wikidata,Olbia-Tempio,3,,25.6,17.6,0.0,0.0,8.0,0.0,0.0,0.0,2,,3,,inconnu,,,41.181290,9.475790,Q30288096,,http://commons.wikimedia.org/wiki/Special:FilePath/La%20Maddalena-Caprera%2C%20spiaggia%20del%20Relitto%20%2802%29.jpg
,,Spiaggia della Pelosa,plages,wikidata,Sassari,3,,25.6,17.6,0.0,0.0,8.0,0.0,0.0,0.0,2,,3,,inconnu,,,40.966000,8.209440,Q33335398,,http://commons.wikimedia.org/wiki/Special:FilePath/La%20Pelosa%20beach%2C%20north%20Sardinia%20%28Italy%29%20%2824167750496%29.jpg
,,Spiaggia di Fano,plages,wikidata,Pesaro et Urbin,3,,25.6,17.6,0.0,0.0,8.0,0.0,0.0,0.0,2,,2,,inconnu,,,43.847850,13.024810,Q33337594,,http://commons.wikimedia.org/wiki/Special:FilePath/L%27esercito%20dell%27ombra%20-%20panoramio.jpg
,,Spiaggia di Li Cossi,plages,wikidata,Olbia-Tempio,3,,25.6,17.6,0.0,0.0,8.0,0.0,0.0,0.0,2,,3,,inconnu,,,41.046880,8.935680,Q33338482,,http://commons.wikimedia.org/wiki/Special:FilePath/Costa%20Paradiso%20-%20Spiaggia%20di%20Li%20Cossi%20%28Trinit%C3%A0%20d%27Agultu%29%20%283%29.JPG
,,Spiaggia di Mari Ermi,plages,wikidata,Oristano,3,,25.6,17.6,0.0,0.0,8.0,0.0,0.0,0.0,2,,2,,inconnu,,,39.968880,8.398450,Q33338698,,http://commons.wikimedia.org/wiki/Special:FilePath/Spiaggia%20di%20Mari%20Ermi.%20-%20panoramio.jpg
,,Spiaggia di Ostia,plages,wikidata,Rome,3,,25.6,17.6,0.0,0.0,8.0,0.0,0.0,0.0,2,,2,,inconnu,,,41.728100,12.277310,Q33339413,,http://commons.wikimedia.org/wiki/Special:FilePath/Lido%20di%20ostia%20beach%20lungomare%20toscanelli.jpg
,,Spiaggia di Pesaro,plages,wikidata,Pesaro et Urbin,3,,25.6,17.6,0.0,0.0,8.0,0.0,0.0,0.0,2,,2,,inconnu,,,43.918980,12.913100,Q33339567,,http://commons.wikimedia.org/wiki/Special:FilePath/Bagni%20Enrico%20domenica%20mattina%20-%20panoramio.jpg
,,Spiaggia di Porto Frailis,plages,wikidata,Ogliastra,3,,25.6,17.6,0.0,0.0,8.0,0.0,0.0,0.0,2,,2,,inconnu,,,39.924390,9.705060,Q33339853,,http://commons.wikimedia.org/wiki/Special:FilePath/Spiaggia%20di%20Porto%20Frailis%20%5E%20Ristorante%20Il%20Faro%20-%20panoramio.jpg
,,Spiaggia di Punta Molentis,plages,wikidata,Cagliari,3,,25.6,17.6,0.0,0.0,8.0,0.0,0.0,0.0,2,,2,,inconnu,,,39.133500,9.556410,Q33340224,,http://commons.wikimedia.org/wiki/Special:FilePath/Punta%20Molentis%20Beach%20at%20the%20foot%20of%20the%20Sarrabus%20Mountain%20in%20Sardinia%2C%20Italy%20%2848399359191%29.jpg
,,Spiaggia di San Michele,plages,wikidata,Ancône,3,,25.6,17.6,0.0,0.0,8.0,0.0,0.0,0.0,2,,2,,inconnu,,,43.530290,13.621070,Q33340743,,http://commons.wikimedia.org/wiki/Special:FilePath/Spiaggia%20di%20San%20Michele.jpg
,,Spiaggia di Santa Maria Navarrese,plages,wikidata,Ogliastra,3,,25.6,17.6,0.0,0.0,8.0,0.0,0.0,0.0,2,,2,,inconnu,,,39.987140,9.688970,Q33340936,,http://commons.wikimedia.org/wiki/Special:FilePath/Santa%20Mar%C3%ADa%20Navarrese%20-%20panoramio%20%281%29.jpg
,,Spiaggia di Tropea,plages,wikidata,Vibo Valentia,3,,25.6,17.6,0.0,0.0,8.0,0.0,0.0,0.0,2,,2,,inconnu,,,38.680220,15.898200,Q33341794,,http://commons.wikimedia.org/wiki/Special:FilePath/Spiaggia%20di%20Tropea.jpg
,,Vindicio,plages,wikidata,Latina,3,,25.6,17.6,0.0,0.0,8.0,0.0,0.0,0.0,2,,1,,inconnu,,,41.249710,13.591830,Q33345233,,http://commons.wikimedia.org/wiki/Special:FilePath/Vindicio%20-%20panoramio.jpg
,,Spiaggia di Grado,plages,wikidata,Gorizia,3,,11.1,11.1,0.0,0.0,0.0,0.0,0.0,0.0,1,,2,aucune photo,inconnu,,,45.675390,13.393390,Q33338076,,
,,Arco naturale,rochers,wikidata,Naples,3,,55.8,35.2,0.0,7.1,8.0,5.0,0.0,0.0,8,,2,,inconnu,,,40.549444,14.255833,Q2860643,https://fr.wikipedia.org/wiki/Arco_naturale,http://commons.wikimedia.org/wiki/Special:FilePath/Arco%20Naturale.jpg
,,Capo d'Orso,rochers,wikidata,Olbia-Tempio,3,,52.4,28.7,0.0,9.1,8.0,5.0,0.0,0.0,5,,2,,inconnu,,,41.177362,9.423094,Q1034751,https://fr.wikipedia.org/wiki/Capo_d%27Orso,http://commons.wikimedia.org/wiki/Special:FilePath/Palau%2C%20capo%20d%27Orso%20%2801%29.jpg
,,Su Gologone,rochers,wikidata,Nuoro,3,,41.3,33.3,0.0,0.0,8.0,0.0,0.0,0.0,7,,1,,inconnu,,,40.288889,9.496389,Q3976431,,http://commons.wikimedia.org/wiki/Special:FilePath/Oliena%20-%20Su%20Gologone%20%2806%29.JPG
,,Ponte di Veja,rochers,wikidata,Vérone,3,,36.7,28.7,0.0,0.0,8.0,0.0,0.0,0.0,5,,2,,inconnu,,,45.608056,10.970000,Q3908155,,http://commons.wikimedia.org/wiki/Special:FilePath/Ponte%20di%20Veia.jpg
,,Ponte dell'Orco,rochers,wikidata,Trente,3,,25.6,17.6,0.0,0.0,8.0,0.0,0.0,0.0,2,,2,,inconnu,,,46.050990,11.560660,Q96739428,,http://commons.wikimedia.org/wiki/Special:FilePath/Ponte%20dell%27Orco%2002.jpg
,,Porta di Prada,rochers,wikidata,Lecco,3,,25.6,17.6,0.0,0.0,8.0,0.0,0.0,0.0,2,,2,,inconnu,,,45.966846,9.365710,Q107641890,,http://commons.wikimedia.org/wiki/Special:FilePath/157-100%20BPorta%20di%20Prada%2007%2009%2030%20009.jpg
,,Nébrodes,sommets,wikidata,Messine,3,,71.4,49.5,0.0,7.8,8.0,5.0,0.0,0.0,21,,2,,inconnu,,,37.900000,14.583333,Q1547109,https://fr.wikipedia.org/wiki/N%C3%A9brodes,http://commons.wikimedia.org/wiki/Special:FilePath/Rocche%20del%20Crasto.jpg
,,Apennin ligure,sommets,wikidata,Gênes,3,,71.1,43.3,0.0,12.1,8.0,5.0,0.0,0.0,14,,3,,inconnu,,,44.500000,9.000000,Q377264,https://fr.wikipedia.org/wiki/Apennin_ligure,http://commons.wikimedia.org/wiki/Special:FilePath/Caminata%20-%20panoramio.jpg
,,Pasubio,sommets,wikidata,Trente,3,,71.1,38.4,0.0,19.1,8.0,5.0,0.0,0.0,10,,5,,inconnu,,,45.792778,11.175556,Q699575,https://fr.wikipedia.org/wiki/Mont_Pasubio,http://commons.wikimedia.org/wiki/Special:FilePath/Panoramica%20Pasubio.jpg
,,Mont Pisanino,sommets,wikidata,Lucques,3,,70.9,47.9,0.0,9.2,8.0,5.0,0.0,0.0,19,,3,,inconnu,,,44.133611,10.214444,Q1945906,https://fr.wikipedia.org/wiki/Mont_Pisanino,http://commons.wikimedia.org/wiki/Special:FilePath/Monte%20Pisanino.jpg
,,Mont Cusna,sommets,wikidata,Reggio d'Émilie,3,,70.6,42.2,0.0,15.1,8.0,5.0,0.0,0.0,13,,3,,inconnu,,,44.288300,10.391200,Q2641550,https://fr.wikipedia.org/wiki/Mont_Cusna,http://commons.wikimedia.org/wiki/Special:FilePath/Castello%20carpineti%20monte%20cusna.JPG
,,Monts Métallifères,sommets,wikidata,Pise,3,,70.6,43.3,0.0,13.5,8.0,5.0,0.0,0.0,14,,3,,inconnu,,,43.233333,10.850000,Q478146,https://fr.wikipedia.org/wiki/Monts_M%C3%A9tallif%C3%A8res_(Italie),http://commons.wikimedia.org/wiki/Special:FilePath/Colline%20Metallifere%20view%20from%20Campiglia%20Marittima%202012-08-27.jpg
,,Monts Aurunces,sommets,wikidata,Latina,3,,70.2,46.2,0.0,10.5,8.0,5.0,0.0,0.0,17,,3,,inconnu,,,41.322222,13.665278,Q661926,https://fr.wikipedia.org/wiki/Monts_Aurunces,http://commons.wikimedia.org/wiki/Special:FilePath/Aurunci%20mountains.jpg
,,Monti Sicani,sommets,wikidata,Palerme,3,,69.9,39.8,0.0,16.6,8.0,5.0,0.0,0.0,11,,2,,inconnu,,,37.816667,13.166667,Q646047,https://fr.wikipedia.org/wiki/Monts_Sicanes,http://commons.wikimedia.org/wiki/Special:FilePath/Monti-Sicani-map-bjs.jpg
,,Préalpes vénètes,sommets,wikidata,Belluno,3,,69.5,43.3,0.0,13.1,8.0,5.0,0.0,0.0,14,,4,,inconnu,,,46.228900,12.401400,Q2643250,https://fr.wikipedia.org/wiki/Pr%C3%A9alpes_v%C3%A9n%C3%A8tes,http://commons.wikimedia.org/wiki/Special:FilePath/Alta%20Lessinia%20in%20inverno.jpg
,,Mont Algide,sommets,wikidata,Rome,3,,69.4,38.4,0.0,17.6,8.0,5.0,0.0,0.0,10,,2,,inconnu,,,41.726700,12.778600,Q989650,https://fr.wikipedia.org/wiki/Mont_Algide,http://commons.wikimedia.org/wiki/Special:FilePath/Monte%20Peschio%20-%20Monte%20Artemisio%20-%20Maschio%20d%27Ariano.JPG
,,Monte Elmo,sommets,wikidata,Bolzano,3,,69.2,42.2,0.0,13.7,8.0,5.0,0.0,0.0,13,,5,,inconnu,,,46.715000,12.387200,Q501212,https://fr.wikipedia.org/wiki/Monte_Elmo,http://commons.wikimedia.org/wiki/Special:FilePath/Monte%20elmo3.JPG
,,Monts Sabins,sommets,wikidata,Rieti,3,,69.1,44.4,0.0,11.0,8.0,5.0,0.0,0.0,15,,2,,inconnu,,,42.216667,12.833333,Q905515,https://fr.wikipedia.org/wiki/Monts_Sabins,http://commons.wikimedia.org/wiki/Special:FilePath/Monti%20Sabini.jpg
,,Monts Sabatins,sommets,wikidata,Rome,3,,68.9,43.3,0.0,12.3,8.0,5.0,0.0,0.0,14,,1,,inconnu,,,42.166667,12.250000,Q384115,https://fr.wikipedia.org/wiki/Monts_Sabatins,http://commons.wikimedia.org/wiki/Special:FilePath/Bracciano-sabatini-region-NASA-1-.jpg
,,Monte Saccarello,sommets,wikidata,Cuneo,3,,68.8,44.4,0.0,10.8,8.0,5.0,0.0,0.0,15,,3,,inconnu,,,44.061944,7.712778,Q1516713,https://fr.wikipedia.org/wiki/Mont_Saccarel,http://commons.wikimedia.org/wiki/Special:FilePath/Vetta%20del%20Saccarello.JPG
,,Monts Cimins,sommets,wikidata,Viterbo,3,,68.4,44.4,0.0,10.6,8.0,5.0,0.0,0.0,15,,2,,inconnu,,,42.358200,12.177700,Q783445,https://fr.wikipedia.org/wiki/Monts_Cimins,http://commons.wikimedia.org/wiki/Special:FilePath/Monte%20Venere.jpg
,,Mont Subasio,sommets,wikidata,Pérouse,3,,68.3,46.2,0.0,8.0,8.0,5.0,0.0,0.0,17,,3,,inconnu,,,43.064167,12.662500,Q525113,https://fr.wikipedia.org/wiki/Mont_Subasio,http://commons.wikimedia.org/wiki/Special:FilePath/Mount%20subasio.JPG
,,Montagnes autour du lac de Garde,sommets,wikidata,Vérone,3,,68.0,41.0,0.0,13.0,8.0,5.0,0.0,0.0,12,,3,,inconnu,,,45.723536,10.841905,Q1494024,https://fr.wikipedia.org/wiki/Montagnes_autour_du_lac_de_Garde,http://commons.wikimedia.org/wiki/Special:FilePath/Lago%20Garda%20STS081-717-66.jpg
,,Mont Somma,sommets,wikidata,Naples,3,,67.9,43.3,0.0,9.7,8.0,5.0,0.0,0.0,14,,3,,inconnu,,,40.821667,14.426111,Q729873,https://fr.wikipedia.org/wiki/Mont_Somma,http://commons.wikimedia.org/wiki/Special:FilePath/Monte%20Vesubio%20%28desde%20sat%C3%A9lite%29.jpg
,,Sabotin,sommets,wikidata,Gorizia,3,,67.4,43.3,0.0,10.9,8.0,5.0,0.0,0.0,14,,4,,inconnu,,,45.988414,13.634781,Q3861947,https://fr.wikipedia.org/wiki/Sabotin,http://commons.wikimedia.org/wiki/Special:FilePath/Sabotin%20hill%2C%20Slovenia.jpg
,,Grigne,sommets,wikidata,Lecco,3,,67.3,39.8,0.0,14.1,8.0,5.0,0.0,0.0,11,,3,,inconnu,,,45.953333,9.387500,Q1060445,https://fr.wikipedia.org/wiki/Cha%C3%AEne_des_Grigne,http://commons.wikimedia.org/wiki/Special:FilePath/Grignone%20%28113978737%29.jpeg
,,Monte Maggiorasca,sommets,wikidata,Gênes,3,,67.2,44.4,0.0,9.5,8.0,5.0,0.0,0.0,15,,3,,inconnu,,,44.550000,9.483333,Q1515769,https://fr.wikipedia.org/wiki/Mont_Maggiorasca,http://commons.wikimedia.org/wiki/Special:FilePath/Monte%20Maggiorasca.jpg
,,Monts Volsins,sommets,wikidata,Viterbo,3,,67.2,41.0,0.0,13.0,8.0,5.0,0.0,0.0,12,,2,,inconnu,,,42.666667,11.916667,Q1082965,https://fr.wikipedia.org/wiki/Monts_Volsins,http://commons.wikimedia.org/wiki/Special:FilePath/1lago%20da%20san%20vittore.JPG
,,Pomagagnon,sommets,wikidata,Belluno,3,,67.0,39.8,0.0,14.0,8.0,5.0,0.0,0.0,11,,4,,inconnu,,,46.571667,12.143333,Q3493796,https://fr.wikipedia.org/wiki/Pomagagnon,http://commons.wikimedia.org/wiki/Special:FilePath/Pomagagnon0001.jpg
,,Préalpes vicentines,sommets,wikidata,Vicence,3,,67.0,39.8,0.0,13.1,8.0,5.0,0.0,0.0,11,,3,,inconnu,,,45.788108,11.338717,Q937540,https://fr.wikipedia.org/wiki/Pr%C3%A9alpes_vicentines,http://commons.wikimedia.org/wiki/Special:FilePath/Becco%20di%20Filadonna.JPG
,,Mont Bignone,sommets,wikidata,Imperia,3,,66.9,35.2,0.0,18.0,8.0,5.0,0.0,0.0,8,,3,,inconnu,,,43.871111,7.738333,Q957378,https://fr.wikipedia.org/wiki/Mont_Bignone,http://commons.wikimedia.org/wiki/Special:FilePath/Monte%20Bignone%20-%20Church.png
,,Montiferru,sommets,wikidata,Oristano,3,,66.9,42.2,0.0,10.9,8.0,5.0,0.0,0.0,13,,2,,inconnu,,,40.143611,8.608056,Q1077628,https://fr.wikipedia.org/wiki/Montiferru,http://commons.wikimedia.org/wiki/Special:FilePath/Cuglieri.jpg
,,Mont Terminillo,sommets,wikidata,Rieti,3,,66.6,44.4,0.0,8.5,8.0,5.0,0.0,0.0,15,,1,,inconnu,,,42.473270,12.997320,Q953994,https://fr.wikipedia.org/wiki/Mont_Terminillo,http://commons.wikimedia.org/wiki/Special:FilePath/Monte%20Terminillo.jpg
,,Mont Toc,sommets,wikidata,Belluno,3,,66.6,42.2,0.0,9.7,8.0,5.0,0.0,0.0,13,,2,,inconnu,,,46.233333,12.333333,Q2457847,https://fr.wikipedia.org/wiki/Mont_Toc,http://commons.wikimedia.org/wiki/Special:FilePath/Monte%20Toc%20%28190845863%29.jpeg
,,Mont Époméo,sommets,wikidata,Naples,3,,66.6,43.3,0.0,8.0,8.0,5.0,0.0,0.0,14,,2,,inconnu,,,40.730129,13.895140,Q729764,https://fr.wikipedia.org/wiki/Mont_%C3%89pom%C3%A9o,http://commons.wikimedia.org/wiki/Special:FilePath/Epomeo.jpg
,,Monts Lattari,sommets,wikidata,Naples,3,,66.6,45.3,0.0,7.3,8.0,5.0,0.0,0.0,16,,2,,inconnu,,,40.650000,14.500000,Q929453,https://fr.wikipedia.org/wiki/Monts_Lattari,http://commons.wikimedia.org/wiki/Special:FilePath/Salerno-PanoramaMazzoDellaSignora-v2.jpg
,,Mont Conero,sommets,wikidata,Ancône,3,,66.2,43.3,0.0,8.8,8.0,5.0,0.0,0.0,14,,2,,inconnu,,,43.551500,13.605200,Q1479762,https://fr.wikipedia.org/wiki/Mont_Conero,http://commons.wikimedia.org/wiki/Special:FilePath/Sirolo-vista%20conero.jpg
,,Mont Fumaiolo,sommets,wikidata,Forlì-Cesena,3,,66.1,44.4,0.0,7.9,8.0,5.0,0.0,0.0,15,,2,,inconnu,,,43.787556,12.076097,Q580842,https://fr.wikipedia.org/wiki/Mont_Fumaiolo,http://commons.wikimedia.org/wiki/Special:FilePath/Tibre%20st%C3%A8le%20a%20la%20source.jpg
,,Mont Solaro,sommets,wikidata,Naples,3,,66.1,44.4,0.0,7.5,8.0,5.0,0.0,0.0,15,,2,,inconnu,,,40.544444,14.223889,Q3322117,https://fr.wikipedia.org/wiki/Mont_Solaro,http://commons.wikimedia.org/wiki/Special:FilePath/Campania%20Capri%20from%20Monte%20Solaro.jpg
,,Massif de l'Ortles,sommets,wikidata,Bolzano,3,,66.0,38.4,0.0,13.6,8.0,5.0,0.0,0.0,10,,4,,inconnu,,,46.508889,10.545000,Q63521967,https://fr.wikipedia.org/wiki/Massif_de_l%27Ortles,http://commons.wikimedia.org/wiki/Special:FilePath/Innersulden%20K%C3%B6nigspitze%20Zebr%C3%B9%20Ortler.jpg
,,Mont Arci,sommets,wikidata,Oristano,3,,65.9,41.0,0.0,11.1,8.0,5.0,0.0,0.0,12,,2,,inconnu,,,39.777778,8.745000,Q660633,https://fr.wikipedia.org/wiki/Mont_Arci,http://commons.wikimedia.org/wiki/Special:FilePath/Monte%20Arci%20%2801%29.jpg
,,Mont Barone,sommets,wikidata,Biella,3,,65.8,39.8,0.0,12.8,8.0,5.0,0.0,0.0,11,,2,,inconnu,,,45.737500,8.153333,Q585018,https://fr.wikipedia.org/wiki/Mont_Barone,http://commons.wikimedia.org/wiki/Special:FilePath/Monte%20Barone.JPG
,,Mont Éryx,sommets,wikidata,Trapani,3,,65.8,38.4,0.0,13.0,8.0,5.0,0.0,0.0,10,,1,,inconnu,,,38.035300,12.592100,Q3861524,https://fr.wikipedia.org/wiki/Mont_%C3%89ryx,http://commons.wikimedia.org/wiki/Special:FilePath/Nubia%20-%20saline%20e%20vetta%20d%27Erice.JPG
,,Apennins tosco-émiliens,sommets,wikidata,Modène,3,,65.7,36.8,0.0,14.5,8.0,5.0,0.0,0.0,9,,2,,inconnu,,,44.193611,10.701278,Q926133,https://fr.wikipedia.org/wiki/Apennin_tosco-%C3%A9milien,http://commons.wikimedia.org/wiki/Special:FilePath/Monte%20Cimone%20versante%20nord.jpg
,,Monts Héréens,sommets,wikidata,Enna,3,,65.6,41.0,0.0,11.3,8.0,5.0,0.0,0.0,12,,1,,inconnu,,,37.416667,14.350000,Q609465,https://fr.wikipedia.org/wiki/Monts_H%C3%A9r%C3%A9ens,http://commons.wikimedia.org/wiki/Special:FilePath/Monti-Erei-map-bjs.jpg
,,Mont Ortigara,sommets,wikidata,Vicence,3,,65.4,43.3,0.0,8.8,8.0,5.0,0.0,0.0,14,,1,,inconnu,,,46.007222,11.507778,Q2717091,https://fr.wikipedia.org/wiki/Mont_Ortigara,http://commons.wikimedia.org/wiki/Special:FilePath/Monte%20Ortigara.JPG
,,Montale,sommets,wikidata,Rimini,3,,65.4,44.4,0.0,7.5,8.0,5.0,0.0,0.0,15,,1,,inconnu,,,43.930100,12.452600,Q2224877,https://fr.wikipedia.org/wiki/Montale_(Saint-Marin),http://commons.wikimedia.org/wiki/Special:FilePath/Montale%20Tower.jpg
,,Mont Velino,sommets,wikidata,L'Aquila,3,,65.1,43.3,0.0,8.4,8.0,5.0,0.0,0.0,14,,2,,inconnu,,,42.150000,13.366667,Q2631149,https://fr.wikipedia.org/wiki/Mont_Velino,http://commons.wikimedia.org/wiki/Special:FilePath/Vette%20gemelle%20del%20Monte%20Velino.jpg
,,Monts Herniques,sommets,wikidata,L'Aquila,3,,64.8,39.8,0.0,11.7,8.0,5.0,0.0,0.0,11,,2,,inconnu,,,41.803900,13.488800,Q957717,https://fr.wikipedia.org/wiki/Monts_Herniques,http://commons.wikimedia.org/wiki/Special:FilePath/Monti%20Ernici.jpg
,,Alpe di Succiso,sommets,wikidata,Reggio d'Émilie,3,,64.6,43.3,0.0,8.2,8.0,5.0,0.0,0.0,14,,1,,inconnu,,,44.332778,10.195556,Q1810954,https://fr.wikipedia.org/wiki/Alpe_di_Succiso,http://commons.wikimedia.org/wiki/Special:FilePath/Alpesucciso.jpg
,,Pizzo Carbonara,sommets,wikidata,Palerme,3,,64.6,43.3,0.0,7.3,8.0,5.0,0.0,0.0,14,,1,,inconnu,,,37.894167,14.025278,Q965689,https://fr.wikipedia.org/wiki/Pizzo_Carbonara,http://commons.wikimedia.org/wiki/Special:FilePath/Pizzo%20Carbonara.jpg
,,Colma di Mombarone,sommets,wikidata,Turin,3,,64.1,38.4,0.0,12.6,8.0,5.0,0.0,0.0,10,,2,,inconnu,,,45.586008,7.893007,Q1637553,https://fr.wikipedia.org/wiki/Colma_di_Mombarone,http://commons.wikimedia.org/wiki/Special:FilePath/Mombarone%20da%20bollengo.jpg
,,Creta di Aip,sommets,wikidata,Udine,3,,64.0,42.2,0.0,8.7,8.0,5.0,0.0,0.0,13,,4,,inconnu,,,46.570541,13.216562,Q2934857,https://fr.wikipedia.org/wiki/Creta_di_Aip,http://commons.wikimedia.org/wiki/Special:FilePath/Aip.jpg
,,Serres calabraises,sommets,wikidata,Vibo Valentia,3,,63.9,39.8,0.0,10.8,8.0,5.0,0.0,0.0,11,,2,,inconnu,,,38.529167,16.345000,Q117670,https://fr.wikipedia.org/wiki/Serres_calabraises,http://commons.wikimedia.org/wiki/Special:FilePath/Il%20Fall%C3%A0.%20Sullo%20sfondo%20le%20montagne%20delle%20Serre%20con%20il%20Monte%20Cucco.jpg
,,Mont Capanne,sommets,wikidata,Livourne,3,,63.7,43.3,0.0,6.1,8.0,5.0,0.0,0.0,14,,1,,inconnu,,,42.771148,10.167469,Q1752113,https://fr.wikipedia.org/wiki/Mont_Capanne,http://commons.wikimedia.org/wiki/Special:FilePath/Monte%20Capanne%20%28Elba%29%20da%20sud.jpg
,,Mont Poggiolo,sommets,wikidata,Forlì-Cesena,3,,63.6,36.8,0.0,13.5,8.0,5.0,0.0,0.0,9,,1,,inconnu,,,44.201667,11.950000,Q1055253,https://fr.wikipedia.org/wiki/Mont_Poggiolo,http://commons.wikimedia.org/wiki/Special:FilePath/MONTEpoggiolo-col.jpg
,,Pizzo di Gino,sommets,wikidata,Côme,3,,63.6,42.2,0.0,8.3,8.0,5.0,0.0,0.0,13,,3,,inconnu,,,46.123333,9.145278,Q1232330,https://fr.wikipedia.org/wiki/Pizzo_di_Gino,http://commons.wikimedia.org/wiki/Special:FilePath/Pizzo%20di%20Gino.jpg
,,Mont Cermis,sommets,wikidata,Trente,3,,63.4,43.3,0.0,6.7,8.0,5.0,0.0,0.0,14,,4,,inconnu,,,46.242222,11.502500,Q2576260,https://fr.wikipedia.org/wiki/Mont_Cermis,http://commons.wikimedia.org/wiki/Special:FilePath/Cermis%20view.jpg
,,Croz dell'Altissimo,sommets,wikidata,Trente,3,,63.3,35.2,0.0,14.9,8.0,5.0,0.0,0.0,8,,4,,inconnu,,,46.169680,10.941450,Q3698738,https://fr.wikipedia.org/wiki/Croz_dell%27Altissimo,http://commons.wikimedia.org/wiki/Special:FilePath/Rifugio%20Selvata%20-%20Dolomiti%20di%20Brenta.jpg
,,Monts Lépins,sommets,wikidata,Latina,3,,63.3,36.8,0.0,12.6,8.0,5.0,0.0,0.0,9,,1,,inconnu,,,41.580000,13.000000,Q686611,https://fr.wikipedia.org/wiki/Monts_L%C3%A9pins,http://commons.wikimedia.org/wiki/Special:FilePath/Sermoneta%20dall%27alto.png
,,Monte Morello,sommets,wikidata,Florence,3,,63.2,35.2,0.0,14.5,8.0,5.0,0.0,0.0,8,,1,,inconnu,,,43.882200,11.231400,Q3322556,https://fr.wikipedia.org/wiki/Monte_Morello,http://commons.wikimedia.org/wiki/Special:FilePath/Monte%20Morello%20visto%20dalla%20Piana%20Fiorentina.jpg
,,Monts de la Laga,sommets,wikidata,Rieti,3,,63.2,39.8,0.0,10.0,8.0,5.0,0.0,0.0,11,,1,,inconnu,,,42.616667,13.383333,Q838391,https://fr.wikipedia.org/wiki/Monts_de_la_Laga,http://commons.wikimedia.org/wiki/Special:FilePath/Monti%20della%20Laga1.jpg
,,Monte Catria,sommets,wikidata,Pesaro et Urbin,3,,63.1,42.2,0.0,7.6,8.0,5.0,0.0,0.0,13,,2,,inconnu,,,43.461667,12.704444,Q2293161,https://fr.wikipedia.org/wiki/Monte_Catria,http://commons.wikimedia.org/wiki/Special:FilePath/Monte%20Catria%20-%20Visto%20da%20Ripalta%20di%20Arcevia.JPG
,,Serra Dolcedorme,sommets,wikidata,Cosenza,3,,62.9,35.2,0.0,14.0,8.0,5.0,0.0,0.0,8,,2,,inconnu,,,39.894300,16.215900,Q3957956,https://fr.wikipedia.org/wiki/Serra_Dolcedorme,http://commons.wikimedia.org/wiki/Special:FilePath/Il%20versante%20settentrionale%20di%20serra%20Dolcedorme%20%28dalla%20cima%20meridionale%20di%20Serra%20delle%20Ciavole%29.PNG
,,Monts Simbruins,sommets,wikidata,Frosinone,3,,62.2,38.4,0.0,10.3,8.0,5.0,0.0,0.0,10,,1,,inconnu,,,41.791111,13.645833,Q838788,https://fr.wikipedia.org/wiki/Monts_Simbruins,http://commons.wikimedia.org/wiki/Special:FilePath/27%20-%20M.Livata%20M.%20Autore.JPG
,,Mont Lesima,sommets,wikidata,Plaisance,3,,62.1,36.8,0.0,12.2,8.0,5.0,0.0,0.0,9,,1,,inconnu,,,44.679722,9.259722,Q1106893,https://fr.wikipedia.org/wiki/Mont_Lesima,http://commons.wikimedia.org/wiki/Special:FilePath/Lesima.jpg
,,Monte San Primo,sommets,wikidata,Côme,3,,62.0,41.0,0.0,7.6,8.0,5.0,0.0,0.0,12,,3,,inconnu,,,45.916667,9.208889,Q1132166,https://fr.wikipedia.org/wiki/Monte_San_Primo,http://commons.wikimedia.org/wiki/Special:FilePath/MtSanPrimo06.jpg
,,Mont San Vicino,sommets,wikidata,Macerata,3,,61.8,35.2,0.0,13.4,8.0,5.0,0.0,0.0,8,,2,,inconnu,,,43.331660,13.060614,Q3861976,https://fr.wikipedia.org/wiki/Mont_San_Vicino,http://commons.wikimedia.org/wiki/Special:FilePath/MonteSanVicino.JPG
,,Massif de Non,sommets,wikidata,Bolzano,3,,61.6,39.8,0.0,8.7,8.0,5.0,0.0,0.0,11,,4,,inconnu,,,46.534722,11.085833,Q605818,https://fr.wikipedia.org/wiki/Massif_de_Non,http://commons.wikimedia.org/wiki/Special:FilePath/Laugenspitze%20von%20NW.JPG
,,Mont Novegno,sommets,wikidata,Vicence,3,,61.5,35.2,0.0,13.2,8.0,5.0,0.0,0.0,8,,1,,inconnu,,,45.766667,11.316667,Q1449273,https://fr.wikipedia.org/wiki/Mont_Novegno,http://commons.wikimedia.org/wiki/Special:FilePath/Novegno%2C%20passo%20di%20Campedello%20e%20Priafor%C3%A0.jpg
,,Mont Lauro,sommets,wikidata,Catane,3,,61.3,39.8,0.0,8.3,8.0,5.0,0.0,0.0,11,,1,,inconnu,,,37.130000,14.820556,Q1059942,https://fr.wikipedia.org/wiki/Mont_Lauro,http://commons.wikimedia.org/wiki/Special:FilePath/MonteLauro.jpg
,,Mont Linas,sommets,wikidata,Medio Campidano,3,,61.2,38.4,0.0,9.5,8.0,5.0,0.0,0.0,10,,2,,inconnu,,,39.450000,8.616667,Q3861687,https://fr.wikipedia.org/wiki/Mont_Linas,http://commons.wikimedia.org/wiki/Special:FilePath/Montelinas.jpg
,,Mont Nerone,sommets,wikidata,Pesaro et Urbin,3,,61.2,36.8,0.0,11.0,8.0,5.0,0.0,0.0,9,,2,,inconnu,,,43.558333,12.516667,Q1136496,https://fr.wikipedia.org/wiki/Mont_Nerone,http://commons.wikimedia.org/wiki/Special:FilePath/Monte%20Nerone%20vom%20S%C3%BCden.JPG
,,Cervati,sommets,wikidata,Salerne,3,,61.1,41.0,0.0,6.9,8.0,5.0,0.0,0.0,12,,2,,inconnu,,,40.266667,15.466667,Q1139820,https://fr.wikipedia.org/wiki/Cervati,http://commons.wikimedia.org/wiki/Special:FilePath/Monte%20Cervati.jpg
,,Mont Pennino,sommets,wikidata,Pérouse,3,,60.8,39.8,0.0,7.9,8.0,5.0,0.0,0.0,11,,2,,inconnu,,,43.099998,12.865824,Q1112721,https://fr.wikipedia.org/wiki/Mont_Pennino,http://commons.wikimedia.org/wiki/Special:FilePath/Monte%20pennino.JPG
,,Mont de la Gragliasca,sommets,wikidata,Biella,3,,60.7,35.2,0.0,12.5,8.0,5.0,0.0,0.0,8,,2,,inconnu,,,45.664715,7.922520,Q3322219,https://fr.wikipedia.org/wiki/Pointe_de_Gragliasca,http://commons.wikimedia.org/wiki/Special:FilePath/Gragliasca%20dalla%20cresta%20sud.jpg
,,Monte Pisano,sommets,wikidata,Pise,3,,60.5,35.2,0.0,11.3,8.0,5.0,0.0,0.0,8,,1,,inconnu,,,43.750000,10.550000,Q1220969,https://fr.wikipedia.org/wiki/Monte_Pisano,http://commons.wikimedia.org/wiki/Special:FilePath/Panorama%20dai%20Monti%20Pisani.jpg
,,Monte Sernio,sommets,wikidata,Udine,3,,60.3,41.0,0.0,6.2,8.0,5.0,0.0,0.0,12,,4,,inconnu,,,46.475000,13.137670,Q2560918,https://fr.wikipedia.org/wiki/Monte_Sernio,http://commons.wikimedia.org/wiki/Special:FilePath/Mt.%20Sernio%20%28re.%29%2C%20Torre%20Nuviernulis%20und%20Forca%20Nuviernulis.jpg
,,Königsangerspitze,sommets,wikidata,Bolzano,3,,60.0,38.4,0.0,8.6,8.0,5.0,0.0,0.0,10,,4,,inconnu,,,46.706667,11.571389,Q913928,https://fr.wikipedia.org/wiki/Monte_Pascolo,http://commons.wikimedia.org/wiki/Special:FilePath/K%C3%B6nigsangerspitze%20von%20Nordosten.JPG
,,Mont Penice,sommets,wikidata,Plaisance,3,,59.8,35.2,0.0,11.2,8.0,5.0,0.0,0.0,8,,1,,inconnu,,,44.784444,9.316944,Q1089692,https://fr.wikipedia.org/wiki/Mont_Penice,http://commons.wikimedia.org/wiki/Special:FilePath/Monte%20Penice.jpg
,,Campanile di Val Montanaia,sommets,wikidata,Pordenone,3,,59.7,36.8,0.0,9.7,8.0,5.0,0.0,0.0,9,,3,,inconnu,,,46.383333,12.466667,Q670416,https://fr.wikipedia.org/wiki/Campanile_di_Val_Montanaia,http://commons.wikimedia.org/wiki/Special:FilePath/Campanil%20Montanaia%20s.jpg
,,Groupe de Fanes,sommets,wikidata,Bolzano,3,,59.2,36.8,0.0,9.1,8.0,5.0,0.0,0.0,9,,4,,inconnu,,,46.586944,11.988333,Q595212,https://fr.wikipedia.org/wiki/Groupe_de_Fanes,http://commons.wikimedia.org/wiki/Special:FilePath/Dolomiten%20Fanes%20Blau.jpg
,,Mont Sirente,sommets,wikidata,L'Aquila,3,,59.0,36.8,0.0,9.1,8.0,5.0,0.0,0.0,9,,2,,inconnu,,,42.146111,13.611111,Q3322114,https://fr.wikipedia.org/wiki/Mont_Sirente,http://commons.wikimedia.org/wiki/Special:FilePath/Sirente%20Autunno%202005.JPG
,,Mont Penna,sommets,wikidata,Gênes,3,,58.8,38.4,0.0,7.2,8.0,5.0,0.0,0.0,10,,2,,inconnu,,,44.481667,9.492778,Q830251,https://fr.wikipedia.org/wiki/Mont_Penna,http://commons.wikimedia.org/wiki/Special:FilePath/Monte%20Penna.jpg
,,Mont Santu,sommets,wikidata,Sassari,3,,58.5,35.2,0.0,10.0,8.0,5.0,0.0,0.0,8,,2,,inconnu,,,40.578200,8.780300,Q17334557,https://fr.wikipedia.org/wiki/Mont_Santu,http://commons.wikimedia.org/wiki/Special:FilePath/Siligo%20-%20Monte%20Santo%20%2802%29.JPG
,,Cima del Redentore,sommets,wikidata,Pérouse,3,,58.0,35.2,0.0,9.6,8.0,5.0,0.0,0.0,8,,2,,inconnu,,,42.850000,13.233333,Q3676796,https://fr.wikipedia.org/wiki/Cima_del_Redentore,http://commons.wikimedia.org/wiki/Special:FilePath/Cima%20redentore%20pilato.JPG
,,Creta Forata,sommets,wikidata,Udine,3,,57.9,38.4,0.0,6.4,8.0,5.0,0.0,0.0,10,,4,,inconnu,,,46.533333,12.733333,Q2271750,https://fr.wikipedia.org/wiki/Creta_Forata,http://commons.wikimedia.org/wiki/Special:FilePath/Creta%20Forata.jpg
,,Monte Bìvera,sommets,wikidata,Udine,3,,57.9,38.4,0.0,6.5,8.0,5.0,0.0,0.0,10,,4,,inconnu,,,46.441350,12.641990,Q3548146,https://fr.wikipedia.org/wiki/Monte_B%C3%ACvera,http://commons.wikimedia.org/wiki/Special:FilePath/Bivare.jpg
,,Monte Meta,sommets,wikidata,L'Aquila,3,,57.9,36.8,0.0,7.9,8.0,5.0,0.0,0.0,9,,2,,inconnu,,,41.690556,13.936944,Q3861742,https://fr.wikipedia.org/wiki/Monte_Meta,http://commons.wikimedia.org/wiki/Special:FilePath/Parco%20Nazionale%20d%27Abruzzo%2C%20Lazio%20e%20Molise.jpg
,,Monte Chiadenis,sommets,wikidata,Udine,3,,57.8,38.4,0.0,6.3,8.0,5.0,0.0,0.0,10,,4,,inconnu,,,46.626944,12.728056,Q2195498,https://fr.wikipedia.org/wiki/Monte_Chiadenis,http://commons.wikimedia.org/wiki/Special:FilePath/Monte%20Chiadenis%20From%20N%20CarnicAlps.jpg
,,Mont Figogna,sommets,wikidata,Gênes,3,,57.2,36.8,0.0,7.3,8.0,5.0,0.0,0.0,9,,2,,inconnu,,,44.490000,8.863000,Q1065115,https://fr.wikipedia.org/wiki/Mont_Figogna,http://commons.wikimedia.org/wiki/Special:FilePath/Monte%20Figogna.jpg
,,Monte Sagro,sommets,wikidata,Massa-Carrara,3,,57.1,33.3,0.0,10.4,8.0,5.0,0.0,0.0,7,,1,,inconnu,oui,,44.115392,10.159172,Q3322572,https://fr.wikipedia.org/wiki/Monte_Sagro,http://commons.wikimedia.org/wiki/Special:FilePath/Fivizzano%20Monte%20Sagro%20lub%202023-06-29.jpg
,,Monte Crostis,sommets,wikidata,Udine,3,,56.9,36.8,0.0,7.0,8.0,5.0,0.0,0.0,9,,4,,inconnu,,,46.596944,12.891111,Q588000,https://fr.wikipedia.org/wiki/Monte_Crostis,http://commons.wikimedia.org/wiki/Special:FilePath/Coglians.JPG
,,Rittner Horn,sommets,wikidata,Bolzano,3,,56.9,36.8,0.0,7.0,8.0,5.0,0.0,0.0,9,,4,,inconnu,,,46.614750,11.461470,Q2155315,https://fr.wikipedia.org/wiki/Corno_del_Renon,http://commons.wikimedia.org/wiki/Special:FilePath/Rittner%20Horn%201.JPG
,,Cima Altemberg,sommets,wikidata,Vercelli,3,,56.6,35.2,0.0,8.4,8.0,5.0,0.0,0.0,8,,1,,inconnu,,,45.936400,8.203780,Q3676718,https://fr.wikipedia.org/wiki/Cima_Altemberg,http://commons.wikimedia.org/wiki/Special:FilePath/Lagoaltemberg.jpg
,,Monte Sibilla,sommets,wikidata,Ascoli Piceno,3,,56.6,36.8,0.0,6.6,8.0,5.0,0.0,0.0,9,,2,,inconnu,,,42.900000,13.261944,Q3862016,https://fr.wikipedia.org/wiki/Monte_Sibilla,http://commons.wikimedia.org/wiki/Special:FilePath/Montefortino%2C%20veduta%20sul%20Monte%20Sibilla.JPG
,,Monti Ausoni,sommets,wikidata,Frosinone,3,,56.3,41.0,0.0,10.2,0.0,5.0,0.0,0.0,12,,1,aucune photo,inconnu,,,41.420000,13.330000,Q595477,https://fr.wikipedia.org/wiki/Monts_Ausons,
,,Monte Bisbino,sommets,wikidata,Côme,3,,55.7,35.2,0.0,7.3,8.0,5.0,0.0,0.0,8,,3,,inconnu,,,45.873660,9.066470,Q3861242,https://fr.wikipedia.org/wiki/Monte_Bisbino,http://commons.wikimedia.org/wiki/Special:FilePath/MonteBisbino%20da%20Bizzarone.JPG
,,Fantiscritti,sommets,wikidata,Massa-Carrara,3,,55.5,31.1,0.0,10.9,8.0,5.0,0.0,0.0,6,,1,,inconnu,oui,,44.090005,10.133976,Q1395937,https://fr.wikipedia.org/wiki/Fantiscritti,http://commons.wikimedia.org/wiki/Special:FilePath/Carrara%2C%20colonnata%2C%20cava%20dei%20fantiscritti%2003.jpg
,,Mont Rovella,sommets,wikidata,Biella,3,,55.4,28.7,0.0,13.6,8.0,5.0,0.0,0.0,5,,2,,inconnu,oui,,45.624538,8.131372,Q3322070,https://fr.wikipedia.org/wiki/Mont_Rovella,http://commons.wikimedia.org/wiki/Special:FilePath/Rovella%20da%20pettinengo.jpg
,,Monts Alburni,sommets,wikidata,Salerne,3,,55.2,35.2,0.0,6.8,8.0,5.0,0.0,0.0,8,,2,,inconnu,,,40.550000,15.316667,Q266587,https://fr.wikipedia.org/wiki/Monts_Alburni,http://commons.wikimedia.org/wiki/Special:FilePath/Alburni%20e%20Valle%20del%20Tanagro%20visti%20da%20Caggiano%2006.JPG
,,Appennino Abruzzese,sommets,wikidata,Teramo,3,,55.1,47.1,0.0,0.0,8.0,0.0,0.0,0.0,18,,2,,inconnu,,,42.468611,13.561944,Q331635,,http://commons.wikimedia.org/wiki/Special:FilePath/Gran%20sasso.jpg
,,Monte Priora,sommets,wikidata,Fermo,3,,55.1,35.2,0.0,6.8,8.0,5.0,0.0,0.0,8,,1,,inconnu,,,42.933611,13.241111,Q3861875,https://fr.wikipedia.org/wiki/Monte_Priora,http://commons.wikimedia.org/wiki/Special:FilePath/Amandola%20Via%20dello%20Statuto.jpg
,,Mont Gelbison,sommets,wikidata,Salerne,3,,55.0,35.2,0.0,6.7,8.0,5.0,0.0,0.0,8,,2,,inconnu,,,40.223333,15.349167,Q1635935,https://fr.wikipedia.org/wiki/Mont_Gelbison,http://commons.wikimedia.org/wiki/Special:FilePath/Monte%20Sacro%203.JPG
,,Pizzo Camino,sommets,wikidata,Brescia,3,,55.0,35.2,0.0,6.7,8.0,5.0,0.0,0.0,8,,2,,inconnu,,,45.983056,10.177222,Q3786473,https://fr.wikipedia.org/wiki/Pizzo_Camino,http://commons.wikimedia.org/wiki/Special:FilePath/CimoneBagozza%20PCamino01.JPG
,,Mont Alpi,sommets,wikidata,Potenza,3,,54.8,35.2,0.0,6.5,8.0,5.0,0.0,0.0,8,,2,,inconnu,,,40.121667,15.977222,Q3861183,https://fr.wikipedia.org/wiki/Mont_Alpi,http://commons.wikimedia.org/wiki/Special:FilePath/Monte%20Alpi.jpg
,,Monte Bove,sommets,wikidata,Macerata,3,,54.7,35.2,0.0,6.4,8.0,5.0,0.0,0.0,8,,2,,inconnu,,,42.936000,13.190300,Q1091732,https://fr.wikipedia.org/wiki/Monte_Bove,http://commons.wikimedia.org/wiki/Special:FilePath/Monte%20Bove%20Sud.jpg
,,Monte Amariana,sommets,wikidata,Udine,3,,54.5,35.2,0.0,6.1,8.0,5.0,0.0,0.0,8,,4,,inconnu,,,46.401940,13.081390,Q1092929,https://fr.wikipedia.org/wiki/Monte_Amariana,http://commons.wikimedia.org/wiki/Special:FilePath/Mariane.jpg
,,Montagnola senese,sommets,wikidata,Sienne,3,,53.9,35.2,0.0,5.6,8.0,5.0,0.0,0.0,8,,1,,inconnu,,,43.365833,11.200000,Q1945513,https://fr.wikipedia.org/wiki/Montagnola_Senese,http://commons.wikimedia.org/wiki/Special:FilePath/MontagnolaSeneseDaMonteriggioni.JPG
,,Gridone,sommets,wikidata,Verbano-Cusio-Ossola,3,,52.4,44.4,0.0,0.0,8.0,0.0,0.0,0.0,15,,2,,inconnu,,,46.123361,8.648028,Q155031,,http://commons.wikimedia.org/wiki/Special:FilePath/Gridonegipfel.jpg
,,Cima dello Stagn,sommets,wikidata,Côme,3,,51.3,43.3,0.0,0.0,8.0,0.0,0.0,0.0,14,,3,,inconnu,,,46.208389,9.202250,Q742377,,http://commons.wikimedia.org/wiki/Special:FilePath/Cima%20dello%20Stagn.jpg
,,Col di Lana,sommets,wikidata,Belluno,3,,50.2,42.2,0.0,0.0,8.0,0.0,0.0,0.0,13,,2,,inconnu,,,46.490000,11.970000,Q428308,,http://commons.wikimedia.org/wiki/Special:FilePath/Col%20di%20Lana%2C%202462%20m%2C%20links%20und%20Monte%20Sief%2C%202424%20m.jpg
,,Gazzirola,sommets,wikidata,Côme,3,,50.2,42.2,0.0,0.0,8.0,0.0,0.0,0.0,13,,3,,inconnu,,,46.118056,9.072500,Q2817359,,http://commons.wikimedia.org/wiki/Special:FilePath/Gazzirola.jpg
,,Lugano Prealps,sommets,wikidata,Côme,3,,50.2,42.2,0.0,0.0,8.0,0.0,0.0,0.0,13,,3,,inconnu,,,46.100833,9.205556,Q677220,,http://commons.wikimedia.org/wiki/Special:FilePath/Monte%20San%20Primo.jpg
,,Monte Boglia,sommets,wikidata,Côme,3,,50.2,42.2,0.0,0.0,8.0,0.0,0.0,0.0,13,,2,,inconnu,,,46.029781,9.007800,Q870031,,http://commons.wikimedia.org/wiki/Special:FilePath/Monte%20Boglia.jpg
,,Resegone,sommets,wikidata,Lecco,3,,50.2,42.2,0.0,0.0,8.0,0.0,0.0,0.0,13,,1,,inconnu,,,45.858333,9.468889,Q1231343,,http://commons.wikimedia.org/wiki/Special:FilePath/Resegone%20summit%20ridge.JPG
,,Rieserferner Group,sommets,wikidata,Bolzano,3,,50.2,42.2,0.0,0.0,8.0,0.0,0.0,0.0,13,,4,,inconnu,,,46.912500,12.141700,Q456137,,http://commons.wikimedia.org/wiki/Special:FilePath/Hochgall%20fromW.jpg
,,Roccamonfina,sommets,wikidata,Caserta,3,,50.2,42.2,0.0,0.0,8.0,0.0,0.0,0.0,13,,1,,inconnu,,,41.293563,13.969195,Q898155,,http://commons.wikimedia.org/wiki/Special:FilePath/Roccamonfina%20volcano.jpg
,,Monte Argentella,sommets,wikidata,Ascoli Piceno,3,,49.3,35.2,0.0,9.0,0.0,5.0,0.0,0.0,8,,2,aucune photo,inconnu,,,42.858611,13.255833,Q589711,https://fr.wikipedia.org/wiki/Monte_Argentella,
,,Denti della Vecchia,sommets,wikidata,Côme,3,,49.0,41.0,0.0,0.0,8.0,0.0,0.0,0.0,12,,2,,inconnu,,,46.052828,9.023069,Q683664,,http://commons.wikimedia.org/wiki/Special:FilePath/Dentidellavecchia01.jpg
,,Ortobene,sommets,wikidata,Nuoro,3,,49.0,41.0,0.0,0.0,8.0,0.0,0.0,0.0,12,,1,,inconnu,,,40.321331,9.371281,Q1945886,,http://commons.wikimedia.org/wiki/Special:FilePath/Nuoro%20-%20Il%20Monte%20Ortobene.jpg
,,Rocca Busambra,sommets,wikidata,Palerme,3,,49.0,41.0,0.0,0.0,8.0,0.0,0.0,0.0,12,,1,,inconnu,,,37.855556,13.397222,Q1772490,,http://commons.wikimedia.org/wiki/Special:FilePath/Rocca%20Busambra%20Ficuzza%200118.JPG
,,Ticino Alps,sommets,wikidata,Verbano-Cusio-Ossola,3,,49.0,41.0,0.0,0.0,8.0,0.0,0.0,0.0,12,,2,,inconnu,,,46.411667,8.468333,Q692858,,http://commons.wikimedia.org/wiki/Special:FilePath/Maggia%20fg19.jpg
,,Mont Prelà,sommets,wikidata,Gênes,3,,48.4,36.8,0.0,6.5,0.0,5.0,0.0,0.0,9,,2,aucune photo,inconnu,,,44.539870,9.156630,Q940602,https://fr.wikipedia.org/wiki/Mont_Prel%C3%A0,
,,Adamello,sommets,wikidata,Brescia,3,,47.8,39.8,0.0,0.0,8.0,0.0,0.0,0.0,11,,1,,inconnu,,,46.114300,10.372800,Q351592,,http://commons.wikimedia.org/wiki/Special:FilePath/Adamello%20III.jpg
,,Matese,sommets,wikidata,Isernia,3,,47.8,39.8,0.0,0.0,8.0,0.0,0.0,0.0,11,,1,,inconnu,,,41.450000,14.370000,Q898150,,http://commons.wikimedia.org/wiki/Special:FilePath/Matese%20viewed%20from%20Ariano.jpg
,,Mont Forno,sommets,wikidata,Udine,3,,47.8,39.8,0.0,0.0,8.0,0.0,0.0,0.0,11,,4,,inconnu,,,46.522986,13.714089,Q3309,,http://commons.wikimedia.org/wiki/Special:FilePath/Dreil%C3%A4ndereck-Monte%20Forno.JPG
,,Monte Galero,sommets,wikidata,Cuneo,3,,47.8,39.8,0.0,0.0,8.0,0.0,0.0,0.0,11,,2,,inconnu,,,44.156111,8.015278,Q250142,,http://commons.wikimedia.org/wiki/Special:FilePath/Monte%20Galero%20da%20ovest%20a%20sin%20colle%20san%20bernardo.jpg
,,Monte Massico,sommets,wikidata,Caserta,3,,47.8,39.8,0.0,0.0,8.0,0.0,0.0,0.0,11,,1,,inconnu,,,41.176111,13.919167,Q586646,,http://commons.wikimedia.org/wiki/Special:FilePath/Sessa%20Aurunca%20sud-est.jpg
,,Monte Mucrone,sommets,wikidata,Biella,3,,47.8,39.8,0.0,0.0,8.0,0.0,0.0,0.0,11,,2,,inconnu,,,45.620356,7.944663,Q3861764,,http://commons.wikimedia.org/wiki/Special:FilePath/Il%20Monte%20Mucrone%20dal%20sentiero%20che%20sale%20al%20Monte%20Becco.jpg
,,Monte Rasu,sommets,wikidata,Sassari,3,,47.8,39.8,0.0,0.0,8.0,0.0,0.0,0.0,11,,1,,inconnu,,,40.422186,9.006644,Q732021,,http://commons.wikimedia.org/wiki/Special:FilePath/Monte%20Rasu%20%2802%29.JPG
,,Plateau des Lessini,sommets,wikidata,Vérone,3,,47.8,39.8,0.0,0.0,8.0,0.0,0.0,0.0,11,,1,,inconnu,,,45.586943,11.132735,Q3830938,,http://commons.wikimedia.org/wiki/Special:FilePath/Alta%20Lessinia%20in%20inverno.jpg
,,Roen,sommets,wikidata,Bolzano,3,,47.8,39.8,0.0,0.0,8.0,0.0,0.0,0.0,11,,4,,inconnu,,,46.360000,11.192222,Q913922,,http://commons.wikimedia.org/wiki/Special:FilePath/Roen%20as%20seen%20from%20Karnol%202.JPG
,,Sept-Communes,sommets,wikidata,Vicence,3,,47.8,39.8,0.0,0.0,8.0,0.0,0.0,0.0,11,,1,,inconnu,,,45.900000,11.500000,Q223019,,http://commons.wikimedia.org/wiki/Special:FilePath/Sette%20Comuni%201.jpg
,,Cima Verosso,sommets,wikidata,Verbano-Cusio-Ossola,3,,46.4,38.4,0.0,0.0,8.0,0.0,0.0,0.0,10,,1,,inconnu,,,46.146944,8.156111,Q5120054,,http://commons.wikimedia.org/wiki/Special:FilePath/Gipfelkreuz%20auf%20dem%20Cima%20Verosso.jpg
,,Cima di Fojorina,sommets,wikidata,Côme,3,,46.4,38.4,0.0,0.0,8.0,0.0,0.0,0.0,10,,2,,inconnu,,,46.062636,9.072853,Q3676823,,http://commons.wikimedia.org/wiki/Special:FilePath/Gana%2026.04.08%20031.jpg
,,Monte Bregagno,sommets,wikidata,Côme,3,,46.4,38.4,0.0,0.0,8.0,0.0,0.0,0.0,10,,2,,inconnu,,,46.097222,9.221111,Q1405489,,http://commons.wikimedia.org/wiki/Special:FilePath/MonteBregagno0001.jpg
,,Monte Cadria,sommets,wikidata,Trente,3,,46.4,38.4,0.0,0.0,8.0,0.0,0.0,0.0,10,,4,,inconnu,,,45.938642,10.698578,Q1545440,,http://commons.wikimedia.org/wiki/Special:FilePath/MonteCadria-2017-06-20-DalSud-Zoom.jpg
,,Monte Colombano,sommets,wikidata,Turin,3,,46.4,38.4,0.0,0.0,8.0,0.0,0.0,0.0,10,,1,,inconnu,,,45.199652,7.431398,Q3861469,,http://commons.wikimedia.org/wiki/Special:FilePath/Monte%20colombano%20%28visto%20dalla%20quota%201620%20a%20sud%20del%20punto%20culminante%29.jpg
,,Poncione d'Arzo,sommets,wikidata,Varese,3,,46.4,38.4,0.0,0.0,8.0,0.0,0.0,0.0,10,,1,,inconnu,,,45.891810,8.927150,Q7227633,,http://commons.wikimedia.org/wiki/Special:FilePath/Poncione%20d%27Arzo%20Pravello%20Orsa%20hor.png
,,Prestreljenik,sommets,wikidata,Udine,3,,46.4,38.4,0.0,0.0,8.0,0.0,0.0,0.0,10,,4,,inconnu,,,46.361770,13.472070,Q11827076,,http://commons.wikimedia.org/wiki/Special:FilePath/Prestreljenik%201.JPG
,,Sass de Stria,sommets,wikidata,Belluno,3,,46.4,38.4,0.0,0.0,8.0,0.0,0.0,0.0,10,,2,,inconnu,,,46.521111,11.996944,Q377267,,http://commons.wikimedia.org/wiki/Special:FilePath/Hexenstein%20from%20Passo%20di%20Falzarego.JPG
,,Sighignola,sommets,wikidata,Côme,3,,46.4,38.4,0.0,0.0,8.0,0.0,0.0,0.0,10,,2,,inconnu,,,45.968333,8.993333,Q869886,,http://commons.wikimedia.org/wiki/Special:FilePath/Sighignola%20seen%20from%20Monte%20San%20Salvatore.JPG
,,Cima Palon,sommets,wikidata,Trente,3,,44.8,36.8,0.0,0.0,8.0,0.0,0.0,0.0,9,,4,,inconnu,,,45.792230,11.176537,Q3676757,,http://commons.wikimedia.org/wiki/Special:FilePath/Monte%20Pasubio.jpg
,,Monte Antola,sommets,wikidata,Alessandria,3,,44.8,36.8,0.0,0.0,8.0,0.0,0.0,0.0,9,,1,,inconnu,,,44.574444,9.149722,Q21097741,,http://commons.wikimedia.org/wiki/Special:FilePath/Monte%20Antola.JPG
,,Monte Armetta,sommets,wikidata,Cuneo,3,,44.8,36.8,0.0,0.0,8.0,0.0,0.0,0.0,9,,1,,inconnu,,,44.136900,7.939530,Q3861198,,http://commons.wikimedia.org/wiki/Special:FilePath/Monte%20armetta%20da%20dubasso.jpg
,,Monte Beigua,sommets,wikidata,Savone,3,,44.8,36.8,0.0,0.0,8.0,0.0,0.0,0.0,9,,2,,inconnu,,,44.433333,8.565278,Q1299731,,http://commons.wikimedia.org/wiki/Special:FilePath/Antenne%20Beigua.jpg
,,Monte Berlinghera,sommets,wikidata,Côme,3,,44.8,36.8,0.0,0.0,8.0,0.0,0.0,0.0,9,,2,,inconnu,,,46.210944,9.389611,Q1749977,,http://commons.wikimedia.org/wiki/Special:FilePath/Monte%20Berlinghera.jpg
,,Monte Caplone,sommets,wikidata,Trente,3,,44.8,36.8,0.0,0.0,8.0,0.0,0.0,0.0,9,,4,,inconnu,,,45.801944,10.641389,Q3861306,,http://commons.wikimedia.org/wiki/Special:FilePath/Caplone.JPG
,,Monte Consolino,sommets,wikidata,Reggio de Calabre,3,,44.8,36.8,0.0,0.0,8.0,0.0,0.0,0.0,9,,2,,inconnu,,,38.479380,16.461920,Q765929,,http://commons.wikimedia.org/wiki/Special:FilePath/Monte%20Consolino.jpg
,,Monte Frontè,sommets,wikidata,Imperia,3,,44.8,36.8,0.0,0.0,8.0,0.0,0.0,0.0,9,,2,,inconnu,,,44.055175,7.756692,Q3861572,,http://commons.wikimedia.org/wiki/Special:FilePath/Monte%20front%C3%A8%20da%20passo%20garlenda.png
,,Monte San Michele,sommets,wikidata,Gorizia,3,,44.8,36.8,0.0,0.0,8.0,0.0,0.0,0.0,9,,3,,inconnu,,,45.880000,13.530000,Q3861967,,http://commons.wikimedia.org/wiki/Special:FilePath/P39.270-01%20Monte%20S.%20Michele%20Cippo%20a%20Francesco%20Rismondo.jpg
,,Monte Stella,sommets,wikidata,Reggio de Calabre,3,,44.8,36.8,0.0,0.0,8.0,0.0,0.0,0.0,9,,2,,inconnu,,,38.466271,16.441248,Q724206,,http://commons.wikimedia.org/wiki/Special:FilePath/Monte%20Stella.JPG
,,Monte Stivo,sommets,wikidata,Trente,3,,44.8,36.8,0.0,0.0,8.0,0.0,0.0,0.0,9,,4,,inconnu,,,45.921111,10.962500,Q1945934,,http://commons.wikimedia.org/wiki/Special:FilePath/Montestivo.jpg
,,Monte Taccone,sommets,wikidata,Gênes,3,,44.8,36.8,0.0,0.0,8.0,0.0,0.0,0.0,9,,2,,inconnu,,,44.559750,8.849869,Q1945943,,http://commons.wikimedia.org/wiki/Special:FilePath/Monte%20Taccone.jpg
,,Monte Tremalzo,sommets,wikidata,Trente,3,,44.8,36.8,0.0,0.0,8.0,0.0,0.0,0.0,9,,4,,inconnu,,,45.842222,10.699444,Q3862087,,http://commons.wikimedia.org/wiki/Special:FilePath/MonteTremalzo-2012-06-19%2003.JPG
,,Monte Venda,sommets,wikidata,Padoue,3,,44.8,36.8,0.0,0.0,8.0,0.0,0.0,0.0,9,,1,,inconnu,,,45.316667,11.666667,Q1945947,,http://commons.wikimedia.org/wiki/Special:FilePath/Monte%20Venda.JPG
,,Monti Picentini,sommets,wikidata,Salerne,3,,44.8,36.8,0.0,0.0,8.0,0.0,0.0,0.0,9,,1,,inconnu,,,40.750000,15.000000,Q723327,,http://commons.wikimedia.org/wiki/Special:FilePath/Monti%20Picentini.jpg
,,Penegal,sommets,wikidata,Trente,3,,44.8,36.8,0.0,0.0,8.0,0.0,0.0,0.0,9,,4,,inconnu,,,46.438542,11.216703,Q494935,,http://commons.wikimedia.org/wiki/Special:FilePath/Penegal.jpg
,,Pizzo Campanile,sommets,wikidata,Côme,3,,44.8,36.8,0.0,0.0,8.0,0.0,0.0,0.0,9,,2,,inconnu,,,46.232222,9.245556,Q7200016,,http://commons.wikimedia.org/wiki/Special:FilePath/Val%20Cama%20lake%2001.jpg
,,Tifata,sommets,wikidata,Caserta,3,,44.8,36.8,0.0,0.0,8.0,0.0,0.0,0.0,9,,1,,inconnu,,,41.115064,14.279198,Q998123,,http://commons.wikimedia.org/wiki/Special:FilePath/Panoramica%20del%20Monte%20Tifata.jpg
,,Monte San Cristoforo,sommets,wikidata,Rimini,3,,43.3,43.3,0.0,0.0,0.0,0.0,0.0,0.0,14,,1,aucune photo,inconnu,,,43.906944,12.464722,Q2592967,,
,,Apennin campanien,sommets,wikidata,Avellino,3,,43.2,35.2,0.0,0.0,8.0,0.0,0.0,0.0,8,,1,,inconnu,,,40.938100,14.908400,Q3620872,,http://commons.wikimedia.org/wiki/Special:FilePath/Monti%20Picentini.jpg
,,Appennino Siculo,sommets,wikidata,Messine,3,,43.2,35.2,0.0,0.0,8.0,0.0,0.0,0.0,8,,1,,inconnu,,,37.900000,14.500000,Q3620885,,http://commons.wikimedia.org/wiki/Special:FilePath/Boschi%20da%20Cummar%C3%A0.jpg
,,Bulgheria,sommets,wikidata,Salerne,3,,43.2,35.2,0.0,0.0,8.0,0.0,0.0,0.0,8,,1,,inconnu,,,40.066667,15.416667,Q851796,,http://commons.wikimedia.org/wiki/Special:FilePath/Monte%20Bulgheria%20visto%20da%20Bosco%20%28SA%29.jpg
,,Cesen,sommets,wikidata,Trévise,3,,43.2,35.2,0.0,0.0,8.0,0.0,0.0,0.0,8,,1,,inconnu,,,45.947000,12.010550,Q1672403,,http://commons.wikimedia.org/wiki/Special:FilePath/Paesaggio%20dal%20Montello.jpg
,,Cornizzolo,sommets,wikidata,Lecco,3,,43.2,35.2,0.0,0.0,8.0,0.0,0.0,0.0,8,,1,,inconnu,,,45.837235,9.301895,Q1069732,,http://commons.wikimedia.org/wiki/Special:FilePath/Winter%20view%20of%20west%20face%20of%20Monte%20Cornizzolo%201240masl%20-%20Lecco%2C%20Lombardy%2C%20Italy%20-%202021-02-09.jpg
,,Daunian Mountains,sommets,wikidata,Foggia,3,,43.2,35.2,0.0,0.0,8.0,0.0,0.0,0.0,8,,2,,inconnu,,,41.366667,15.150000,Q681035,,http://commons.wikimedia.org/wiki/Special:FilePath/Subappenninodaaccadia.jpg
,,Gantkofel,sommets,wikidata,Bolzano,3,,43.2,35.2,0.0,0.0,8.0,0.0,0.0,0.0,8,,3,,inconnu,,,46.494965,11.209230,Q499264,,http://commons.wikimedia.org/wiki/Special:FilePath/Gantkofel%20over%20Etsch%20valley.jpg
,,Gruppo della Carega,sommets,wikidata,Trente,3,,43.2,35.2,0.0,0.0,8.0,0.0,0.0,0.0,8,,3,,inconnu,,,45.723961,11.130089,Q1057382,,http://commons.wikimedia.org/wiki/Special:FilePath/Rifugio%20Fraccaroli%20e%20Cima%20Carega.JPG
,,Kanin,sommets,wikidata,Udine,3,,43.2,35.2,0.0,0.0,8.0,0.0,0.0,0.0,8,,4,,inconnu,,,46.360278,13.443611,Q3663438,,http://commons.wikimedia.org/wiki/Special:FilePath/ItalyAlpiGiulieMteCanin.jpg
,,Mont Kolovrat,sommets,wikidata,Udine,3,,43.2,35.2,0.0,0.0,8.0,0.0,0.0,0.0,8,,4,,inconnu,,,46.171700,13.673300,Q367792,,http://commons.wikimedia.org/wiki/Special:FilePath/La%20dorsale%20del%20Colovrat%20vista%20da%20Clodig.jpg
,,Mont Labbro,sommets,wikidata,Grosseto,3,,43.2,35.2,0.0,0.0,8.0,0.0,0.0,0.0,8,,1,,inconnu,,,42.820344,11.526064,Q167669,,http://commons.wikimedia.org/wiki/Special:FilePath/Monte%20Labbro.JPG
,,Monte Albo,sommets,wikidata,Nuoro,3,,43.2,35.2,0.0,0.0,8.0,0.0,0.0,0.0,8,,1,,inconnu,,,40.533333,9.583333,Q3861176,,http://commons.wikimedia.org/wiki/Special:FilePath/MonteAlbo%20seen%20from%20SuTempiesu.jpg
,,Monte Altissimo di Nago,sommets,wikidata,Trente,3,,43.2,35.2,0.0,0.0,8.0,0.0,0.0,0.0,8,,3,,inconnu,,,45.800000,10.883333,Q2448521,,http://commons.wikimedia.org/wiki/Special:FilePath/Monte%20Altissimo%20di%20Nago.jpg
,,Monte Cazzola,sommets,wikidata,Verbano-Cusio-Ossola,3,,43.2,35.2,0.0,0.0,8.0,0.0,0.0,0.0,8,,1,,inconnu,,,46.295000,8.237500,Q3861432,,http://commons.wikimedia.org/wiki/Special:FilePath/Alpinista%20raggiunge%20la%20vetta%20del%20Monte%20Cazzola.jpg
,,Monte Ceva,sommets,wikidata,Padoue,3,,43.2,35.2,0.0,0.0,8.0,0.0,0.0,0.0,8,,1,,inconnu,,,45.290278,11.780833,Q3861441,,
,,Monte Chiappo,sommets,wikidata,Pavie,3,,43.2,35.2,0.0,0.0,8.0,0.0,0.0,0.0,8,,1,,inconnu,,,44.687222,9.201667,Q3861448,,http://commons.wikimedia.org/wiki/Special:FilePath/Il%20monte%20chiappo.JPG
,,Monte Civrari,sommets,wikidata,Turin,3,,43.2,35.2,0.0,0.0,8.0,0.0,0.0,0.0,8,,1,,inconnu,,,45.192061,7.327504,Q3861457,,http://commons.wikimedia.org/wiki/Special:FilePath/Punta%20Imperatoria.jpg
,,Monte Fasce,sommets,wikidata,Gênes,3,,43.2,35.2,0.0,0.0,8.0,0.0,0.0,0.0,8,,2,,inconnu,,,44.409444,9.034444,Q1464074,,http://commons.wikimedia.org/wiki/Special:FilePath/Monte%20Fasce.JPG
,,Monte Grona,sommets,wikidata,Côme,3,,43.2,35.2,0.0,0.0,8.0,0.0,0.0,0.0,8,,2,,inconnu,,,46.061889,9.210972,Q338531,,http://commons.wikimedia.org/wiki/Special:FilePath/Monte%20Grona%202.jpg
,,Monte Guglielmo,sommets,wikidata,Brescia,3,,43.2,35.2,0.0,0.0,8.0,0.0,0.0,0.0,8,,1,,inconnu,,,45.755278,10.168056,Q504194,,http://commons.wikimedia.org/wiki/Special:FilePath/Monte%20Guglielmo%20-%20est.jpg
,,Monte Leco,sommets,wikidata,Alessandria,3,,43.2,35.2,0.0,0.0,8.0,0.0,0.0,0.0,8,,1,,inconnu,,,44.564056,8.873434,Q977867,,http://commons.wikimedia.org/wiki/Special:FilePath/Monte%20Leco.jpg
,,Monte Mònega,sommets,wikidata,Imperia,3,,43.2,35.2,0.0,0.0,8.0,0.0,0.0,0.0,8,,1,,inconnu,,,44.036830,7.800590,Q31678237,,http://commons.wikimedia.org/wiki/Special:FilePath/Monte%20Monega%20Ligurian%20Alps%20from%20South.png
,,Monte Padrio,sommets,wikidata,Brescia,3,,43.2,35.2,0.0,0.0,8.0,0.0,0.0,0.0,8,,1,,inconnu,,,46.186667,10.227500,Q3861807,,http://commons.wikimedia.org/wiki/Special:FilePath/Monte%20Padrio%20-%20Guspessa%20%28Foto%20Luca%20Giarelli%29.jpg
,,Monte Pegherolo,sommets,wikidata,Bergame,3,,43.2,35.2,0.0,0.0,8.0,0.0,0.0,0.0,8,,1,,inconnu,,,46.024722,9.712778,Q3861820,,http://commons.wikimedia.org/wiki/Special:FilePath/Montepegherolo1.jpg
,,Monte Pizzocolo,sommets,wikidata,Brescia,3,,43.2,35.2,0.0,0.0,8.0,0.0,0.0,0.0,8,,1,,inconnu,,,45.673056,10.591111,Q1945888,,http://commons.wikimedia.org/wiki/Special:FilePath/Pizzoccolo.JPG
,,Monte Rite,sommets,wikidata,Belluno,3,,43.2,35.2,0.0,0.0,8.0,0.0,0.0,0.0,8,,2,,inconnu,,,46.384444,12.257778,Q1231982,,http://commons.wikimedia.org/wiki/Special:FilePath/Italy%2C%20Dolomites07.JPG
,,Monte delle Figne,sommets,wikidata,Alessandria,3,,43.2,35.2,0.0,0.0,8.0,0.0,0.0,0.0,8,,1,,inconnu,,,44.564167,8.835556,Q1945959,,http://commons.wikimedia.org/wiki/Special:FilePath/Monte%20Figne.jpg
,,Mount Arcuentu,sommets,wikidata,Medio Campidano,3,,43.2,35.2,0.0,0.0,8.0,0.0,0.0,0.0,8,,1,,inconnu,,,39.596000,8.547000,Q3861194,,http://commons.wikimedia.org/wiki/Special:FilePath/Arbus%20-%20Monte%20Arcuentu%20%2801%29.JPG
,,Pal Piccolo,sommets,wikidata,Udine,3,,43.2,35.2,0.0,0.0,8.0,0.0,0.0,0.0,8,,4,,inconnu,,,46.606397,12.957823,Q1746657,,http://commons.wikimedia.org/wiki/Special:FilePath/33026%20Paluzza%2C%20Kleiner%20Pal%2001%202022-10-31.jpg
,,Palanzone,sommets,wikidata,Côme,3,,43.2,35.2,0.0,0.0,8.0,0.0,0.0,0.0,8,,2,,inconnu,,,45.862079,9.201627,Q1152669,,http://commons.wikimedia.org/wiki/Special:FilePath/Palanzone%20seen%20from%20Punta%20Caldera.jpg
,,Schwarzhorn,sommets,wikidata,Trente,3,,43.2,35.2,0.0,0.0,8.0,0.0,0.0,0.0,8,,3,,inconnu,,,46.335047,11.455221,Q1332805,,http://commons.wikimedia.org/wiki/Special:FilePath/Schwarzhorn%20Radein.jpg
,,Taburnus,sommets,wikidata,Benevento,3,,43.2,35.2,0.0,0.0,8.0,0.0,0.0,0.0,8,,1,,inconnu,,,41.108333,14.608333,Q1088931,,http://commons.wikimedia.org/wiki/Special:FilePath/Montesarchio%2C%20Italia%20-%20Monte%20Taburno.jpg
,,Weißhorn,sommets,wikidata,Bolzano,3,,43.2,35.2,0.0,0.0,8.0,0.0,0.0,0.0,8,,3,,inconnu,,,46.354733,11.443291,Q1598119,,http://commons.wikimedia.org/wiki/Special:FilePath/Wei%C3%9Fhorn%202317%20m.jpg
,,Marmontana,sommets,wikidata,Côme,3,,41.0,41.0,0.0,0.0,0.0,0.0,0.0,0.0,12,,2,aucune photo,inconnu,,,46.171889,9.170306,Q3512775,,
,,Cima di Cugn,sommets,wikidata,Côme,3,,38.4,38.4,0.0,0.0,0.0,0.0,0.0,0.0,10,,2,aucune photo,inconnu,,,46.170722,9.161333,Q5120071,,
,,Collio,sommets,wikidata,Gorizia,3,,35.2,35.2,0.0,0.0,0.0,0.0,0.0,0.0,8,,3,aucune photo,inconnu,,,45.986467,13.492469,Q1109872,,
,,Pilone,sommets,wikidata,Verbano-Cusio-Ossola,3,,35.2,35.2,0.0,0.0,0.0,0.0,0.0,0.0,8,,1,aucune photo,inconnu,,,46.218333,8.532500,Q7194306,,
,,Pizzo di Porcaresc,sommets,wikidata,Verbano-Cusio-Ossola,3,,35.2,35.2,0.0,0.0,0.0,0.0,0.0,0.0,8,,1,aucune photo,inconnu,,,46.244444,8.464167,Q7200046,,
